feature,mean_shap,raw_feature
Context: a campaign rally,-0.010921455075196816,context__Context_a campaign rally
Context: an interview on Meet the Press,-0.010856787263712428,context__Context_an interview on Meet the Press
State: Wisconsin,-0.007938657979151895,state__State_Wisconsin
Speaker's job title: Social media posting,-0.0077228255065262185,job__Speaker's job title_Social media posting
Context: a book,-0.007604983988145496,context__Context_a book
State: Georgia,-0.006763794436956032,state__State_Georgia
Speaker's job title: Senator,-0.006046784302524289,job__Speaker's job title_Senator
Speaker's job title: U.S. Senator,-0.005976258522343008,job__Speaker's job title_U.S. Senator
Subject: education,-0.005852459529637848,subject__education
Subject: candidates-biography,-0.005672856971871129,subject__candidates-biography
Context: Denver,-0.00552638647513945,context__Context_Denver
Speaker's job title: Representative,-0.00552638647513945,job__Speaker's job title_Representative
Subject: population,-0.005526381978741442,subject__population
Context: a website,-0.005422747945002802,context__Context_a website
"Speaker's job title: (other, less common)",-0.005275425281597126,job__Speaker's job title_infrequent_sklearn
Context: a speech at the Democratic National Convention,-0.005221289475761722,context__Context_a speech at the Democratic National Convention
Context: a chain e-mail,-0.005006857976997766,context__Context_a chain e-mail
worst,-0.004906168097069091,text__worst
State: New Jersey,-0.004851253235220549,state__State_New Jersey
Subject: campaign-advertising,-0.004845524596422684,subject__campaign-advertising
grown,-0.004812001241048434,text__grown
Subject: fake-news,-0.004809498976819612,subject__fake-news
Speaker's job title: Former governor of Michigan,-0.0045715043450596455,job__Speaker's job title_Former governor of Michigan
Speaker's job title: Former U.S. Senator,-0.004425040154545558,job__Speaker's job title_Former U.S. Senator
Context: a House floor debate,-0.004425040154545558,context__Context_a House floor debate
Speaker's job title: Radio host,-0.004166208597799804,job__Speaker's job title_Radio host
produce,-0.004016319883992896,text__produc
grown percent,-0.003970374977765267,text__grown percent
Subject: message-machine-2014,-0.003942321598276776,subject__message-machine-2014
Context: an interview on MSNBC,-0.0038368233361477508,context__Context_an interview on MSNBC
"Speaker's job title: U.S. representative, Florida District 22",-0.0037950635642989465,"job__Speaker's job title_U.S. representative, Florida District 22"
huckabee,-0.0037862615434362356,text__huckabe
genetically,-0.0037651872330040827,text__genet
State: Pennsylvania,-0.003737968660245326,state__State_Pennsylvania
attend record,-0.0037133349459802126,text__attend record
Speaker's job title: Ohio attorney general,-0.003709535936342155,job__Speaker's job title_Ohio attorney general
Subject: obama-birth-certificate,-0.003532732473963406,subject__obama-birth-certificate
Subject: patriotism,-0.0034832434362268914,subject__patriotism
newport,-0.003440058348380279,text__newport
per students,-0.003286496695255938,text__per student
Context: a Twitter post,-0.003270874799403686,context__Context_a Twitter post
Subject: history,-0.00311684123685638,subject__history
says united,-0.0031139378242218685,text__say unit
"Context: St. Paul, Minn.",-0.003107063645841641,"context__Context_St. Paul, Minn."
mike huckabee,-0.0030366384493566395,text__mike huckabe
income inequality,-0.0030205725585236137,text__incom inequ
ranks first,-0.0030161409282714103,text__rank first
charter school,-0.0029158108553977444,text__charter school
Party: organization,-0.0028911905739228134,party__Party_organization
Context: an interview with The Plain Dealer,-0.0028742655130263813,context__Context_an interview with The Plain Dealer
Speaker's job title: Former White House Press Secretary,-0.0028742655130263813,job__Speaker's job title_Former White House Press Secretary
Context: his State of the State address.,-0.0028742655130263813,context__Context_his State of the State address.
education state,-0.0028610287346535488,text__educ state
wade,-0.0028023103046222898,text__wade
State: Vermont,-0.0027975352166469767,state__State_Vermont
Context: an MSNBC interview,-0.0027426789714395067,context__Context_an MSNBC interview
rest country,-0.002702483379679276,text__rest countri
still get,-0.002696450175429606,text__still get
florida ranks,-0.002677417000864171,text__florida rank
americans killed,-0.0026368412619346146,text__american kill
since,-0.0025741891150702586,text__sinc
roe wade,-0.0025237590771403366,text__roe wade
Subject: message-machine,-0.0024984516461115046,subject__message-machine
show,-0.002494578107075802,text__show
State: Oregon,-0.0024886440589432673,state__State_Oregon
mccain voted,-0.0024884817785333206,text__mccain vote
Context: a commentary,-0.002420553514127172,context__Context_a commentary
percent florida,-0.0024045383033391987,text__percent florida
accidents,-0.002367261264188232,text__accid
inequality,-0.0023235744984377487,text__inequ
Context: a television ad,-0.0023094331506585118,context__Context_a television ad
americans believe,-0.002303370312505636,text__american believ
woman earn,-0.0023030157223580634,text__woman earn
charter,-0.002302776308701989,text__charter
fatalities,-0.0022700314463696887,text__fatal
gunfire,-0.002268965506696848,text__gunfir
force one,-0.0022585993310339767,text__forc one
conflict interest,-0.0022524865685470056,text__conflict interest
Speaker's job title: U.S. senator from Ohio,-0.0022407564425042533,job__Speaker's job title_U.S. senator from Ohio
rep,-0.0022387240029635635,text__rep
group,-0.0022376840830995027,text__group
lagged,-0.0022322899029816982,text__lag
percent national,-0.002197904682899635,text__percent nation
white people,-0.0021746512389761692,text__white peopl
university background,-0.002129306231775828,text__univers background
basketball,-0.0021090469411541497,text__basketbal
every dollars,-0.0020808620353310542,text__everi dollar
"Speaker's job title: President, Heritage Foundation",-0.0020713757638944276,"job__Speaker's job title_President, Heritage Foundation"
Speaker's job title: Talk-show host,-0.0020611677431392104,job__Speaker's job title_Talk-show host
single day,-0.0020585424967204586,text__singl day
work woman,-0.002048608834133635,text__work woman
begun,-0.0020406181991213016,text__begun
wisconsin,-0.002028168711730944,text__wisconsin
work families,-0.002010316197700354,text__work famili
Speaker's job title: Speaker of the House of Representatives,-0.0020024371367354165,job__Speaker's job title_Speaker of the House of Representatives
casino,-0.0019941726225953154,text__casino
voters participation,-0.001975845385704966,text__voter particip
Speaker's job title: Secretary of State,-0.0019618387682138576,job__Speaker's job title_Secretary of State
americans support,-0.0019598694520846843,text__american support
State: Maryland,-0.001943925073701568,state__State_Maryland
Context: unknown,-0.0019322702614970992,context__Context_unknown
roe,-0.0019223571310957837,text__roe
produce oil,-0.0019165265757122496,text__produc oil
players,-0.0019145430475632933,text__player
larger,-0.0019114501376281327,text__larger
island,-0.0018988292717746884,text__island
Context: a speech on the House floor,-0.001893524810370485,context__Context_a speech on the House floor
gambling,-0.0018923133015194171,text__gambl
ham,-0.0018722839915373069,text__ham
"Speaker's job title: Senior vice president, HDR Engineering",-0.0018709120357156088,"job__Speaker's job title_Senior vice president, HDR Engineering"
twice,-0.001847661742988576,text__twice
Context: a campaign press release,-0.0018454865079501903,context__Context_a campaign press release
via,-0.0018346231238260207,text__via
support amnesty,-0.0018304840646109074,text__support amnesti
rolls back,-0.0018249506732933786,text__roll back
dinner,-0.0018204625213753998,text__dinner
Context: a TV interview.,-0.0018026440840829144,context__Context_a TV interview.
Context: a meme on social media,-0.001783747891387207,context__Context_a meme on social media
Speaker's job title: Wisconsin Senate Minority Leader,-0.0017762321902289261,job__Speaker's job title_Wisconsin Senate Minority Leader
worst voted,-0.0017672682829559376,text__worst vote
Subject: medicare,-0.0017587107464984212,subject__medicare
Context: a blog post,-0.00175612870077231,context__Context_a blog post
killed gunfire,-0.0017511811190813683,text__kill gunfir
nazis,-0.001749532765219665,text__nazi
certified,-0.0017449710414735808,text__certifi
cut deficit,-0.001740124517945838,text__cut deficit
State: Colorado,-0.0017366266594482172,state__State_Colorado
said people,-0.0017259760332168797,text__said peopl
county texas,-0.0017044828251959732,text__counti texa
twice fast,-0.0016985379210023301,text__twice fast
tom,-0.0016924681621818983,text__tom
Party: newsmaker,-0.0016782885118593563,party__Party_newsmaker
Speaker's job title: U.S. House member,-0.001664923006498139,job__Speaker's job title_U.S. House member
State: Texas,-0.0016614349761987668,state__State_Texas
get health,-0.0016537465893547499,text__get health
Subject: guns,-0.0016491496080702406,subject__guns
Context: a newsletter,-0.001633125193099983,context__Context_a newsletter
Speaker's job title: Congresswoman,-0.0016136914583090973,job__Speaker's job title_Congresswoman
treatment,-0.0016039553501681673,text__treatment
recovery,-0.001600365569820523,text__recoveri
seniors,-0.001597652542556113,text__senior
new business,-0.0015950253849106725,text__new busi
Subject: china,-0.0015900684671895375,subject__china
state worst,-0.0015860072972708745,text__state worst
Speaker's job title: musician,-0.0015755825904566415,job__Speaker's job title_musician
ceo,-0.0015752439493605915,text__ceo
rhode island,-0.001571295587128848,text__rhode island
rhode,-0.001571295587128848,text__rhode
says newt,-0.001570778597221938,text__say newt
one state,-0.0015634958744151894,text__one state
state created,-0.0015515549683908921,text__state creat
Context: a newspaper article,-0.0015496884658598175,context__Context_a newspaper article
Context: a flier,-0.0015402435829611775,context__Context_a flier
year americans,-0.0015351114664396831,text__year american
region,-0.0014701256046256383,text__region
hurt,-0.001467576071732596,text__hurt
governor state,-0.001458202792982856,text__governor state
oil,-0.0014446766968596516,text__oil
said state,-0.0014430535250557891,text__said state
across state,-0.0014388896648080361,text__across state
Speaker's job title: Political commentator and radio talk show host,-0.0014388651698446016,job__Speaker's job title_Political commentator and radio talk show host
Party: constitution-party,-0.0014388651698446003,party__Party_constitution-party
two americans,-0.0014385210141765773,text__two american
day funding,-0.0014301109771199766,text__day fund
Speaker's job title: Candidate for U.S. Senate,-0.001420656782393808,job__Speaker's job title_Candidate for U.S. Senate
State: Indiana,-0.001420383258004136,state__State_Indiana
corporate tax,-0.0014066493575155333,text__corpor tax
less per,-0.0013970084211763433,text__less per
state cut,-0.001385174109289685,text__state cut
State: Minnesota,-0.0013849712885722137,state__State_Minnesota
Context: a campaign flier,-0.001376469702962096,context__Context_a campaign flier
says need,-0.0013632516181835681,text__say need
weve added,-0.0013601774766878669,text__weve ad
crowds,-0.0013581890430033575,text__crowd
support national,-0.0013566977863413365,text__support nation
ever get,-0.0013488466541957639,text__ever get
Context: a TV ad.,-0.0013487245951634345,context__Context_a TV ad.
Speaker's job title: Attorney,-0.0013408519734464345,job__Speaker's job title_Attorney
Context: blog posts,-0.001325920541872483,context__Context_blog posts
borrowing money,-0.001325002956175987,text__borrow money
kicking,-0.001324054234205542,text__kick
rainy,-0.0013223060818943037,text__raini
rainy day,-0.0013223060818943037,text__raini day
whether,-0.0013183170926358836,text__whether
Speaker's job title: Developer and homebuilder,-0.0013143543270169404,job__Speaker's job title_Developer and homebuilder
trillion defense,-0.0013139093010634,text__trillion defens
Context: a newspaper interview,-0.001313183123064136,context__Context_a newspaper interview
says since,-0.0013120813260152193,text__say sinc
offenders,-0.001309688245477895,text__offend
peak,-0.0013078632685856772,text__peak
new england,-0.0013043410990668405,text__new england
Party: talk-show-host,-0.0013024699945861629,party__Party_talk-show-host
majority americans,-0.001301365561613991,text__major american
percent,-0.0012962664320697855,text__percent
socialists,-0.0012945098948202705,text__socialist
trade deal,-0.0012921109461465114,text__trade deal
congressman,-0.001271248833979784,text__congressman
syria iraq,-0.0012701532135697697,text__syria iraq
taxpayers money,-0.0012683853515925458,text__taxpay money
passed budget,-0.0012652560553621706,text__pass budget
Context: a candidate forum,-0.0012650211880996516,context__Context_a candidate forum
mammograms,-0.0012623615561213435,text__mammogram
scheme,-0.0012571861142137613,text__scheme
bulbs,-0.0012532562019623781,text__bulb
united,-0.0012532120088550689,text__unit
Context: an email blast,-0.0012450963209455475,context__Context_an email blast
access,-0.0012323815037021835,text__access
either,-0.0012281464707080433,text__either
rate increase,-0.0012279680311275678,text__rate increas
modern,-0.0012223747337211373,text__modern
Subject: gambling,-0.001217919325204762,subject__gambling
debate,-0.0012178683257218325,text__debat
financial protect,-0.001204697752775042,text__financi protect
protect bureau,-0.001204697752775042,text__protect bureau
consumer financial,-0.001204697752775042,text__consum financi
gone percent,-0.0011945074759618921,text__gone percent
Context: tweets,-0.0011940704355874274,context__Context_tweets
Context: an e-mail.,-0.0011940704355874274,context__Context_an e-mail.
Subject: government-efficiency,-0.0011935325310508751,subject__government-efficiency
tell americans,-0.0011910448692490881,text__tell american
four months,-0.0011889905283091193,text__four month
light bulbs,-0.0011889135649693343,text__light bulb
higher education,-0.0011880965974374906,text__higher educ
ukrainians,-0.0011873991901861364,text__ukrainian
Subject: disability,-0.00118367483459896,subject__disability
Subject: states,-0.001179868545125808,subject__states
million jobs,-0.0011739028274234632,text__million job
Speaker's job title: Radio talk show host,-0.0011732990793779767,job__Speaker's job title_Radio talk show host
State: Rhode Island,-0.0011713395963437402,state__State_Rhode Island
tax relief,-0.0011678868691334548,text__tax relief
signed law,-0.001161913139490429,text__sign law
security medicare,-0.0011589880215478253,text__secur medicar
tuition increase,-0.0011545460088732082,text__tuition increas
department education,-0.0011496408456750228,text__depart educ
custody,-0.0011472128659910884,text__custodi
Context: an opinion column,-0.0011409666401429074,context__Context_an opinion column
declined percent,-0.0011400012657560028,text__declin percent
commission,-0.0011384869279114232,text__commiss
shutdown,-0.0011339673905457935,text__shutdown
national average,-0.0011248796121163872,text__nation averag
dallas,-0.0011223997554920546,text__dalla
fast,-0.0011222840825329133,text__fast
hussein,-0.0011184879511302005,text__hussein
patrick,-0.0011161730487066724,text__patrick
percent time,-0.0011152527566766859,text__percent time
congresswoman,-0.0011151395588911582,text__congresswoman
electorate,-0.0011112778130995032,text__elector
movement,-0.0011109391170075998,text__movement
wealth,-0.001091798023242109,text__wealth
fundamental,-0.0010914085156170008,text__fundament
spill,-0.0010884206394465722,text__spill
Context: a press conference,-0.0010879778579805058,context__Context_a press conference
galveston,-0.0010827517309750982,text__galveston
students,-0.001079186274792429,text__student
sex offenders,-0.001066793903696746,text__sex offend
minutes,-0.0010651726983126018,text__minut
number people,-0.0010588867333998842,text__number peopl
four,-0.0010569985682096243,text__four
fast food,-0.0010551266621982199,text__fast food
heck,-0.0010516183416617818,text__heck
percentage point,-0.001051447375110409,text__percentag point
State: West Virginia,-0.001050654114446829,state__State_West Virginia
need,-0.0010482505431523765,text__need
americans families,-0.001040144875880619,text__american famili
Context: a television advertisement,-0.0010356878819472138,context__Context_a television advertisement
Context: comments on his radio show,-0.0010356878819472138,context__Context_comments on his radio show
Context: an interview on the Fox News Channel.,-0.0010356878819472138,context__Context_an interview on the Fox News Channel.
tried,-0.0010331505872138845,text__tri
faculty,-0.0010245479876747267,text__faculti
blind,-0.0010227156803936975,text__blind
entire world,-0.0010205986140304503,text__entir world
Party: activist,-0.0010169334030309975,party__Party_activist
still half,-0.0010151382733617736,text__still half
putin,-0.0010140399360802842,text__putin
risen,-0.0010138767677570415,text__risen
budget military,-0.0010061809491084428,text__budget militari
happy,-0.0010024425365626729,text__happi
reining,-0.001000734961264778,text__rein
friends,-0.0009931324937831366,text__friend
"Context: ABC's ""This Week""",-0.0009903321746361207,"context__Context_ABC's ""This Week"""
State: Nevada,-0.0009891299504315616,state__State_Nevada
put together,-0.0009855963888079024,text__put togeth
least,-0.0009853181755401842,text__least
less percent,-0.0009827086759335326,text__less percent
pick,-0.0009770687210882629,text__pick
recovery act,-0.0009761386895204494,text__recoveri act
junk,-0.0009713950752786532,text__junk
epa,-0.0009685933390186195,text__epa
seven year,-0.0009684534937120995,text__seven year
love,-0.0009684176019479941,text__love
sean,-0.0009676704633580554,text__sean
day,-0.0009667495431947578,text__day
conflict,-0.0009654268081287163,text__conflict
largest tax,-0.0009620058401265907,text__largest tax
would otherwise,-0.0009603054781409461,text__would otherwis
duffy,-0.0009533648692355409,text__duffi
face,-0.0009530656206899333,text__face
deficit half,-0.0009521595981163897,text__deficit half
policemen,-0.000945369729905466,text__policemen
get billion,-0.0009453682415908812,text__get billion
anyone,-0.0009413424872551566,text__anyon
spending less,-0.0009393803368782653,text__spend less
england,-0.0009392290486804572,text__england
tenure,-0.0009388452741674202,text__tenur
college tuition,-0.0009346138460545079,text__colleg tuition
stand,-0.0009312381319672569,text__stand
talking,-0.0009292149225987949,text__talk
usda,-0.0009287383400635021,text__usda
send billion,-0.0009222713274985441,text__send billion
broke,-0.000914237177101779,text__broke
would limit,-0.0009115620895874979,text__would limit
mark,-0.0009014802482227081,text__mark
three,-0.0008990948701559445,text__three
sean duffy,-0.000898905736135298,text__sean duffi
school year,-0.0008983345140589689,text__school year
obama health,-0.0008956152839025059,text__obama health
says charlie,-0.000895113291709988,text__say charli
class tax,-0.000886162431249592,text__class tax
obama weve,-0.000884337630983477,text__obama weve
iran nuclear,-0.0008834343648165328,text__iran nuclear
national,-0.0008796819510283748,text__nation
border,-0.0008789313947002719,text__border
president modern,-0.0008779344869827949,text__presid modern
related fatalities,-0.0008759182166167763,text__relat fatal
account percent,-0.0008748567857382983,text__account percent
treasurer,-0.0008701988291395392,text__treasur
Speaker's job title: Governor of North Carolina,-0.0008689088024940101,job__Speaker's job title_Governor of North Carolina
Context: a floor speech,-0.0008683133297241086,context__Context_a floor speech
Subject: corrections-and-updates,-0.0008674878894119556,subject__corrections-and-updates
european,-0.000866502834840163,text__european
jersey,-0.0008664993175372166,text__jersey
Subject: congressional-rules,-0.0008644184995739571,subject__congressional-rules
seventy,-0.0008623770677759137,text__seventi
abortion even,-0.0008591229621942141,text__abort even
Context: a statement,-0.0008558421336200524,context__Context_a statement
new jersey,-0.0008546179613925215,text__new jersey
Subject: baseball,-0.000851414941868121,subject__baseball
nuclear power,-0.0008499117771820073,text__nuclear power
Subject: veterans,-0.0008487021443665299,subject__veterans
past decade,-0.0008485936883890131,text__past decad
sarah palin,-0.000847510766706153,text__sarah palin
Subject: consumer-safety,-0.0008465346512658079,subject__consumer-safety
Context: a blog post.,-0.0008446056071026436,context__Context_a blog post.
Context: a TV commercial,-0.0008446056071026436,context__Context_a TV commercial
greater,-0.0008444064997015153,text__greater
Subject: pop-culture,-0.0008429528719771465,subject__pop-culture
Speaker's job title: President,-0.0008427448600612382,job__Speaker's job title_President
nearly year,-0.0008399910071363868,text__nearli year
millionaires,-0.0008382219325732687,text__millionair
increase since,-0.000825435047879474,text__increas sinc
east,-0.0008217978121974046,text__east
doubled,-0.0008207602616863806,text__doubl
bachmann,-0.0008148765963133998,text__bachmann
newt,-0.0008121879844159964,text__newt
united state,-0.0008121348891431839,text__unit state
Speaker's job title: author,-0.0008116475760023635,job__Speaker's job title_author
Speaker's job title: Senate Democratic Leader,-0.0008083618726361557,job__Speaker's job title_Senate Democratic Leader
americans work,-0.000803049396296699,text__american work
could pay,-0.0008014754510772268,text__could pay
people going,-0.0007985027997724638,text__peopl go
Subject: taxes,-0.0007980574335910845,subject__taxes
families,-0.0007966577215833716,text__famili
going,-0.0007948613522583996,text__go
four percent,-0.0007938910154864306,text__four percent
relief,-0.0007926829113302636,text__relief
"Speaker's job title: Minority leader, House of Delegates",-0.0007908931476900394,"job__Speaker's job title_Minority leader, House of Delegates"
politicians,-0.0007901318334391801,text__politician
aclu,-0.0007887935701356207,text__aclu
pelosi,-0.0007879790548213644,text__pelosi
pay income,-0.0007875959055047223,text__pay incom
federal law,-0.000777180236399722,text__feder law
advisory,-0.0007732800703068661,text__advisori
Context: a Republican presidential primary debate,-0.0007701217914805888,context__Context_a Republican presidential primary debate
Context: a radio ad.,-0.0007701217914805888,context__Context_a radio ad.
lawmakers,-0.0007657584511650226,text__lawmak
shops,-0.0007655249614047919,text__shop
redistricting,-0.0007623032647316672,text__redistrict
wrote,-0.0007598264000632565,text__wrote
factories,-0.0007544300215249238,text__factori
war ii,-0.000744325116936484,text__war ii
doubled since,-0.0007430365555907561,text__doubl sinc
wants add,-0.0007430158186569872,text__want add
stimulus cost,-0.0007426651292447783,text__stimulu cost
dragged,-0.0007401360703598945,text__drag
critical,-0.0007327940886587878,text__critic
almost percent,-0.0007314687146719141,text__almost percent
nothing,-0.0007307877431398537,text__noth
every year,-0.0007277089868231048,text__everi year
Subject: oil-spill,-0.0007273027020511131,subject__oil-spill
says plan,-0.0007251489331211611,text__say plan
Subject: immigration,-0.0007231049859522167,subject__immigration
homosexuality,-0.0007220740021435713,text__homosexu
obama said,-0.0007187442394435416,text__obama said
ice,-0.0007153756442369237,text__ice
bid,-0.0007117836739979718,text__bid
scientists,-0.0007109963282569591,text__scientist
State: Alabama,-0.000710328391196904,state__State_Alabama
cheese,-0.000709313728923688,text__chees
early,-0.0007042303156345028,text__earli
borrowing,-0.0007021406302603892,text__borrow
newt gingrich,-0.0007020712718202533,text__newt gingrich
none,-0.0007011761306237558,text__none
texas abortion,-0.0007007825105534625,text__texa abort
opponent,-0.0007007332569499558,text__oppon
Speaker's job title: state agriculture commissioner,-0.0007000836803844436,job__Speaker's job title_state agriculture commissioner
texas senate,-0.0006946997351135271,text__texa senat
hiv,-0.0006941335528731995,text__hiv
detainees,-0.0006912572411044071,text__detaine
attend,-0.0006911513637309654,text__attend
gave,-0.0006896669147419869,text__gave
performing,-0.0006887438213905232,text__perform
Subject: hunger,-0.0006879999184573095,subject__hunger
insurance commissioner,-0.0006873652210303568,text__insur commission
november election,-0.0006870548978088793,text__novemb elect
going twice,-0.0006856809149133892,text__go twice
Context: a YouTube video,-0.0006847124902649358,context__Context_a YouTube video
Subject: abortion,-0.0006818829405735858,subject__abortion
says thomas,-0.0006810409880379501,text__say thoma
million per,-0.0006787119220177579,text__million per
time faster,-0.0006784980338266058,text__time faster
idea,-0.000676523467392751,text__idea
Speaker's job title: Senate minority leader,-0.0006749721114628754,job__Speaker's job title_Senate minority leader
saddam hussein,-0.0006746963730564272,text__saddam hussein
created new,-0.0006741627860837433,text__creat new
Context: a newsletter.,-0.0006705548733062385,context__Context_a newsletter.
online,-0.0006694917187352832,text__onlin
gingrich,-0.0006672033114866361,text__gingrich
million americans,-0.0006646764185395197,text__million american
court nominee,-0.0006635544322453585,text__court nomine
middle class,-0.0006630172569074448,text__middl class
purpose,-0.000662467056860349,text__purpos
murphy,-0.000661330698711519,text__murphi
Subject: pundits,-0.000658904116748713,subject__pundits
shes,-0.0006582096216493844,text__she
agreement,-0.0006570577252177881,text__agreement
wants eliminate,-0.0006552174861866953,text__want elimin
pet,-0.0006549330251325468,text__pet
Speaker's job title: College professor,-0.0006539462560712859,job__Speaker's job title_College professor
would funding,-0.0006534140232838446,text__would fund
care coverage,-0.0006517647740256179,text__care coverag
see,-0.0006516808832102734,text__see
views,-0.0006495270968560399,text__view
Speaker's job title: super PAC,-0.0006489605263016718,job__Speaker's job title_super PAC
going get,-0.0006475275975548458,text__go get
Speaker's job title: U.S. Congressman,-0.0006467292882866659,job__Speaker's job title_U.S. Congressman
information,-0.0006436799479796465,text__inform
relationship,-0.000642384250185381,text__relationship
Subject: supreme-court,-0.000640637121730391,subject__supreme-court
said publicly,-0.0006401720337961759,text__said publicli
Context: a press release.,-0.0006399742327584167,context__Context_a press release.
jews,-0.0006385372121513206,text__jew
Subject: islam,-0.000635203331782106,subject__islam
State: California,-0.0006327713476293898,state__State_California
Context: in a speech,-0.0006325105940498258,context__Context_in a speech
"Context: Oxford, Miss.",-0.0006325105940498258,"context__Context_Oxford, Miss."
Speaker's job title: Republican nominee for Nevada U.S. Senate seat,-0.0006325105940498258,job__Speaker's job title_Republican nominee for Nevada U.S. Senate seat
killed jobs,-0.0006316203666730396,text__kill job
freddie,-0.0006309452565571339,text__freddi
war iraq,-0.0006302808936106115,text__war iraq
two,-0.000629749772797969,text__two
education,-0.0006292560881853704,text__educ
taxpayers,-0.0006289356337260248,text__taxpay
guarantee,-0.0006285240101482552,text__guarante
problem,-0.0006268026237302745,text__problem
religion,-0.0006267546947077473,text__religion
marta,-0.000625881083378856,text__marta
"Speaker's job title: U.S. Representative, Florida District 23",-0.0006254820436343872,"job__Speaker's job title_U.S. Representative, Florida District 23"
voted let,-0.0006253869803815105,text__vote let
offered,-0.0006235103555216626,text__offer
never said,-0.0006235103427330813,text__never said
zone,-0.0006227851810118571,text__zone
size,-0.0006224693065254209,text__size
Subject: transparency,-0.0006201754889432088,subject__transparency
moratorium,-0.0006169734847515617,text__moratorium
warming,-0.0006164341563359936,text__warm
says congressman,-0.0006157523215872607,text__say congressman
state legislature,-0.0006130962865520619,text__state legislatur
nancy pelosi,-0.0006084922555836182,text__nanci pelosi
average state,-0.0006077656730978355,text__averag state
guantanamo,-0.0006075538600386005,text__guantanamo
dan,-0.0006067684916105769,text__dan
prices gone,-0.0006065627093120303,text__price gone
federal minimum,-0.0006059169437970164,text__feder minimum
celebrates,-0.0006026942292542912,text__celebr
Context: a speech at the Republican National Convention,-0.0006008813613609701,context__Context_a speech at the Republican National Convention
bathroom,-0.0006007612813697404,text__bathroom
rest,-0.000600747170126807,text__rest
conservative,-0.0006005547589008333,text__conserv
yes,-0.0006000580843232275,text__ye
head started,-0.0005996080832839714,text__head start
reduction,-0.0005995385128202287,text__reduct
sarah,-0.000598998090102138,text__sarah
Subject: sports,-0.000597423825754225,subject__sports
flawed,-0.0005931004161486642,text__flaw
find,-0.0005916142437377145,text__find
father,-0.0005896605336308707,text__father
per jobs,-0.0005888330906199006,text__per job
patients,-0.0005881165755418415,text__patient
big bank,-0.000587481668455642,text__big bank
slush,-0.0005873631758883709,text__slush
slush funding,-0.0005873631758883709,text__slush fund
"Context: an interview on NBC's ""Meet the Press""",-0.000586315468466605,"context__Context_an interview on NBC's ""Meet the Press"""
government takeover,-0.0005853636917957169,text__govern takeov
taxpayers funding,-0.0005853208684135642,text__taxpay fund
economy,-0.0005844488696639548,text__economi
since president,-0.0005840062819545089,text__sinc presid
josh,-0.0005814267871640363,text__josh
joe heck,-0.0005813602802010167,text__joe heck
americans citizens,-0.0005812527983013553,text__american citizen
achievement,-0.0005801802904250449,text__achiev
mental illness,-0.0005800666575724974,text__mental ill
sherrod brown,-0.0005780516618386773,text__sherrod brown
"Speaker's job title: Co-host on Fox News Channel's ""The Five""",-0.0005717678622928173,"job__Speaker's job title_Co-host on Fox News Channel's ""The Five"""
memorial,-0.0005712729482395286,text__memori
Subject: human-rights,-0.0005706179468669967,subject__human-rights
teachers,-0.0005697509316944606,text__teacher
entire,-0.0005686785285026253,text__entir
windmills,-0.0005649734736349161,text__windmil
liberal,-0.0005643322661274287,text__liber
Context: an interview on NJToday,-0.0005630704047350957,context__Context_an interview on NJToday
Context: a campaign TV ad,-0.0005630704047350929,context__Context_a campaign TV ad
europe,-0.000562758815761488,text__europ
students athletes,-0.0005622039933294402,text__student athlet
increase history,-0.000560240975252541,text__increas histori
mental,-0.0005599381114485743,text__mental
labor,-0.0005574618299679241,text__labor
takeover health,-0.00055704570138673,text__takeov health
two third,-0.0005546531202159125,text__two third
finish,-0.0005536293043309068,text__finish
organizations,-0.000552013894385627,text__organ
spike,-0.0005497942586977668,text__spike
primarily,-0.0005495811484802891,text__primarili
chafee,-0.000548954770952734,text__chafe
year ever,-0.0005486681503558515,text__year ever
tuition,-0.00054589372284319,text__tuition
paper,-0.0005453998165801047,text__paper
nancy,-0.0005437870765765767,text__nanci
republican leader,-0.0005422552347241941,text__republican leader
decade,-0.0005419698460360337,text__decad
mom,-0.0005392232083271455,text__mom
field,-0.0005390351011978091,text__field
marquette,-0.0005383314328295305,text__marquett
patrick murphy,-0.0005373157956339461,text__patrick murphi
israel,-0.0005356189663524764,text__israel
fluoridation,-0.0005341085715771605,text__fluorid
josh mandel,-0.0005332173132584257,text__josh mandel
discrimination,-0.0005316295494726678,text__discrimin
obama plan,-0.0005308161771773119,text__obama plan
biggest tax,-0.000530184588271476,text__biggest tax
State: Alaska,-0.0005300676562055004,state__State_Alaska
homestead,-0.0005296806066118188,text__homestead
drug,-0.0005275605046427356,text__drug
"Context: an interview on CNN's ""State of the Union""",-0.0005273184407718491,"context__Context_an interview on CNN's ""State of the Union"""
davis,-0.0005269119917425365,text__davi
spent million,-0.0005257063840433674,text__spent million
Context: a report,-0.0005253270572234145,context__Context_a report
voters fraud,-0.0005249832019158322,text__voter fraud
hamas,-0.0005234692424396977,text__hama
flew,-0.0005229537175455162,text__flew
team,-0.0005217950265050108,text__team
ore,-0.0005195856368972066,text__ore
world war,-0.000518741243217894,text__world war
Speaker's job title: House Minority Leader,-0.0005173643782398359,job__Speaker's job title_House Minority Leader
motors,-0.0005173466991123584,text__motor
takeover,-0.0005165642377614862,text__takeov
democrats majority,-0.0005152031358929607,text__democrat major
governor,-0.0005149933067468055,text__governor
wants raise,-0.0005125326919495256,text__want rais
deportation,-0.0005113348295726768,text__deport
brought,-0.0005105067492639657,text__brought
Subject: welfare,-0.0005082817462778274,subject__welfare
municipal,-0.000505965901820308,text__municip
Context: a House floor speech,-0.0005059575947797538,context__Context_a House floor speech
cia,-0.0005059228381940639,text__cia
Speaker's job title: Radio/TV host,-0.0005057717231862879,job__Speaker's job title_Radio/TV host
Speaker's job title: Member of the U.S. House,-0.0005057717231862879,job__Speaker's job title_Member of the U.S. House
Context: in a television ad,-0.0005057717231862879,context__Context_in a television ad
Speaker's job title: Philanthropist,-0.0005057717231862879,job__Speaker's job title_Philanthropist
stimulus money,-0.0005056756711417981,text__stimulu money
top,-0.0005049451337531281,text__top
place,-0.0005044436668909858,text__place
option,-0.0005043595671796723,text__option
god,-0.0005042625567550972,text__god
told,-0.0005039089989099831,text__told
number,-0.000502301653878504,text__number
capability,-0.0005019254759838711,text__capabl
still,-0.0005005530408056537,text__still
rail,-0.0004994657504764745,text__rail
defense,-0.0004977448664605987,text__defens
stores,-0.0004965676962821631,text__store
care spending,-0.0004965403842081347,text__care spend
faster,-0.0004954676573969234,text__faster
Speaker's job title: Fox News Channel host,-0.0004951660873180603,job__Speaker's job title_Fox News Channel host
medicare know,-0.0004950848352581609,text__medicar know
vladimir putin,-0.0004948084416356613,text__vladimir putin
vladimir,-0.0004948084416356613,text__vladimir
never work,-0.000493981202324212,text__never work
voted six,-0.0004937629467284741,text__vote six
really,-0.0004937140518501327,text__realli
tax dollars,-0.0004935967441381195,text__tax dollar
private social,-0.0004930557988855531,text__privat social
expensive,-0.0004923157176086477,text__expens
class,-0.0004917933632935517,text__class
minnesota,-0.0004915969314578828,text__minnesota
tom barrett,-0.0004914482820545595,text__tom barrett
made easier,-0.0004881623954411081,text__made easier
least percent,-0.0004879014981928537,text__least percent
five,-0.0004871019411868379,text__five
owners,-0.00048577783056412833,text__owner
area,-0.00048538823915908035,text__area
good,-0.0004841095157848543,text__good
Subject: animals,-0.0004836792984835631,subject__animals
mouse,-0.00048321485868013994,text__mous
federal health,-0.00048273822756085295,text__feder health
obama policy,-0.0004823738026077991,text__obama polici
bill put,-0.00048115533867322356,text__bill put
trump said,-0.00048068465843006627,text__trump said
david perdue,-0.0004800803937337208,text__david perdu
sherrod,-0.0004794721544269123,text__sherrod
reduce,-0.00047932463346732996,text__reduc
question,-0.00047809953081492354,text__question
outside,-0.0004774843330871619,text__outsid
margaret,-0.00047549302460256256,text__margaret
apology,-0.00047472168486356695,text__apolog
plan help,-0.00047364634177583223,text__plan help
new international,-0.00047302657665738594,text__new intern
ii,-0.00047215265615043085,text__ii
beaten,-0.00047157545225794367,text__beaten
Subject: city-government,-0.0004708852760527848,subject__city-government
bad,-0.0004700551637341177,text__bad
State: Louisiana,-0.00046968442234152937,state__State_Louisiana
Speaker's job title: Former mayor of Houston,-0.0004695589822038241,job__Speaker's job title_Former mayor of Houston
charge,-0.00046927087166831835,text__charg
white house,-0.00046848562864705936,text__white hous
scott,-0.00046825785196159814,text__scott
says rep,-0.00046813520480787016,text__say rep
Subject: wealth,-0.00046786769759220125,subject__wealth
show wisconsin,-0.00046708704923772873,text__show wisconsin
says tom,-0.0004632432390316385,text__say tom
congress approved,-0.00046200538147205103,text__congress approv
refugees,-0.0004614738902003261,text__refuge
defeat,-0.0004607849759504548,text__defeat
private sector,-0.0004599057646309405,text__privat sector
new,-0.0004585916714196748,text__new
michelle bachmann,-0.00045796793548750803,text__michel bachmann
fewer jobs,-0.0004577969151052198,text__fewer job
defense budget,-0.00045754851692909095,text__defens budget
help save,-0.00045664937509437337,text__help save
church,-0.00045615530937051263,text__church
hedge funding,-0.00045584692179599743,text__hedg fund
hedge,-0.00045584692179599743,text__hedg
referring,-0.00045539750553247256,text__refer
risk,-0.0004549451134806018,text__risk
intelligence,-0.00045460914136134475,text__intellig
trade deficit,-0.0004542187881135748,text__trade deficit
Speaker's job title: mayor of Providence,-0.0004539329351116804,job__Speaker's job title_mayor of Providence
terrorism,-0.0004538145469414068,text__terror
away,-0.0004527677783667416,text__away
program,-0.0004521186277236283,text__program
wants bring,-0.00045042134741304094,text__want bring
grandfather,-0.00045001399635858876,text__grandfath
welfare,-0.0004489562014797289,text__welfar
Speaker's job title: Ohio treasurer,-0.0004487617798796005,job__Speaker's job title_Ohio treasurer
registry,-0.00044788691877736825,text__registri
high speed,-0.0004478163015516551,text__high speed
viewers,-0.0004477857400587388,text__viewer
State: North Carolina,-0.0004476880988170506,state__State_North Carolina
employees union,-0.0004476800985777298,text__employe union
track record,-0.0004470345213650121,text__track record
hiv aid,-0.00044618034303135605,text__hiv aid
islamic,-0.0004458828184079523,text__islam
fannie,-0.0004458015326983879,text__fanni
woman,-0.00044507903498100396,text__woman
says democrats,-0.0004449757848142877,text__say democrat
shut,-0.00044317481153154645,text__shut
charlotte,-0.0004428219644439578,text__charlott
energy independent,-0.00044168172493682934,text__energi independ
approved rate,-0.0004415447584551643,text__approv rate
young,-0.0004401822841001176,text__young
sic,-0.00044011061710554116,text__sic
year since,-0.00044003908847048336,text__year sinc
foreign policy,-0.00043988916787228644,text__foreign polici
take money,-0.000437961066439463,text__take money
betty,-0.0004376552074701425,text__betti
budget shortfall,-0.0004373861111202807,text__budget shortfal
promised would,-0.0004350059110724075,text__promis would
lanes,-0.0004343465337084879,text__lane
"Context: a broadcast of ""The Five"" on Fox News",-0.0004341566648620543,"context__Context_a broadcast of ""The Five"" on Fox News"
Context: a conference call with reporters,-0.0004341566648620543,context__Context_a conference call with reporters
travel,-0.0004334120574923461,text__travel
warmer,-0.0004328965836602431,text__warmer
cents,-0.0004326771763086787,text__cent
support,-0.00042876019331992824,text__support
sutton,-0.00042834774763038835,text__sutton
betty sutton,-0.00042834774763038835,text__betti sutton
cups,-0.0004276403517821543,text__cup
russians,-0.00042684590043536567,text__russian
wendy davis,-0.0004261527840057493,text__wendi davi
congress would,-0.0004260965612939951,text__congress would
red,-0.0004258486097250338,text__red
shortfall,-0.0004252273815678463,text__shortfal
ever record,-0.0004251043124827812,text__ever record
says bill,-0.00042446217060016026,text__say bill
proposition,-0.00042213518749715324,text__proposit
rate three,-0.0004186825804441444,text__rate three
roof,-0.00041767824553614084,text__roof
six,-0.000416392098388787,text__six
ganley,-0.0004163054696924892,text__ganley
already,-0.00041600359148961496,text__alreadi
Context: a newspaper ad,-0.0004133853086526036,context__Context_a newspaper ad
Context: a Facebook post.,-0.0004133853086526036,context__Context_a Facebook post.
going take,-0.0004130231186114942,text__go take
constitution,-0.00041278980835903926,text__constitut
air force,-0.00041262427509698745,text__air forc
higher,-0.0004123956378945434,text__higher
unprecedented,-0.0004118065816750256,text__unpreced
income,-0.00041032937023073606,text__incom
door,-0.00041014526930219637,text__door
later,-0.00040982290690583245,text__later
lobbyists,-0.0004097184126737278,text__lobbyist
real,-0.00040925431017774775,text__real
recipients,-0.00040906722559642315,text__recipi
partnership,-0.0004082269856128478,text__partnership
vacation,-0.00040800734427967085,text__vacat
state people,-0.0004073415429777115,text__state peopl
support president,-0.0004070345358008969,text__support presid
oath,-0.00040688345061217504,text__oath
people went,-0.0004062884509289012,text__peopl went
ponzi scheme,-0.00040574387328393455,text__ponzi scheme
"Context: a debate in Manchester, N.H.",-0.00040567635524201766,"context__Context_a debate in Manchester, N.H."
scott walker,-0.0004049756800355876,text__scott walker
bracket,-0.0004048187173647924,text__bracket
put,-0.0004044313573981624,text__put
margaret sanger,-0.0004035649774916184,text__margaret sanger
sanger,-0.0004035649774916184,text__sanger
genocide,-0.00040305783625492724,text__genocid
review,-0.00040272885011186977,text__review
marshall,-0.0004018738980896514,text__marshal
healthy,-0.00040131733475979854,text__healthi
hope,-0.0003985593438629994,text__hope
justin,-0.00039820244125635373,text__justin
tremendous,-0.00039783588477753404,text__tremend
whatever,-0.00039659500864881476,text__whatev
fleet,-0.0003960943410797519,text__fleet
buy gun,-0.0003952612554406689,text__buy gun
taxpayers billion,-0.00039512225955243025,text__taxpay billion
proven,-0.00039444978545236374,text__proven
government jobs,-0.0003940938919357318,text__govern job
senate obama,-0.0003938934149833436,text__senat obama
Speaker's job title: State Senator,-0.00039293274511579147,job__Speaker's job title_State Senator
secretary state,-0.00039243799885339126,text__secretari state
irs,-0.00039222849343319453,text__ir
government spending,-0.0003918662094853369,text__govern spend
income tax,-0.00039157591075582993,text__incom tax
plan raise,-0.00039140295194248074,text__plan rais
million federal,-0.00039120202185183534,text__million feder
trayvon,-0.0003906314300451731,text__trayvon
robert hurt,-0.0003893881330022198,text__robert hurt
check,-0.0003884774339089052,text__check
sen sherrod,-0.0003884580312053223,text__sen sherrod
shred,-0.000388070626789263,text__shred
gains,-0.0003876181708440397,text__gain
Speaker's job title: political action committee,-0.00038735715197556366,job__Speaker's job title_political action committee
bowl,-0.00038698062978588033,text__bowl
Subject: city-budget,-0.0003861619688047803,subject__city-budget
State: Iowa,-0.00038519424108979456,state__State_Iowa
children,-0.0003851924428039083,text__children
says house,-0.00038489782102660525,text__say hous
less,-0.0003832877317170354,text__less
received percent,-0.00038278205535837096,text__receiv percent
cash,-0.00038263634784395405,text__cash
bill pascrell,-0.0003824847982050648,text__bill pascrel
pascrell,-0.0003824847982050648,text__pascrel
wisconsin supreme,-0.00038229446921442153,text__wisconsin suprem
good idea,-0.00038226343658243116,text__good idea
state government,-0.00038221825649769524,text__state govern
recent year,-0.00038207505219515483,text__recent year
campaign,-0.00038075083501695235,text__campaign
Speaker's job title: U.S. representative from Fort Myers,-0.00038032221338096914,job__Speaker's job title_U.S. representative from Fort Myers
signers,-0.0003797783705948797,text__signer
rapists,-0.00037752564701317023,text__rapist
state house,-0.0003764241660985403,text__state hous
public safety,-0.00037549492487919014,text__public safeti
pay new,-0.0003746731934994744,text__pay new
global warming,-0.00037428934508059017,text__global warm
tammy,-0.00037423786962806826,text__tammi
ran,-0.0003720089159122709,text__ran
pour,-0.0003709925787232152,text__pour
pacific partnership,-0.00037089500524600626,text__pacif partnership
tax code,-0.0003705483952092395,text__tax code
would lose,-0.00036964501899089766,text__would lose
unsuccessful,-0.00036959203572782204,text__unsuccess
bush,-0.00036860504448072177,text__bush
bipartisan,-0.0003683523317078571,text__bipartisan
add trillion,-0.0003679260716986513,text__add trillion
families business,-0.00036786364168516975,text__famili busi
visit,-0.0003677464883169171,text__visit
one year,-0.00036730346558574853,text__one year
small business,-0.0003672093275941103,text__small busi
jon runyan,-0.00036708235755231297,text__jon runyan
runyan,-0.00036708235755231297,text__runyan
Context: a television campaign ad,-0.00036694450358320087,context__Context_a television campaign ad
going able,-0.0003668818881774721,text__go abl
trust funding,-0.00036665994488707063,text__trust fund
first national,-0.0003664909047903098,text__first nation
jimmy carter,-0.00036621200517977646,text__jimmi carter
Context: a debate.,-0.00036611140708790307,context__Context_a debate.
big tax,-0.00036579889506553853,text__big tax
night,-0.00036561831856783613,text__night
engineers,-0.0003649771996245947,text__engin
obesity,-0.0003646348724240254,text__obes
small,-0.0003623463843136091,text__small
much percent,-0.0003613506785018473,text__much percent
kurt,-0.00036091187682981866,text__kurt
republican national,-0.00036010068782638046,text__republican nation
ive,-0.00035981241452081886,text__ive
past five,-0.00035904108992521847,text__past five
ample,-0.0003590192552168091,text__ampl
wendy,-0.00035825205991218284,text__wendi
canceled,-0.00035688024722219233,text__cancel
nearly billion,-0.0003560023669025166,text__nearli billion
jack,-0.00035516482738516796,text__jack
hasnt change,-0.0003537796732493303,text__hasnt chang
fence,-0.00035347706872902236,text__fenc
redistribution,-0.0003525466272893385,text__redistribut
walker,-0.0003524010337663124,text__walker
allow sex,-0.0003517441732175871,text__allow sex
pregnant women,-0.0003517121651111683,text__pregnant women
Context: a Senate floor speech,-0.0003515437030910291,context__Context_a Senate floor speech
politifact,-0.00035020840419546217,text__politifact
senate health,-0.0003494580751574162,text__senat health
says governor,-0.0003491312220484389,text__say governor
knew,-0.0003491311721509717,text__knew
garbage,-0.00034825550196858254,text__garbag
Subject: military,-0.0003475229168796824,subject__military
dairy,-0.00034690559715574233,text__dairi
photographs,-0.0003457668344964616,text__photograph
registration,-0.0003451661546979899,text__registr
announced,-0.0003445048948359532,text__announc
run state,-0.000343894072205739,text__run state
mismanaged,-0.00034294937307783214,text__mismanag
house candidate,-0.0003421912502367255,text__hous candid
prop,-0.0003418288698250442,text__prop
taken pay,-0.0003414502704287774,text__taken pay
lawsuit,-0.0003408617679908199,text__lawsuit
poll,-0.00034061835402411194,text__poll
expire,-0.000340496715465517,text__expir
like,-0.00034040052638395317,text__like
former president,-0.0003403455686952638,text__former presid
arms,-0.0003401716264435546,text__arm
november,-0.00033994389770927074,text__novemb
obama hillary,-0.0003392538381693114,text__obama hillari
directly,-0.0003390750043825912,text__directli
saddam,-0.00033868643359056324,text__saddam
harbor,-0.0003386537571809,text__harbor
hundreds million,-0.00033803554097900214,text__hundr million
earmarks,-0.00033764461217895874,text__earmark
texas,-0.0003375647316713654,text__texa
sent,-0.00033754429756395563,text__sent
notice,-0.0003374165076525894,text__notic
says cnn,-0.0003373991674104822,text__say cnn
Speaker's job title: U.S. Senate candidate,-0.00033718114879085863,job__Speaker's job title_U.S. Senate candidate
Speaker's job title: U.S. representative from Ohio's 13th District,-0.00033718114879085863,job__Speaker's job title_U.S. representative from Ohio's 13th District
Speaker's job title: Businesswoman,-0.00033718114879085863,job__Speaker's job title_Businesswoman
homeless,-0.0003367887323287244,text__homeless
arkansas,-0.00033657912374286436,text__arkansa
bargaining,-0.0003364842741940103,text__bargain
first president,-0.000336458261988892,text__first presid
renegotiated,-0.00033621128987610933,text__renegoti
loretta,-0.00033579781028561035,text__loretta
bill including,-0.0003356784969208274,text__bill includ
Subject: occupy-wall-street,-0.00033536965384863156,subject__occupy-wall-street
attention,-0.0003348953473920231,text__attent
invented,-0.0003344952311553033,text__invent
voted florida,-0.0003338252474137226,text__vote florida
reform would,-0.0003332855673180652,text__reform would
Speaker's job title: Columnist,-0.0003330407509037243,job__Speaker's job title_Columnist
swapped,-0.00033251093598204317,text__swap
billionaires,-0.0003325051519912472,text__billionair
carlos curbelo,-0.00033245320418209015,text__carlo curbelo
curbelo,-0.00033245320418209015,text__curbelo
wonder,-0.0003323128213856066,text__wonder
two day,-0.000332070945228657,text__two day
business owners,-0.00033167083054555545,text__busi owner
republican tried,-0.00033145878036467855,text__republican tri
safety,-0.0003314165392839528,text__safeti
sworn,-0.0003313980047780645,text__sworn
agents,-0.00033130593578515775,text__agent
rural,-0.0003309066317522485,text__rural
barrett,-0.00033090604164208,text__barrett
democrats senate,-0.00033032900188938814,text__democrat senat
available,-0.0003302268544759417,text__avail
increase percent,-0.0003301323959593238,text__increas percent
high,-0.00032943421034595526,text__high
billion debt,-0.00032865553646843377,text__billion debt
says patrick,-0.0003283973115108542,text__say patrick
jimmy,-0.00032762182210513733,text__jimmi
congressional district,-0.0003273489137494532,text__congression district
tuition illegal,-0.0003272779655408174,text__tuition illeg
Context: an email blast.,-0.00032697312803564295,context__Context_an email blast.
morning,-0.000326897069982758,text__morn
apple,-0.000326421622035457,text__appl
trip,-0.0003261294454474957,text__trip
give tax,-0.0003257768080533836,text__give tax
eighty five,-0.00032517327659231936,text__eighti five
civil,-0.00032407930625053937,text__civil
mcauliffe,-0.00032364579038504404,text__mcauliff
championship,-0.000323448582009772,text__championship
trees,-0.00032338496244364574,text__tree
animals,-0.0003230655423961166,text__anim
tax plan,-0.00032282429862617445,text__tax plan
military,-0.0003227038875002191,text__militari
sandwich,-0.0003223826516773374,text__sandwich
accumulated,-0.0003222617312110505,text__accumul
well,-0.0003221552538893505,text__well
miami,-0.00032189188801460205,text__miami
women access,-0.00032073882783746903,text__women access
residents state,-0.0003205776051709938,text__resid state
one,-0.00032049019596080215,text__one
cut billion,-0.00032040763774171256,text__cut billion
jobs lost,-0.00031994052424045346,text__job lost
female,-0.0003186980341941923,text__femal
pay obamacare,-0.00031828097250321906,text__pay obamacar
coffman,-0.00031814983030816407,text__coffman
viable,-0.0003180491954594302,text__viabl
federal dollars,-0.0003176599683124269,text__feder dollar
leader,-0.0003173966497392801,text__leader
deduction,-0.00031723050762736505,text__deduct
bush administration,-0.00031714827267839723,text__bush administr
bombing,-0.00031651212778608995,text__bomb
human trafficking,-0.00031646620971067087,text__human traffick
oil spill,-0.000316095383801067,text__oil spill
says congressional,-0.0003159849428149774,text__say congression
ponzi,-0.000315865664783466,text__ponzi
disarm,-0.0003147055201989294,text__disarm
kidnapping,-0.0003143891642827609,text__kidnap
sector,-0.0003142869071517657,text__sector
school children,-0.0003141986855928774,text__school children
pursue,-0.0003141075729746768,text__pursu
obama spent,-0.0003139364826886633,text__obama spent
form,-0.0003129259644766196,text__form
john kerry,-0.0003127877925346126,text__john kerri
website,-0.0003118228701400658,text__websit
perry,-0.00031155358678259664,text__perri
economy grown,-0.0003113162672640509,text__economi grown
unelected,-0.00031015768399327584,text__unelect
photo,-0.0003098016659608801,text__photo
change medicare,-0.0003097764931243815,text__chang medicar
mayor tom,-0.00030918160021231687,text__mayor tom
migration,-0.0003089547313605907,text__migrat
kurt schrader,-0.0003085767364588167,text__kurt schrader
first day,-0.0003082417398700851,text__first day
president first,-0.0003071478315976372,text__presid first
mandel,-0.00030624063269555393,text__mandel
gogebic,-0.0003059850800041796,text__gogeb
proposed gogebic,-0.0003059850800041796,text__propos gogeb
Party: columnist,-0.00030596824610008253,party__Party_columnist
deliberately,-0.000305735165617252,text__deliber
prayer,-0.00030550432621074267,text__prayer
pave,-0.0003053490849031385,text__pave
gun,-0.00030419838347381286,text__gun
put place,-0.00030416492942807985,text__put place
speed rail,-0.00030387637131949996,text__speed rail
came,-0.0003036472197201989,text__came
patrol agents,-0.0003034962795350283,text__patrol agent
true,-0.00030309868674863096,text__true
Context: a radio interview,-0.0003026812051787894,context__Context_a radio interview
seat,-0.00030200907792493533,text__seat
didnt,-0.0003018457247656281,text__didnt
government operations,-0.00030164599414093533,text__govern oper
federal stimulus,-0.0003005428660681187,text__feder stimulu
repeal,-0.00029994621967307453,text__repeal
hunting,-0.0002996206409109722,text__hunt
proceeds,-0.00029947155786141824,text__proce
allies,-0.0002993504661544812,text__alli
take,-0.0002991988105356208,text__take
jewish,-0.0002983741274568549,text__jewish
exposed,-0.0002978465773604244,text__expos
percent tax,-0.00029758117720535916,text__percent tax
sonia,-0.00029734332983018084,text__sonia
sonia sotomayor,-0.00029734332983018084,text__sonia sotomayor
says george,-0.000296774808543946,text__say georg
service provide,-0.0002966553458113493,text__servic provid
stand order,-0.0002962291755544855,text__stand order
validated,-0.00029559065598508904,text__valid
weve got,-0.00029529968422458655,text__weve got
says raise,-0.00029507189148064413,text__say rais
education funding,-0.00029340597146195526,text__educ fund
charity,-0.000293395663249802,text__chariti
said would,-0.0002931021521683993,text__said would
traditional,-0.0002930760738151207,text__tradit
months,-0.00029300675376200844,text__month
process,-0.0002917581558172843,text__process
excess,-0.0002914156089570476,text__excess
wealthiest,-0.00029120597280749786,text__wealthiest
State: Michigan,-0.00029044407893049777,state__State_Michigan
done nothing,-0.0002898195165724061,text__done noth
peter,-0.00028869286455795995,text__peter
voted raise,-0.0002882017900728283,text__vote rais
State: Utah,-0.00028735521986659844,state__State_Utah
debt president,-0.0002871516112017411,text__debt presid
palin,-0.0002871083877926411,text__palin
result obamacare,-0.00028668907559007366,text__result obamacar
received almost,-0.00028638785197029903,text__receiv almost
cell,-0.0002863466569480699,text__cell
dollars debt,-0.0002862586898894544,text__dollar debt
people america,-0.0002857681884728661,text__peopl america
pushed,-0.0002846949044106634,text__push
feet,-0.0002843779634325628,text__feet
declined,-0.0002841768052330983,text__declin
drug cartels,-0.0002840866927305431,text__drug cartel
emergency,-0.000283652875919432,text__emerg
span,-0.0002836424279721318,text__span
stephen,-0.00028340881673394655,text__stephen
first two,-0.0002827363224331137,text__first two
treaty,-0.0002822711550362166,text__treati
months ago,-0.00028217536693561315,text__month ago
super,-0.00028213747729783376,text__super
matt,-0.0002818031473564156,text__matt
says ted,-0.0002807269673610766,text__say ted
obama first,-0.0002807148766682619,text__obama first
state congress,-0.00028017431989158355,text__state congress
incumbent,-0.0002798929101201847,text__incumb
political campaign,-0.0002798658939774328,text__polit campaign
lay,-0.0002794242722063769,text__lay
contains,-0.00027940919718135707,text__contain
college,-0.0002783822361325343,text__colleg
injected,-0.0002782016648376214,text__inject
Subject: public-service,-0.0002778267756866042,subject__public-service
milwaukee mayor,-0.00027627098662873586,text__milwauke mayor
budget deficit,-0.00027568572655948967,text__budget deficit
bill white,-0.0002748845784165634,text__bill white
public health,-0.0002748243095024672,text__public health
rush,-0.0002748023157518127,text__rush
Context: a debate,-0.00027415587747809566,context__Context_a debate
opt,-0.0002739945277883691,text__opt
ration,-0.0002738244503287301,text__ration
arab,-0.00027356820989245706,text__arab
Context: a Republican presidential debate,-0.00027329864417835367,context__Context_a Republican presidential debate
brain,-0.00027321780519824605,text__brain
voted time,-0.0002727514827601693,text__vote time
sandy,-0.00027175146777343395,text__sandi
discussed,-0.00027161423542267164,text__discuss
support state,-0.0002715772076778825,text__support state
quickly,-0.00027137834142800156,text__quickli
bargaining law,-0.00027117903720549034,text__bargain law
Speaker's job title: State Representative,-0.00027110609897347754,job__Speaker's job title_State Representative
thousands people,-0.00027080562365241925,text__thousand peopl
government mandate,-0.00027034641036381105,text__govern mandat
transparency,-0.00027024677445107155,text__transpar
stone,-0.0002699011550172964,text__stone
mike,-0.0002694689067975989,text__mike
jeb bush,-0.0002692819576219748,text__jeb bush
anchor,-0.0002692387431718666,text__anchor
provision,-0.0002688919708827399,text__provis
republican support,-0.00026803955772160704,text__republican support
feingold,-0.0002680349296057343,text__feingold
heroin,-0.0002676885032790704,text__heroin
number one,-0.0002672373667412273,text__number one
always,-0.00026699485766207775,text__alway
occupations,-0.0002668769807017443,text__occup
cap,-0.0002666861362746176,text__cap
passed,-0.0002663552702652889,text__pass
health insurance,-0.0002663376875452709,text__health insur
southwest,-0.0002662997235307853,text__southwest
obama doubled,-0.0002659917846730931,text__obama doubl
federal reserve,-0.00026537586797001816,text__feder reserv
robert,-0.0002652207540343782,text__robert
obama told,-0.0002647927157572563,text__obama told
texas governor,-0.0002645707561445218,text__texa governor
reserve,-0.0002640809073964093,text__reserv
trillion debt,-0.000263723879575516,text__trillion debt
says joe,-0.00026364605865813535,text__say joe
voted cut,-0.0002630560782061077,text__vote cut
canada,-0.00026285932621015145,text__canada
school spending,-0.00026177884151125705,text__school spend
billion taxpayers,-0.00026169602147620293,text__billion taxpay
party,-0.00026124492108656097,text__parti
sold,-0.00026013547853278777,text__sold
florida,-0.0002594995484757281,text__florida
corruption,-0.00025939278495505354,text__corrupt
Subject: retirement,-0.00025813928188701536,subject__retirement
support private,-0.000258030476252051,text__support privat
uranium,-0.00025796408522416243,text__uranium
late,-0.00025787578813877806,text__late
simpson,-0.00025783245172652857,text__simpson
democrats,-0.0002577917122660212,text__democrat
rep debbie,-0.00025773365159757343,text__rep debbi
says wants,-0.0002576852161427192,text__say want
rather,-0.00025751833460039414,text__rather
techniques,-0.00025741080184507923,text__techniqu
alaska,-0.00025716088521088857,text__alaska
national security,-0.00025708810359854455,text__nation secur
even voted,-0.0002565277091621736,text__even vote
threat national,-0.0002560046236440223,text__threat nation
set aside,-0.00025580041714602306,text__set asid
aside,-0.00025580041714602306,text__asid
las,-0.00025568995170149373,text__la
barnes,-0.00025554422712498003,text__barn
known,-0.0002548143336999646,text__known
january,-0.000254548293207215,text__januari
enjoyed,-0.00025449428716765713,text__enjoy
colorado,-0.0002535167121164824,text__colorado
market,-0.00025341820282037355,text__market
gotten,-0.0002533470681334752,text__gotten
co sponsored,-0.0002524970282520922,text__co sponsor
Subject: labor,-0.00025234805069847466,subject__labor
Subject: sexuality,-0.0002518359764926874,subject__sexuality
operations,-0.0002512919275939629,text__oper
employers,-0.0002509457308794444,text__employ
deprive,-0.00025002604486977774,text__depriv
body,-0.00025002250841970485,text__bodi
television,-0.00024990539261828025,text__televis
cancer,-0.0002497764521523615,text__cancer
rick perry,-0.0002487787418705852,text__rick perri
oversaw,-0.0002487183188562894,text__oversaw
make sense,-0.0002477606962216878,text__make sens
Subject: homeland-security,-0.00024729743255661997,subject__homeland-security
went,-0.00024728082930826936,text__went
voted use,-0.00024720897551461544,text__vote use
car,-0.00024720219032980126,text__car
renewable energy,-0.00024711824757112777,text__renew energi
moved,-0.00024701995220349874,text__move
voted stop,-0.0002462845373518228,text__vote stop
green,-0.0002461786570178924,text__green
middle east,-0.00024550371486498226,text__middl east
series,-0.0002451083056695369,text__seri
apparently,-0.0002449493092441531,text__appar
bill billion,-0.00024404533462865906,text__bill billion
voters registration,-0.00024385349641765724,text__voter registr
medicine,-0.0002438521396541118,text__medicin
sense,-0.00024331823950705933,text__sens
prevent,-0.000243125570560293,text__prevent
rate state,-0.0002428375399399094,text__rate state
state budget,-0.0002424425111084196,text__state budget
failed pay,-0.0002418127786936434,text__fail pay
purchase gun,-0.00024142408777997747,text__purchas gun
jack kingston,-0.00024134258468205285,text__jack kingston
kingston,-0.00024134258468205285,text__kingston
pay,-0.00024074832363062378,text__pay
japan,-0.00024063690564217626,text__japan
food,-0.00024041740427075198,text__food
cartels,-0.00023889186734436064,text__cartel
Subject: water,-0.00023887499727063194,subject__water
prostitutes,-0.00023864999872352279,text__prostitut
rate childhood,-0.00023860005867022563,text__rate childhood
gun owners,-0.00023827231339481952,text__gun owner
bass,-0.00023775431078364314,text__bass
waste,-0.00023747012004229768,text__wast
gold,-0.00023670031560456034,text__gold
advisory board,-0.00023661112473566685,text__advisori board
army,-0.00023647282595532778,text__armi
attacks,-0.00023608800529263416,text__attack
bergdahl,-0.00023602248805297156,text__bergdahl
birther,-0.00023600226394595642,text__birther
texas law,-0.00023589198570807423,text__texa law
transgender,-0.0002356900704775558,text__transgend
crisis,-0.00023568582638766025,text__crisi
ultrasound,-0.0002354394450750917,text__ultrasound
six state,-0.0002352174594519862,text__six state
hurricane sandy,-0.00023511545510171447,text__hurrican sandi
work people,-0.0002349070393360346,text__work peopl
monthly,-0.0002347486559642184,text__monthli
says going,-0.00023424566349465877,text__say go
confiscation,-0.0002337657488211019,text__confisc
vehicles,-0.00023369769071813584,text__vehicl
delivered,-0.000233436054435675,text__deliv
earn,-0.00023231471515372114,text__earn
support campaign,-0.00023221932224337674,text__support campaign
seriously,-0.00023215747185162877,text__serious
hitler,-0.0002311841620255487,text__hitler
second amendment,-0.0002309869217146883,text__second amend
climate,-0.00023055697328895025,text__climat
nato,-0.00023048051638657941,text__nato
Subject: weather,-0.00023025839274786998,subject__weather
june,-0.0002293770100425641,text__june
focused,-0.0002286928503461413,text__focus
gatherings,-0.00022844205215209293,text__gather
billion billion,-0.00022839149225964222,text__billion billion
dangerous,-0.00022828351685310464,text__danger
hb,-0.00022807252202758818,text__hb
give billion,-0.00022787961728566516,text__give billion
following,-0.0002276732972672122,text__follow
half billion,-0.0002272058470664907,text__half billion
eric holder,-0.00022720006015464775,text__eric holder
christmas,-0.00022700876962485972,text__christma
clunkers,-0.0002269279246082276,text__clunker
cash clunkers,-0.0002269279246082276,text__cash clunker
boehner,-0.00022687702118512107,text__boehner
people support,-0.0002263153878390213,text__peopl support
bank,-0.000225440370271048,text__bank
republican rep,-0.0002249652890653264,text__republican rep
islamic state,-0.0002248342684765401,text__islam state
deer hunting,-0.00022475034697994547,text__deer hunt
comments,-0.0002243096250789708,text__comment
tell us,-0.00022421019441352117,text__tell us
improve,-0.00022402961110096534,text__improv
voted,-0.0002238291297363589,text__vote
theres,-0.00022327283271682342,text__there
make sure,-0.0002232391582958051,text__make sure
wall street,-0.0002230827345910499,text__wall street
says stimulus,-0.00022258280950107832,text__say stimulu
mitch mcconnell,-0.00022186172056997083,text__mitch mcconnel
speak,-0.00022161843805976447,text__speak
jobs million,-0.00022158866388538584,text__job million
mandate health,-0.00022136510322971512,text__mandat health
waiver,-0.00022126475081261362,text__waiver
support legal,-0.00022096905784962389,text__support legal
connie,-0.00022057432590429473,text__conni
connie mack,-0.00022057432590429473,text__conni mack
clinics,-0.0002202815155932605,text__clinic
kind,-0.00022027739534715647,text__kind
center,-0.00022005497115144213,text__center
accused,-0.00021983591033715213,text__accus
percent small,-0.00021975023870687762,text__percent small
someone,-0.0002191666998305274,text__someon
material,-0.00021914333439779473,text__materi
subject,-0.00021878419085798615,text__subject
never done,-0.00021865630733079914,text__never done
percent stimulus,-0.00021817331283890203,text__percent stimulu
care act,-0.0002179924031113901,text__care act
joe,-0.00021737715243167467,text__joe
nathan deal,-0.00021719024873076046,text__nathan deal
nathan,-0.00021719024873076046,text__nathan
border fence,-0.00021701475916084713,text__border fenc
would save,-0.00021674609297084633,text__would save
romney support,-0.00021673165958069625,text__romney support
last two,-0.00021650121079874933,text__last two
would cut,-0.0002163051643225203,text__would cut
solar,-0.00021615977615135716,text__solar
jim,-0.00021594933094083637,text__jim
baldwin,-0.00021575451128034355,text__baldwin
Subject: urban,-0.0002156956852768442,subject__urban
impossible,-0.0002156056456766544,text__imposs
long,-0.0002155853301593667,text__long
book,-0.000215047038494482,text__book
support right,-0.00021437524165474647,text__support right
border illegal,-0.0002141716340778399,text__border illeg
recall opponent,-0.00021384486246424315,text__recal oppon
Speaker's job title: Former governor,-0.00021373466469757477,job__Speaker's job title_Former governor
expand,-0.00021365015138635272,text__expand
almost,-0.00021351382675521748,text__almost
students loan,-0.00021343867026570406,text__student loan
coalition,-0.00021303772633360238,text__coalit
long term,-0.00021279578293703576,text__long term
public option,-0.00021271591291221342,text__public option
obamacare tax,-0.0002121722691299501,text__obamacar tax
brazil,-0.00021172624233762536,text__brazil
billion stimulus,-0.0002116525966257669,text__billion stimulu
vice,-0.00021163059027742398,text__vice
pay women,-0.0002108017837518561,text__pay women
stimulate,-0.0002104090529231515,text__stimul
formula,-0.0002103178124545634,text__formula
democrats republican,-0.00021022303585228202,text__democrat republican
Speaker's job title: Congressman,-0.00020991450795857403,job__Speaker's job title_Congressman
biden,-0.0002099019939720489,text__biden
Subject: iraq,-0.00020960742186523293,subject__iraq
users,-0.0002093974114056009,text__user
medicare billion,-0.00020937619864367724,text__medicar billion
year president,-0.00020917159996115055,text__year presid
publicly,-0.0002088269970400633,text__publicli
mccollum,-0.00020870732713982693,text__mccollum
cast,-0.0002086014806909499,text__cast
arent,-0.0002081057359961071,text__arent
independent payments,-0.00020780857017032472,text__independ payment
payments advisory,-0.00020780857017032472,text__payment advisori
little,-0.00020764261057359926,text__littl
better,-0.0002073564989269708,text__better
assassination,-0.00020729994136739707,text__assassin
offshore,-0.0002070002010844679,text__offshor
nursing,-0.0002066419818956188,text__nurs
ever seen,-0.0002058881953138862,text__ever seen
excluding,-0.0002057117783907367,text__exclud
return,-0.00020542043128850867,text__return
ducks,-0.00020513481106969637,text__duck
said national,-0.00020510214225075014,text__said nation
week,-0.00020420794895932492,text__week
saudi,-0.00020402568921920245,text__saudi
registered voted,-0.00020386406054271377,text__regist vote
state percent,-0.0002037391468577696,text__state percent
significantly less,-0.00020360532335289395,text__significantli less
renacci,-0.00020353418356129359,text__renacci
rice,-0.0002030744009602721,text__rice
Context: a Web ad,-0.00020291189400059088,context__Context_a Web ad
said wants,-0.00020246939943937713,text__said want
slaves,-0.00020226663239131801,text__slave
thought,-0.00020199838450802993,text__thought
las vegas,-0.00020186270860254163,text__la vega
plan proposed,-0.00020182333230079895,text__plan propos
unemployment,-0.00020182281941478965,text__unemploy
obama took,-0.00020148483996527584,text__obama took
raid,-0.0002005810170926369,text__raid
build,-0.00020057552392899381,text__build
gold standards,-0.0002005342347386078,text__gold standard
consumption,-0.0002005157535977728,text__consumpt
children come,-0.0001996872344461015,text__children come
wives,-0.00019928879396508546,text__wive
virginia state,-0.00019920848313055727,text__virginia state
rutgers,-0.00019856992600943388,text__rutger
lloyd,-0.00019842187343511439,text__lloyd
tammy baldwin,-0.00019840835801530316,text__tammi baldwin
jeb,-0.00019836226662610612,text__jeb
spring,-0.00019800977309012696,text__spring
choose,-0.00019789561076277305,text__choos
vietnam,-0.00019654939873316814,text__vietnam
percentage,-0.00019631305135487664,text__percentag
environmental protect,-0.0001959968783990429,text__environment protect
eye,-0.0001958883982083892,text__eye
jobs including,-0.00019510618614313434,text__job includ
million illegal,-0.00019509114035599692,text__million illeg
fraction,-0.00019500092621163343,text__fraction
americans jobs,-0.00019495368050007967,text__american job
legislature raise,-0.00019463674455141888,text__legislatur rais
rep mike,-0.0001942456178411926,text__rep mike
vice president,-0.00019419298443828972,text__vice presid
negative added,-0.00019404015180891855,text__neg ad
fallen,-0.00019394721503230477,text__fallen
appointed,-0.0001937873735854082,text__appoint
modern history,-0.00019375681670495793,text__modern histori
proposed budget,-0.00019364123356419946,text__propos budget
Speaker's job title: Conservative advocacy group,-0.00019357928895545671,job__Speaker's job title_Conservative advocacy group
since world,-0.00019345534764841912,text__sinc world
candidate,-0.0001932810530835763,text__candid
months office,-0.0001931666438060382,text__month offic
southwest virginia,-0.0001928469395341876,text__southwest virginia
national convention,-0.000192425375518176,text__nation convent
immigration,-0.0001922244911532173,text__immigr
left state,-0.00019195239318000213,text__left state
time since,-0.00019111618375022672,text__time sinc
come across,-0.00019109335910871852,text__come across
year year,-0.00019098551938828186,text__year year
house democrats,-0.00019068802302673433,text__hous democrat
terrorist,-0.00019030199463253517,text__terrorist
part,-0.00019026383693873748,text__part
would give,-0.0001902098934703207,text__would give
obama came,-0.0001901723842122421,text__obama came
district state,-0.0001897101769359495,text__district state
head,-0.0001887766542572173,text__head
accepted,-0.00018851286147880664,text__accept
said dont,-0.0001881634848994626,text__said dont
stake,-0.00018765833656840934,text__stake
ben,-0.00018739718634837663,text__ben
navy,-0.00018731346569726774,text__navi
says eight,-0.0001871074642466777,text__say eight
office estimated,-0.00018696974172117015,text__offic estim
menendez,-0.00018677958201141642,text__menendez
poll show,-0.00018630548958360692,text__poll show
slow,-0.00018610885090502267,text__slow
america since,-0.00018596562110767363,text__america sinc
florida senate,-0.00018596242225493755,text__florida senat
tax,-0.00018589125594543172,text__tax
methods,-0.00018545703502504863,text__method
employees,-0.00018544877393977677,text__employe
beliefs,-0.0001847501353523551,text__belief
many cases,-0.00018434926393538914,text__mani case
americans received,-0.00018426414182331184,text__american receiv
south,-0.00018385929662316391,text__south
birthright citizenship,-0.00018371829000160927,text__birthright citizenship
birthright,-0.00018371829000160927,text__birthright
regarding,-0.0001833741712056378,text__regard
uninsured people,-0.00018333853734797616,text__uninsur peopl
dont think,-0.0001830604169116896,text__dont think
"State: (other, less common)",-0.00018305570354395153,state__State_infrequent_sklearn
office said,-0.00018305535222641001,text__offic said
voted allow,-0.00018274723221961802,text__vote allow
ms,-0.00018244347994549767,text__ms
wisconsin residents,-0.00018231692486756125,text__wisconsin resid
pension,-0.00018215688663329984,text__pension
billion year,-0.0001820831187682422,text__billion year
jobless,-0.00018199332170596878,text__jobless
says never,-0.00018181900788416476,text__say never
schrader,-0.00018128397449483296,text__schrader
important,-0.00018116723428054566,text__import
women,-0.00018111879296273413,text__women
clinton plan,-0.00018102854150390955,text__clinton plan
completely,-0.00018086075229967896,text__complet
one term,-0.00018045872408220268,text__one term
amendment right,-0.00018033523021622857,text__amend right
schoolchildren,-0.00018023736930865744,text__schoolchildren
killer,-0.00017990383588921833,text__killer
every person,-0.00017987717010857317,text__everi person
congress,-0.00017913137612818542,text__congress
agenda,-0.00017891327458592176,text__agenda
bunch,-0.0001788853650812637,text__bunch
thousands jobs,-0.00017886127907660532,text__thousand job
would created,-0.00017875650570318603,text__would creat
carter,-0.00017866548610459004,text__carter
population percent,-0.0001785429138057201,text__popul percent
breaks,-0.00017818633031052434,text__break
single payer,-0.00017792036937362766,text__singl payer
payer,-0.00017792036937362766,text__payer
ability,-0.00017766240315870264,text__abil
intervened,-0.00017743201819494047,text__interven
hard earn,-0.00017702618389397226,text__hard earn
finland,-0.00017694837269400138,text__finland
going state,-0.00017687118038795628,text__go state
growing,-0.00017657816014043538,text__grow
president bill,-0.00017651906966352992,text__presid bill
protect,-0.00017639437740796484,text__protect
received voted,-0.00017639112751435026,text__receiv vote
paid tax,-0.00017580896430610945,text__paid tax
modern time,-0.0001756278356457361,text__modern time
ambassador,-0.0001754797363185631,text__ambassador
shut government,-0.00017526568454220512,text__shut govern
signature,-0.00017515403876445986,text__signatur
sought,-0.000175088906707898,text__sought
percent chance,-0.00017499256231939857,text__percent chanc
earthquake,-0.00017488982809376255,text__earthquak
shelby,-0.0001743667787573455,text__shelbi
shelby county,-0.0001743667787573455,text__shelbi counti
fought,-0.00017433184363680143,text__fought
words,-0.00017422124493386132,text__word
opinion,-0.00017381009844474624,text__opinion
legislature,-0.00017374072822550168,text__legislatur
big government,-0.00017364897916253462,text__big govern
jobs construction,-0.0001733946696985428,text__job construct
chris,-0.00017313956396772479,text__chri
classrooms,-0.0001725773726330032,text__classroom
bed,-0.00017209259576043729,text__bed
growth,-0.00017158115739092733,text__growth
ronald reagan,-0.00017132711744212613,text__ronald reagan
project billion,-0.0001711371041429276,text__project billion
county district,-0.00017093743740856113,text__counti district
rebuild,-0.0001704568656214144,text__rebuild
cotton voted,-0.00017038943462784807,text__cotton vote
career politicians,-0.0001702528358952839,text__career politician
non citizens,-0.0001702108160496327,text__non citizen
verify,-0.00017017286011126494,text__verifi
mandate,-0.0001701415989410681,text__mandat
man,-0.00016948041081633314,text__man
texas state,-0.00016942498922453543,text__texa state
several,-0.00016909248472409184,text__sever
five year,-0.0001689546387928129,text__five year
presence,-0.00016883648178031305,text__presenc
harry,-0.00016874287907390605,text__harri
promote,-0.00016873980034440655,text__promot
Context: a mailer to voters,-0.00016859057439542932,context__Context_a mailer to voters
Context: Philadelphia,-0.00016859057439542932,context__Context_Philadelphia
Context: comments at a GOP debate in Cleveland,-0.00016859057439542932,context__Context_comments at a GOP debate in Cleveland
Speaker's job title: Candidate for lieutenant governor,-0.00016859057439542932,job__Speaker's job title_Candidate for lieutenant governor
Context: a TV debate,-0.00016859057439542932,context__Context_a TV debate
Speaker's job title: MSNBC television host,-0.00016859057439542932,job__Speaker's job title_MSNBC television host
Context: a web post,-0.00016859057439542932,context__Context_a web post
Speaker's job title: Mayor of Austin,-0.00016859057439542932,job__Speaker's job title_Mayor of Austin
Speaker's job title: Member of Milwaukee Common Council,-0.00016859057439542932,job__Speaker's job title_Member of Milwaukee Common Council
secret,-0.0001682765695460445,text__secret
clayton county,-0.00016814347385443932,text__clayton counti
clayton,-0.00016814347385443932,text__clayton
super pac,-0.00016804876950471626,text__super pac
linked,-0.00016800963579550134,text__link
obama campaign,-0.00016793514410851757,text__obama campaign
since year,-0.000167886057738596,text__sinc year
dreamers,-0.00016728058507670067,text__dreamer
homeland security,-0.00016712490275177199,text__homeland secur
homeland,-0.00016712490275177199,text__homeland
disabled,-0.0001666111322357777,text__disabl
says mitt,-0.0001665562501908899,text__say mitt
per year,-0.00016654404774990816,text__per year
senate democrats,-0.00016648763691108748,text__senat democrat
flag,-0.00016605996932971548,text__flag
obsolete,-0.00016582593925905574,text__obsolet
rep paul,-0.00016562298294474066,text__rep paul
tax increase,-0.00016547611880824873,text__tax increas
expected,-0.0001649383802240929,text__expect
according government,-0.0001647266337399538,text__accord govern
bear,-0.00016472629139271144,text__bear
free zone,-0.00016460693124026356,text__free zone
gun free,-0.00016460693124026356,text__gun free
desk,-0.00016407171411539698,text__desk
pain,-0.0001639427086598692,text__pain
candidate carlos,-0.00016374738083757825,text__candid carlo
put million,-0.00016368718156462277,text__put million
Context: a video,-0.00016342533066772958,context__Context_a video
ronald,-0.00016332388047933484,text__ronald
southern,-0.00016331556571402993,text__southern
never voted,-0.00016306107296401665,text__never vote
high percent,-0.00016246801159325625,text__high percent
rubio said,-0.0001619436817872405,text__rubio said
core standards,-0.00016183689969258356,text__core standard
obama white,-0.0001615774945095014,text__obama white
popular,-0.00016148869034610737,text__popular
money went,-0.0001612941489342325,text__money went
pay abortion,-0.00016107027896377447,text__pay abort
reduce percent,-0.00016098164933793432,text__reduc percent
justified,-0.0001605122776068986,text__justifi
state sen,-0.00016006607382798956,text__state sen
joanne,-0.00015996896306694382,text__joann
joanne kloppenburg,-0.00015996896306694382,text__joann kloppenburg
kloppenburg,-0.00015996896306694382,text__kloppenburg
direct,-0.00015975849886795413,text__direct
women killed,-0.00015939705456674054,text__women kill
chris abele,-0.00015923914038646624,text__chri abel
abele,-0.00015923914038646624,text__abel
kilmartin,-0.000159119854164254,text__kilmartin
mike coffman,-0.00015907491515408203,text__mike coffman
security trust,-0.00015881268398097598,text__secur trust
Context: a web post.,-0.0001587874978171482,context__Context_a web post.
Speaker's job title: White House press secretary,-0.00015878749781714812,job__Speaker's job title_White House press secretary
one time,-0.00015868584906525337,text__one time
power plan,-0.00015842432737705027,text__power plan
wont,-0.0001583670217307524,text__wont
childhood,-0.00015817041786427664,text__childhood
gov romney,-0.00015812305523648992,text__gov romney
trafficking,-0.00015805799269288454,text__traffick
san francisco,-0.0001580312914365662,text__san francisco
francisco,-0.0001580312914365662,text__francisco
turner,-0.00015792699551612772,text__turner
ranch,-0.0001575752248430721,text__ranch
reliable,-0.00015734833743879693,text__reliabl
political,-0.00015733871673453983,text__polit
says mark,-0.00015730795992595313,text__say mark
restaurant,-0.0001572774996294854,text__restaur
acorn,-0.00015726393818359346,text__acorn
earn income,-0.0001572037468232212,text__earn incom
since january,-0.00015702942790783998,text__sinc januari
boyfriends,-0.00015686213725152974,text__boyfriend
time much,-0.00015672805329637927,text__time much
simpson bowl,-0.0001565108954997899,text__simpson bowl
take away,-0.0001559443704481409,text__take away
donors,-0.00015574429505518835,text__donor
anti,-0.0001554905013654343,text__anti
year next,-0.000155479358232217,text__year next
sex marriage,-0.0001551438755623651,text__sex marriag
wave,-0.00015487289058570278,text__wave
bill became,-0.00015483172584469053,text__bill becam
funding management,-0.00015479022280233645,text__fund manag
newspaper,-0.00015469838784337378,text__newspap
voted budget,-0.00015468665269496428,text__vote budget
english,-0.00015441080753708563,text__english
faith,-0.00015432630545098968,text__faith
plan government,-0.00015431413398801612,text__plan govern
devastating,-0.00015381838829951427,text__devast
cost taxpayers,-0.0001536457189769518,text__cost taxpay
prostate cancer,-0.0001536100215805013,text__prostat cancer
prostate,-0.0001536100215805013,text__prostat
wasserman schultz,-0.00015333041493140022,text__wasserman schultz
debbie wasserman,-0.00015333041493140022,text__debbi wasserman
wasserman,-0.00015333041493140022,text__wasserman
child care,-0.00015319674535344723,text__child care
gender,-0.0001531752086765375,text__gender
super bowl,-0.00015316724768254942,text__super bowl
carlos,-0.00015302178934438856,text__carlo
worldwide,-0.00015300457240823923,text__worldwid
log,-0.00015268455120493891,text__log
economic growth,-0.00015261004724275272,text__econom growth
next year,-0.00015228423434109854,text__next year
energy tax,-0.0001522102340783668,text__energi tax
president combined,-0.00015211304199556477,text__presid combin
candidacy,-0.00015195638033602818,text__candidaci
reform bill,-0.00015164685312522085,text__reform bill
grocery,-0.00015140581627759016,text__groceri
national jobs,-0.00015105481724719103,text__nation job
fluorescent,-0.00015082991193004038,text__fluoresc
republican primary,-0.0001505913265782648,text__republican primari
impeachment,-0.00014989237216829683,text__impeach
structural deficit,-0.00014982990213879504,text__structur deficit
residents required,-0.00014979665933849686,text__resid requir
gave million,-0.00014953542554022224,text__gave million
prescription,-0.00014897819126267044,text__prescript
tax exempt,-0.00014877475752146768,text__tax exempt
significant,-0.00014788513034375808,text__signific
would cost,-0.00014771860994534483,text__would cost
plan cost,-0.00014748806254634734,text__plan cost
pretty,-0.00014711607520362624,text__pretti
attorney general,-0.00014686864537990417,text__attorney gener
sat,-0.0001467551830747544,text__sat
boston,-0.0001466545365897797,text__boston
tax one,-0.00014665197633358657,text__tax one
pregnant,-0.00014659150893621956,text__pregnant
teachers pay,-0.00014638615549370776,text__teacher pay
robbery,-0.0001454486218092144,text__robberi
hurricane,-0.00014486870473377468,text__hurrican
bob,-0.00014475708468776616,text__bob
rape,-0.00014468097531578848,text__rape
husband,-0.00014449461655161312,text__husband
account,-0.00014411641400683054,text__account
unfair,-0.0001440733336213997,text__unfair
clackamas,-0.00014396476973291874,text__clackama
knowledge,-0.00014389094050806857,text__knowledg
challenger,-0.00014387979937917697,text__challeng
record jobs,-0.00014349468821085593,text__record job
disqualified,-0.00014302707175360056,text__disqualifi
keep,-0.000142167641203336,text__keep
halfway,-0.0001418313528213718,text__halfway
introduced,-0.00014181685188704106,text__introduc
coal fire,-0.00014121202109360865,text__coal fire
largest number,-0.00014103938049301644,text__largest number
cell phone,-0.00014089652540584934,text__cell phone
cotton,-0.00014089494620410446,text__cotton
part time,-0.0001408909866237686,text__part time
help lead,-0.00014085918425989027,text__help lead
chinese prostitutes,-0.00014071383322566592,text__chines prostitut
florida history,-0.00014048731886632612,text__florida histori
million dollars,-0.00014048489143835634,text__million dollar
recognize,-0.00014005223567541497,text__recogn
summer,-0.00014001438206109605,text__summer
legal,-0.00013999086143943448,text__legal
damage,-0.00013981662900578053,text__damag
guard,-0.00013948840802690502,text__guard
authority military,-0.00013942346846588578,text__author militari
destruction,-0.0001392382668213598,text__destruct
charlie,-0.00013907229190477483,text__charli
unless,-0.00013906608028710815,text__unless
mosque,-0.00013884536834810152,text__mosqu
state employees,-0.00013879437486693602,text__state employe
edwards,-0.00013866073808508703,text__edward
half year,-0.00013825359755277985,text__half year
aaa,-0.00013776991930320744,text__aaa
patrol,-0.00013769839103437644,text__patrol
fools,-0.00013768098311040493,text__fool
hammers,-0.0001376171107312738,text__hammer
cell research,-0.0001374688679489568,text__cell research
fire power,-0.00013733043680338626,text__fire power
packers,-0.0001370389795606053,text__packer
hope scholarship,-0.00013683119713407235,text__hope scholarship
report says,-0.0001367736542708873,text__report say
tim,-0.00013666259717534196,text__tim
mr,-0.00013657786149670454,text__mr
Subject: debates,-0.00013654490287040046,subject__debates
tens,-0.00013650271111896584,text__ten
parenthood,-0.00013639099652106373,text__parenthood
plan parenthood,-0.00013639099652106373,text__plan parenthood
training,-0.00013632749739201936,text__train
house voted,-0.00013618923301678986,text__hous vote
holder,-0.00013601365907038015,text__holder
hearing,-0.00013590173645267942,text__hear
percent support,-0.00013528698174011605,text__percent support
human,-0.00013519290866861885,text__human
block,-0.00013393432207657008,text__block
year went,-0.00013361774174200112,text__year went
Subject: campaign-finance,-0.00013355508842130415,subject__campaign-finance
texas percent,-0.00013306880745389823,text__texa percent
vegas,-0.00013285055450337516,text__vega
switzerland,-0.000132736267761105,text__switzerland
dont wants,-0.0001327101882344417,text__dont want
michael,-0.0001324821051925145,text__michael
gas,-0.00013244711087853056,text__ga
cost live,-0.0001322594803892574,text__cost live
gun sold,-0.0001320621892093158,text__gun sold
kaptur,-0.00013166185622718942,text__kaptur
marcy,-0.00013166185622718942,text__marci
marcy kaptur,-0.00013166185622718942,text__marci kaptur
State: Arizona,-0.00013096999527480787,state__State_Arizona
jobs america,-0.00013093494598785853,text__job america
reform law,-0.00013089558291211413,text__reform law
expand medicaid,-0.00013052758563495995,text__expand medicaid
north korea,-0.00013038808621174315,text__north korea
billion per,-0.00013018871613502421,text__billion per
poses,-0.00013016792735606443,text__pose
level,-0.00012998451959704406,text__level
clinton would,-0.00012966196653466154,text__clinton would
rifle,-0.00012915435125016934,text__rifl
campaign contributions,-0.00012888415313255913,text__campaign contribut
people would,-0.00012879379391964073,text__peopl would
agreed,-0.00012871926546396536,text__agre
bruce,-0.0001286906236656609,text__bruce
laid,-0.0001285717536103482,text__laid
john mccain,-0.00012849646005042524,text__john mccain
canadian,-0.00012848578521907527,text__canadian
collective bargaining,-0.00012832044396178613,text__collect bargain
revolution,-0.00012826000592620836,text__revolut
abortion,-0.00012821488352003665,text__abort
xl pipeline,-0.00012813274293626027,text__xl pipelin
deal,-0.00012749433948059532,text__deal
forest,-0.00012713870714590466,text__forest
says mitch,-0.00012708926789922932,text__say mitch
participation,-0.00012704521023765698,text__particip
bill sent,-0.00012693426004044362,text__bill sent
joined,-0.00012657334024703969,text__join
people buy,-0.0001265723143878375,text__peopl buy
natural gas,-0.00012628290191907314,text__natur ga
bill year,-0.00012596624635423986,text__bill year
percent population,-0.00012596213998126323,text__percent popul
reserve chairman,-0.0001258620574505584,text__reserv chairman
support ted,-0.0001256812678414408,text__support ted
electric car,-0.00012541490971424297,text__electr car
state required,-0.00012509052199373072,text__state requir
almost state,-0.00012459904285103848,text__almost state
thomas,-0.00012396151241929893,text__thoma
mack iv,-0.00012373953006316173,text__mack iv
iv,-0.00012373953006316173,text__iv
brutal,-0.00012355013597632216,text__brutal
consistently,-0.00012344423032873192,text__consist
favor,-0.00012303971855649978,text__favor
biggest jobs,-0.0001228904124458212,text__biggest job
cost million,-0.00012275215896520147,text__cost million
state money,-0.0001226775099686997,text__state money
tax small,-0.0001223487733378079,text__tax small
financial,-0.0001221488007822434,text__financi
replace obamacare,-0.00012213910865781636,text__replac obamacar
muslim,-0.00012202905550016659,text__muslim
lose jobs,-0.00012197450987956258,text__lose job
wall,-0.0001216249321553378,text__wall
libyan,-0.00012155224074083164,text__libyan
zero,-0.00012128445078158854,text__zero
board,-0.00012126581038191729,text__board
athletes,-0.00012119426797297383,text__athlet
emails,-0.00012110984796589114,text__email
devices,-0.00012110747443044508,text__devic
consumer,-0.00012109579295797752,text__consum
tab,-0.00012056081079686743,text__tab
tax deduction,-0.00011990393257331196,text__tax deduct
Speaker's job title: State Assemblyman,-0.00011910642348570272,job__Speaker's job title_State Assemblyman
time jobs,-0.00011906343179698751,text__time job
pope,-0.0001190291090267589,text__pope
nuclear deal,-0.00011873481926293789,text__nuclear deal
sure,-0.00011870891293145818,text__sure
companies created,-0.00011863558818779286,text__compani creat
premiums increase,-0.0001186060191154433,text__premium increas
executive chris,-0.00011850418892618567,text__execut chri
brown,-0.00011843761164779101,text__brown
heterosexual,-0.00011831442759811918,text__heterosexu
every time,-0.00011815758821806962,text__everi time
hands,-0.00011808789573751581,text__hand
forever,-0.00011808620285537706,text__forev
mark begich,-0.00011801432047489845,text__mark begich
begich,-0.00011801432047489845,text__begich
ethics,-0.00011791732130601618,text__ethic
jobless rate,-0.00011786033313522513,text__jobless rate
september,-0.00011777084677461196,text__septemb
bonuses,-0.000117756269501029,text__bonus
lost,-0.00011772406091450495,text__lost
city milwaukee,-0.00011767207837027153,text__citi milwauke
stronger,-0.00011761753189102924,text__stronger
report,-0.00011739353609134285,text__report
care seniors,-0.00011729109499783758,text__care senior
military service,-0.00011718102897140899,text__militari servic
allow people,-0.00011670728806002973,text__allow peopl
says one,-0.00011642442450737173,text__say one
lincoln chafee,-0.00011631737782062233,text__lincoln chafe
insurance plan,-0.00011604261553030995,text__insur plan
deficit reduction,-0.00011587142322942937,text__deficit reduct
affordable care,-0.000115749547199006,text__afford care
favorite,-0.00011570892375773297,text__favorit
allow use,-0.00011514016040523624,text__allow use
get rid,-0.00011512132435052067,text__get rid
broward county,-0.0001149276504838566,text__broward counti
employees received,-0.00011475648902317751,text__employe receiv
petersburg,-0.00011473627909048203,text__petersburg
st petersburg,-0.00011473627909048203,text__st petersburg
mayor,-0.0001146907424598814,text__mayor
new jobs,-0.00011461637979724929,text__new job
recent said,-0.00011453024932587924,text__recent said
van,-0.00011452008387327784,text__van
day office,-0.00011449055890230144,text__day offic
york,-0.0001138570919957323,text__york
new york,-0.0001138570919957323,text__new york
kept,-0.00011375439749506197,text__kept
estimated percent,-0.00011370849206649325,text__estim percent
strict,-0.00011350951694352897,text__strict
cost per,-0.00011328960218789954,text__cost per
barrel oil,-0.0001132512373242558,text__barrel oil
beneficiaries,-0.00011316213646279236,text__beneficiari
cuban,-0.00011310847918398123,text__cuban
including,-0.00011303210313926175,text__includ
nuclear arms,-0.00011293246642965635,text__nuclear arm
unemployment percent,-0.00011223239308160377,text__unemploy percent
Subject: marriage,-0.00011211273197297228,subject__marriage
anybody,-0.00011196138831476978,text__anybodi
"Context: (other, less common)",-0.00011169569459428997,context__Context_infrequent_sklearn
middle,-0.00011162363645665707,text__middl
address,-0.00011156882599925473,text__address
grocery stores,-0.0001114017426506995,text__groceri store
floridians,-0.00011115756914422706,text__floridian
industry world,-0.00011092844343049047,text__industri world
special,-0.0001108238423137402,text__special
percent president,-0.0001108101001065363,text__percent presid
confirmed,-0.00011072276280600357,text__confirm
al qaida,-0.00011053914134711894,text__al qaida
qaida,-0.00011053914134711894,text__qaida
daniel webster,-0.00011019667215739741,text__daniel webster
construction,-0.0001100902917755409,text__construct
pump,-0.00010951848243119599,text__pump
goal,-0.00010926488266362668,text__goal
development,-0.00010924964278552684,text__develop
legislation,-0.00010919248122664121,text__legisl
care system,-0.00010899956582338357,text__care system
pool,-0.00010878383816985189,text__pool
pennsylvania,-0.00010869477288107637,text__pennsylvania
outrageous,-0.00010865089579247549,text__outrag
mexican,-0.00010847834699085253,text__mexican
kaine,-0.00010845932155768773,text__kain
State: New Hampshire,-0.00010829203984326259,state__State_New Hampshire
milwaukee,-0.0001082427987424089,text__milwauke
repeal obamacare,-0.0001082010049085325,text__repeal obamacar
says ohio,-0.00010807964322679695,text__say ohio
says got,-0.00010804556648599447,text__say got
texas students,-0.00010795965176397787,text__texa student
innocent,-0.00010772682708393706,text__innoc
roy barnes,-0.00010772044178990379,text__roy barn
stand ground,-0.00010735418692010665,text__stand ground
year congress,-0.00010723279949776189,text__year congress
draft,-0.00010678713019917462,text__draft
al,-0.00010677874980032273,text__al
Context: a campaign ad,-0.00010653479325329033,context__Context_a campaign ad
milwaukee county,-0.00010650143591084604,text__milwauke counti
ongoing,-0.00010596488033520483,text__ongo
year additional,-0.00010582104094946024,text__year addit
nonviolent,-0.00010569403830143298,text__nonviol
bill mccollum,-0.00010568957533077591,text__bill mccollum
others,-0.00010560563655867913,text__other
tampa,-0.00010559315377117348,text__tampa
doubled national,-0.00010543681676580303,text__doubl nation
earn money,-0.00010533746403471767,text__earn money
companies ship,-0.00010516663201265807,text__compani ship
provide health,-0.00010514946379549355,text__provid health
weekend,-0.0001049505885943758,text__weekend
time left,-0.00010481445537444138,text__time left
death,-0.00010451201073272836,text__death
civil war,-0.00010391677836359699,text__civil war
perdue,-0.00010371296348762107,text__perdu
saw,-0.00010361711242605307,text__saw
letter,-0.000103433114367953,text__letter
people says,-0.00010336388569164769,text__peopl say
battlefield,-0.00010328435194150607,text__battlefield
national highest,-0.00010315745298039981,text__nation highest
might,-0.00010315514584200272,text__might
prescription drug,-0.00010301250839769618,text__prescript drug
reduce federal,-0.00010257827037669132,text__reduc feder
going reduce,-0.00010257237045354839,text__go reduc
another million,-0.0001025708240979128,text__anoth million
slipped,-0.0001025045149495392,text__slip
houston,-0.00010245809552431381,text__houston
campus,-0.00010205254353380792,text__campu
record senate,-0.00010195070843738811,text__record senat
administration,-0.00010194548435151376,text__administr
ordinance,-0.00010189572066799541,text__ordin
get percent,-0.00010171409349204118,text__get percent
black,-0.0001016358669284247,text__black
law enforcement,-0.00010150449133249869,text__law enforc
watch,-0.00010133835916893499,text__watch
texans,-0.00010120278849235267,text__texan
voted president,-0.00010112544961847848,text__vote presid
spending billion,-0.00010102338431875404,text__spend billion
says bruce,-0.00010096170237458205,text__say bruce
immigration reform,-0.0001008576704878986,text__immigr reform
elderly,-0.00010039819292497473,text__elderli
payments,-0.00010032646588210576,text__payment
goes,-9.988401321757904e-05,text__goe
turkey,-9.986396555838778e-05,text__turkey
says milwaukee,-9.956804025354314e-05,text__say milwauke
Subject: census,-9.92607882324563e-05,subject__census
reduce size,-9.917642882070281e-05,text__reduc size
save billion,-9.912213896805789e-05,text__save billion
environmental,-9.910408023850953e-05,text__environment
video,-9.870173064342658e-05,text__video
get money,-9.863951298818561e-05,text__get money
says says,-9.858849744657589e-05,text__say say
covered,-9.847385270462316e-05,text__cover
recall petition,-9.844732575430805e-05,text__recal petit
killed,-9.831209093687696e-05,text__kill
complaining,-9.812756610870656e-05,text__complain
secretly,-9.730841632702292e-05,text__secretli
wed,-9.705617366783958e-05,text__wed
take people,-9.680659592867809e-05,text__take peopl
mitch,-9.645531106139716e-05,text__mitch
census,-9.638214848795156e-05,text__censu
behavior,-9.621890428160304e-05,text__behavior
dodd,-9.568320799571868e-05,text__dodd
percent cost,-9.534432774743261e-05,text__percent cost
drivers,-9.521098348502803e-05,text__driver
wants make,-9.517458103731446e-05,text__want make
harm,-9.506689704028201e-05,text__harm
mack,-9.439460064887086e-05,text__mack
senate passed,-9.408994874704977e-05,text__senat pass
make,-9.297804362676171e-05,text__make
stimulus package,-9.276230651569335e-05,text__stimulu packag
rick,-9.251872757242551e-05,text__rick
held,-9.203896102897737e-05,text__held
stop,-9.200245344687116e-05,text__stop
contributor,-9.183853389239809e-05,text__contributor
disproportionately,-9.181521270859178e-05,text__disproportion
debbie,-9.179780392098378e-05,text__debbi
objective,-9.15742514905872e-05,text__object
priorities,-9.154298391148524e-05,text__prioriti
would see,-9.147937687481065e-05,text__would see
office firefighters,-9.140073829414365e-05,text__offic firefight
says obama,-9.117488252337501e-05,text__say obama
says youre,-9.116330411867793e-05,text__say your
school funding,-9.089883974959486e-05,text__school fund
shale,-9.082550376960872e-05,text__shale
police chief,-9.071262973035899e-05,text__polic chief
religious freedom,-9.05850843212237e-05,text__religi freedom
save taxpayers,-9.058349816396899e-05,text__save taxpay
across,-9.039377412313526e-05,text__across
sequester,-9.035667948658167e-05,text__sequest
billion funding,-9.028412535959955e-05,text__billion fund
world health,-8.987158511593962e-05,text__world health
change position,-8.980715089841177e-05,text__chang posit
past,-8.971200826795422e-05,text__past
thc,-8.964556071230025e-05,text__thc
schultz,-8.947060400595851e-05,text__schultz
illinois,-8.94286983958279e-05,text__illinoi
engagement,-8.939191863430114e-05,text__engag
theyre pay,-8.93542862741505e-05,text__theyr pay
Context: an interview.,-8.928905443552607e-05,context__Context_an interview.
stimulus funding,-8.92226614321108e-05,text__stimulu fund
says unemployment,-8.912762543231899e-05,text__say unemploy
slots,-8.880694021899924e-05,text__slot
sweetheart,-8.877233788107423e-05,text__sweetheart
single mother,-8.873603913360837e-05,text__singl mother
going school,-8.833556998038143e-05,text__go school
germany,-8.828232349428088e-05,text__germani
says government,-8.82611099706272e-05,text__say govern
save money,-8.823472458733902e-05,text__save money
raise pay,-8.820168717390532e-05,text__rais pay
year people,-8.81581990287785e-05,text__year peopl
republican plan,-8.807174257028592e-05,text__republican plan
rammed,-8.7263512671088e-05,text__ram
set,-8.701181318930911e-05,text__set
women face,-8.68504690894907e-05,text__women face
unpopular,-8.682288954444081e-05,text__unpopular
revealed,-8.621033448994276e-05,text__reveal
massachusetts,-8.574784530053134e-05,text__massachusett
mate,-8.543446211678579e-05,text__mate
run mate,-8.543446211678579e-05,text__run mate
youtube,-8.520856751152572e-05,text__youtub
fellow,-8.508725427684958e-05,text__fellow
style,-8.494979787674482e-05,text__style
billion cut,-8.475103127434636e-05,text__billion cut
voted keep,-8.44172648954628e-05,text__vote keep
obama administration,-8.411168937707785e-05,text__obama administr
georgia state,-8.398006447414132e-05,text__georgia state
energy cost,-8.386337340616602e-05,text__energi cost
room,-8.374130443823962e-05,text__room
violent,-8.359699606982241e-05,text__violent
enforcement,-8.357413551536909e-05,text__enforc
green bay,-8.298394273928597e-05,text__green bay
ban,-8.291289968677321e-05,text__ban
threat face,-8.290292765885553e-05,text__threat face
people use,-8.28664976585839e-05,text__peopl use
roy,-8.218962915375006e-05,text__roy
things like,-8.218726746971711e-05,text__thing like
afraid,-8.211080286436868e-05,text__afraid
freddie mac,-8.194084289495558e-05,text__freddi mac
would deny,-8.190821519966178e-05,text__would deni
companies like,-8.187372006803617e-05,text__compani like
wants private,-8.168920101019656e-05,text__want privat
throw,-8.125654286991209e-05,text__throw
plan covered,-8.11057000504038e-05,text__plan cover
stolen,-8.105081678365696e-05,text__stolen
amnesty illegal,-8.098994056512952e-05,text__amnesti illeg
langevin,-8.098322057657192e-05,text__langevin
almost every,-8.097816799783614e-05,text__almost everi
tax billion,-8.092510195987159e-05,text__tax billion
salaries,-8.088094767397281e-05,text__salari
billion state,-8.087257193006031e-05,text__billion state
true says,-8.083003188532242e-05,text__true say
State: Kansas,-8.08039642058279e-05,state__State_Kansas
tax save,-8.074488302556518e-05,text__tax save
obama says,-8.060484403093514e-05,text__obama say
austin school,-8.049135643623954e-05,text__austin school
scam,-8.039210257100213e-05,text__scam
entitlement,-8.029539439850234e-05,text__entitl
republican district,-8.024451930422413e-05,text__republican district
unemployment benefits,-8.005780853047507e-05,text__unemploy benefit
even,-7.968900357740613e-05,text__even
flood,-7.964180649621885e-05,text__flood
counseling,-7.955926882278549e-05,text__counsel
trillion new,-7.945839659543905e-05,text__trillion new
reason,-7.94581237064803e-05,text__reason
criminal justice,-7.929940838268119e-05,text__crimin justic
florida democrats,-7.863814273317577e-05,text__florida democrat
zika virus,-7.857311016230859e-05,text__zika viru
course,-7.848845540588524e-05,text__cours
run governor,-7.848670876256144e-05,text__run governor
unilaterally,-7.843810498647822e-05,text__unilater
voted wall,-7.837780923350192e-05,text__vote wall
record,-7.827554343904958e-05,text__record
economic development,-7.799278989265395e-05,text__econom develop
schedule,-7.787458549570424e-05,text__schedul
money,-7.749386571988084e-05,text__money
due obamacare,-7.731699053205119e-05,text__due obamacar
spending cut,-7.727271925369507e-05,text__spend cut
restore,-7.726183949136757e-05,text__restor
dont,-7.711737527957585e-05,text__dont
franklin,-7.708582718090817e-05,text__franklin
university wisconsin,-7.707934787912064e-05,text__univers wisconsin
wear,-7.706498717138403e-05,text__wear
roads,-7.655926062848347e-05,text__road
atlanta,-7.613875776562066e-05,text__atlanta
since mr,-7.593689567458643e-05,text__sinc mr
medicare spending,-7.577096349589486e-05,text__medicar spend
rejected,-7.561221668804031e-05,text__reject
foot,-7.53718738674389e-05,text__foot
subsidize,-7.528851161205291e-05,text__subsid
sentences,-7.526546361472265e-05,text__sentenc
football,-7.516775900157212e-05,text__footbal
midwest jobs,-7.50684239371306e-05,text__midwest job
money health,-7.505229811809183e-05,text__money health
billion deficit,-7.492156287978266e-05,text__billion deficit
tax return,-7.485807803874457e-05,text__tax return
iron,-7.478025851313795e-05,text__iron
got,-7.474157963826251e-05,text__got
bernie,-7.471062120206914e-05,text__berni
year theres,-7.470201235013622e-05,text__year there
creation,-7.465035463253746e-05,text__creation
particularly,-7.445229598950706e-05,text__particularli
highest percentage,-7.442031812210968e-05,text__highest percentag
government regulations,-7.439305616063864e-05,text__govern regul
hospitals,-7.430561718392472e-05,text__hospit
rep jim,-7.419512924857029e-05,text__rep jim
gulf war,-7.397424493205735e-05,text__gulf war
event,-7.35668914513312e-05,text__event
old,-7.327118926120326e-05,text__old
divorce,-7.312756846926338e-05,text__divorc
rose,-7.289560576925957e-05,text__rose
state mandate,-7.283449476337846e-05,text__state mandat
maternity,-7.277381275246467e-05,text__matern
dad,-7.273968188642158e-05,text__dad
illegal,-7.270371554321794e-05,text__illeg
Context: a TV ad,-7.186405661804246e-05,context__Context_a TV ad
location,-7.162847861841557e-05,text__locat
senate president,-7.13228416366377e-05,text__senat presid
Subject: new-hampshire-2012,-7.123795630052676e-05,subject__new-hampshire-2012
school lunch,-7.116168302473007e-05,text__school lunch
alternative,-7.112314110208243e-05,text__altern
pocket,-7.110435567592127e-05,text__pocket
impose,-7.102452305225276e-05,text__impos
bin,-7.092316087174603e-05,text__bin
birth control,-7.041954162161376e-05,text__birth control
support china,-7.034321151687707e-05,text__support china
anymore,-7.001190108002096e-05,text__anymor
possession,-6.983004516446345e-05,text__possess
says rick,-6.973347589052897e-05,text__say rick
affirmative,-6.969729745724993e-05,text__affirm
john,-6.966374953602771e-05,text__john
holding,-6.934081800441915e-05,text__hold
truman,-6.921698907976713e-05,text__truman
patriotic,-6.899784282615413e-05,text__patriot
together,-6.89926837786201e-05,text__togeth
obama signed,-6.880859346627281e-05,text__obama sign
foster,-6.868607827273373e-05,text__foster
latin,-6.831689071380095e-05,text__latin
latin america,-6.831689071380095e-05,text__latin america
year long,-6.806651606438005e-05,text__year long
babies,-6.79379583296354e-05,text__babi
captured,-6.771445750579475e-05,text__captur
see tax,-6.7556363755462e-05,text__see tax
pakistan,-6.736785664390072e-05,text__pakistan
wind,-6.703979290337967e-05,text__wind
says transportation,-6.682564662403161e-05,text__say transport
bribe,-6.670575641048861e-05,text__bribe
glenn,-6.670562328646394e-05,text__glenn
spoken,-6.665384808823965e-05,text__spoken
deny,-6.651306919145463e-05,text__deni
test,-6.64865088759013e-05,text__test
submarines,-6.624559787672767e-05,text__submarin
former federal,-6.533773599737803e-05,text__former feder
support cut,-6.523532057092691e-05,text__support cut
doubled last,-6.492997741384459e-05,text__doubl last
democrats candidate,-6.490330778496213e-05,text__democrat candid
keystone pipeline,-6.481661126327143e-05,text__keyston pipelin
sequestration,-6.479662050860199e-05,text__sequestr
nonpartisan,-6.478079550301283e-05,text__nonpartisan
database,-6.473466032327966e-05,text__databas
year spending,-6.452005884003899e-05,text__year spend
side,-6.437775578886346e-05,text__side
bargaining right,-6.436390837826236e-05,text__bargain right
state department,-6.422789922338768e-05,text__state depart
hire,-6.407927998483555e-05,text__hire
percent year,-6.395088417098816e-05,text__percent year
passed legislation,-6.393898654365209e-05,text__pass legisl
america today,-6.372731617022553e-05,text__america today
north carolina,-6.371066651193325e-05,text__north carolina
came office,-6.361863109266843e-05,text__came offic
war afghanistan,-6.359430150468458e-05,text__war afghanistan
pelosi said,-6.357589264547059e-05,text__pelosi said
lincoln,-6.350284790422391e-05,text__lincoln
martial,-6.341236094548504e-05,text__martial
plan cut,-6.325713437092854e-05,text__plan cut
six time,-6.311128554165327e-05,text__six time
harry reid,-6.304450259045e-05,text__harri reid
package,-6.302211516954467e-05,text__packag
increase tax,-6.29883875755739e-05,text__increas tax
stay,-6.283640841785857e-05,text__stay
rid,-6.257552882528593e-05,text__rid
remedies,-6.25261727695298e-05,text__remedi
solution,-6.24521603802971e-05,text__solut
spouses,-6.237800423244876e-05,text__spous
solved,-6.224133812422272e-05,text__solv
invited,-6.221915397058861e-05,text__invit
study show,-6.218075484624429e-05,text__studi show
sink,-6.202484470025123e-05,text__sink
people right,-6.196387891608911e-05,text__peopl right
remarks,-6.18627674236009e-05,text__remark
considered,-6.173792365022971e-05,text__consid
first state,-6.14607329545839e-05,text__first state
interview,-6.090025071940806e-05,text__interview
industry,-6.0844659204152164e-05,text__industri
care reform,-6.048317925773268e-05,text__care reform
Subject: science,-6.044416158026885e-05,subject__science
veterans,-6.032163744602713e-05,text__veteran
blank,-6.026430199718314e-05,text__blank
lee,-6.00289612714885e-05,text__lee
basically,-5.987960094576923e-05,text__basic
would covered,-5.958677550785313e-05,text__would cover
purchase,-5.956463044573806e-05,text__purchas
probably,-5.950301753975115e-05,text__probabl
reid ribble,-5.94990976357836e-05,text__reid ribbl
ribble,-5.94990976357836e-05,text__ribbl
private insurance,-5.941204792185244e-05,text__privat insur
approximately percent,-5.9285540160569186e-05,text__approxim percent
theft,-5.9260809641450744e-05,text__theft
state income,-5.922510391210086e-05,text__state incom
newark,-5.9139015311577395e-05,text__newark
year rep,-5.90996965879302e-05,text__year rep
crossing border,-5.8893201644689356e-05,text__cross border
new spending,-5.8843232390175516e-05,text__new spend
received,-5.8815818949092695e-05,text__receiv
welfare program,-5.857289110113341e-05,text__welfar program
people day,-5.8458127346380465e-05,text__peopl day
tom cotton,-5.805431915257666e-05,text__tom cotton
willing,-5.8046804350278047e-05,text__will
border patrol,-5.8037682881960275e-05,text__border patrol
october,-5.796860605995344e-05,text__octob
cures,-5.795265007156047e-05,text__cure
add,-5.7940698913528015e-05,text__add
farmers,-5.7746105449369884e-05,text__farmer
national guard,-5.7675619216863365e-05,text__nation guard
medicare advantage,-5.7584363561620116e-05,text__medicar advantag
toward,-5.7445708066711014e-05,text__toward
affiliated,-5.738742145303299e-05,text__affili
position,-5.6630798280839054e-05,text__posit
clackamas county,-5.660183682921999e-05,text__clackama counti
stock,-5.6008173423097426e-05,text__stock
obama taken,-5.5940180946455075e-05,text__obama taken
control,-5.580587457430526e-05,text__control
million taxpayers,-5.535867361086727e-05,text__million taxpay
barbara,-5.5310196553365906e-05,text__barbara
street bank,-5.5253517141713344e-05,text__street bank
warner,-5.5221374103944904e-05,text__warner
terrible,-5.521679356419135e-05,text__terribl
study shown,-5.4937833556794185e-05,text__studi shown
obama added,-5.4826978596503284e-05,text__obama ad
clerk,-5.4682937258731613e-05,text__clerk
club,-5.46284889441809e-05,text__club
Subject: ethics,-5.428235028591247e-05,subject__ethics
communist,-5.418052743830627e-05,text__communist
rally,-5.3694250490409845e-05,text__ralli
entitlement program,-5.3556198668275055e-05,text__entitl program
take advantage,-5.313864263633448e-05,text__take advantag
bail,-5.249212261163126e-05,text__bail
health risk,-5.175431282983423e-05,text__health risk
required,-5.1681879113960016e-05,text__requir
voted bill,-5.1607415300820334e-05,text__vote bill
jeff,-5.124204264971352e-05,text__jeff
six year,-5.114623609400113e-05,text__six year
could use,-5.065859137996122e-05,text__could use
billion annual,-5.0620892489639416e-05,text__billion annual
first,-5.060796296756354e-05,text__first
carry concealed,-5.043048285378158e-05,text__carri conceal
employees could,-4.997257254045321e-05,text__employe could
collapsed,-4.993499180258207e-05,text__collaps
change,-4.990111559843598e-05,text__chang
bill clinton,-4.9894800283280535e-05,text__bill clinton
allen,-4.984790757825519e-05,text__allen
austin,-4.961410266811914e-05,text__austin
beginning,-4.912695628627089e-05,text__begin
pay every,-4.908923373273692e-05,text__pay everi
webster,-4.880809964688375e-05,text__webster
everything,-4.8709034886782676e-05,text__everyth
rate went,-4.84977398129122e-05,text__rate went
spent taxpayers,-4.849537474789603e-05,text__spent taxpay
cost texas,-4.835339293912493e-05,text__cost texa
successful,-4.828771885905482e-05,text__success
asked,-4.8269135869565275e-05,text__ask
barrel,-4.821461182952837e-05,text__barrel
district attorney,-4.807268406349746e-05,text__district attorney
foundation,-4.804284593213114e-05,text__foundat
man made,-4.785657528094331e-05,text__man made
disaster,-4.779673999709509e-05,text__disast
science,-4.775203708500037e-05,text__scienc
gulf,-4.761009808242744e-05,text__gulf
city portland,-4.7451285742907326e-05,text__citi portland
kerry,-4.738122038251647e-05,text__kerri
families year,-4.7046317769358654e-05,text__famili year
conducted,-4.69970460549616e-05,text__conduct
campaign cash,-4.678366919890495e-05,text__campaign cash
nevada,-4.674656645189961e-05,text__nevada
since beginning,-4.6706273352692176e-05,text__sinc begin
would means,-4.644984095092434e-05,text__would mean
fort,-4.64439288620869e-05,text__fort
created jobs,-4.641842352851526e-05,text__creat job
sanctuary,-4.6383134262906057e-05,text__sanctuari
country one,-4.633083075516719e-05,text__countri one
ninth,-4.630999124531792e-05,text__ninth
co,-4.603081520799675e-05,text__co
Subject: message-machine-2012,-4.6006439449621155e-05,subject__message-machine-2012
trans,-4.582069517620896e-05,text__tran
wisconsin one,-4.5777185433581575e-05,text__wisconsin one
department homeland,-4.570786938409416e-05,text__depart homeland
rival,-4.558914423259309e-05,text__rival
new tax,-4.558568898236536e-05,text__new tax
nine year,-4.535510532284521e-05,text__nine year
ri,-4.527613848894485e-05,text__ri
immigration come,-4.454259334060801e-05,text__immigr come
required every,-4.450940170375271e-05,text__requir everi
comply,-4.445894740976321e-05,text__compli
immigration united,-4.4340326451586316e-05,text__immigr unit
inflation,-4.429839169529377e-05,text__inflat
nearly people,-4.425839082135297e-05,text__nearli peopl
senate opponent,-4.402372522026449e-05,text__senat oppon
since gov,-4.381747697386928e-05,text__sinc gov
alex sink,-4.3755693578992975e-05,text__alex sink
warren buffett,-4.369724234513324e-05,text__warren buffett
sotomayor,-4.367787618169646e-05,text__sotomayor
clean,-4.335598241453345e-05,text__clean
basis,-4.321485263758816e-05,text__basi
food stamps,-4.303016696253612e-05,text__food stamp
arizona,-4.3019337177267514e-05,text__arizona
yearly,-4.287756911516593e-05,text__yearli
dnc,-4.279518076289047e-05,text__dnc
state state,-4.261650009916217e-05,text__state state
advertising,-4.2246119549487905e-05,text__advertis
year georgia,-4.193813238649943e-05,text__year georgia
successful fought,-4.1721139526302996e-05,text__success fought
ship jobs,-4.162499530205717e-05,text__ship job
referendum,-4.1144871854840735e-05,text__referendum
holiday,-4.109993648903172e-05,text__holiday
order,-4.104806903130427e-05,text__order
another,-4.099972665477723e-05,text__anoth
oregon state,-4.086773787979905e-05,text__oregon state
winter,-4.06997308659299e-05,text__winter
maybe,-4.0677022794714226e-05,text__mayb
george bush,-4.0444973416746955e-05,text__georg bush
json true,-4.035839830912007e-05,text__json true
picture,-4.0218148857775695e-05,text__pictur
compact,-4.0170174826364516e-05,text__compact
pre,-4.014848110957532e-05,text__pre
penny,-4.013247606769713e-05,text__penni
jobs overseas,-3.928026743458321e-05,text__job oversea
says city,-3.911472705127532e-05,text__say citi
buy insurance,-3.906735803044444e-05,text__buy insur
stations,-3.8954128327305244e-05,text__station
pacific,-3.89472270937333e-05,text__pacif
work,-3.887545476572339e-05,text__work
allow,-3.88444094628376e-05,text__allow
overdoses,-3.865644487452061e-05,text__overdos
laden,-3.849714257488676e-05,text__laden
bin laden,-3.849714257488676e-05,text__bin laden
ban assault,-3.846324027404327e-05,text__ban assault
taxpayers dollars,-3.829541288720203e-05,text__taxpay dollar
class families,-3.819268652368854e-05,text__class famili
equal pay,-3.815955928861552e-05,text__equal pay
policy,-3.80833870477436e-05,text__polici
four year,-3.7986958282199576e-05,text__four year
air,-3.7786036840435244e-05,text__air
joe biden,-3.772864439745529e-05,text__joe biden
dumping,-3.769592521516661e-05,text__dump
support tax,-3.762265550951987e-05,text__support tax
trade,-3.745104053875375e-05,text__trade
stamps,-3.696477219137151e-05,text__stamp
written,-3.6887802117213004e-05,text__written
carroll,-3.678320904391813e-05,text__carrol
Speaker's job title: Republican strategist,-3.674046811037357e-05,job__Speaker's job title_Republican strategist
Subject: natural-disasters,-3.674046811037357e-05,subject__natural-disasters
Subject: sotomayor-nomination,-3.674046811037357e-05,subject__sotomayor-nomination
close state,-3.6720715385371954e-05,text__close state
cost state,-3.658921740669373e-05,text__cost state
minimum wage,-3.652816135902443e-05,text__minimum wage
whopping,-3.651597671158593e-05,text__whop
owned,-3.63239391942645e-05,text__own
students received,-3.621900777893192e-05,text__student receiv
service,-3.612357242605051e-05,text__servic
public school,-3.606141880870269e-05,text__public school
northeast,-3.6056623459026e-05,text__northeast
bill,-3.600186825684913e-05,text__bill
similar,-3.598219849274332e-05,text__similar
says health,-3.59333758010564e-05,text__say health
baucus,-3.587156737436305e-05,text__baucu
korea,-3.5803978870044005e-05,text__korea
withdrawal,-3.574306309845095e-05,text__withdraw
republican campaign,-3.574272087203801e-05,text__republican campaign
medicaid expansion,-3.5555029022371326e-05,text__medicaid expans
prosecutor,-3.552967679496523e-05,text__prosecutor
twice rate,-3.503604794296514e-05,text__twice rate
illegal aliens,-3.4980793143951254e-05,text__illeg alien
duke,-3.497365775066483e-05,text__duke
republican majority,-3.458493895090683e-05,text__republican major
party line,-3.456315544030511e-05,text__parti line
law required,-3.414960216130703e-05,text__law requir
year medicaid,-3.406797493396832e-05,text__year medicaid
payroll,-3.40074260799615e-05,text__payrol
slam,-3.3917121948020415e-05,text__slam
mark warner,-3.385628560022382e-05,text__mark warner
ed,-3.36722819182895e-05,text__ed
march,-3.363765121825924e-05,text__march
senate candidate,-3.35918009875477e-05,text__senat candid
"Context: an interview on ""Meet the Press""",-3.35365642908984e-05,"context__Context_an interview on ""Meet the Press"""
council,-3.336275177730959e-05,text__council
power,-3.3252383019103785e-05,text__power
year still,-3.308060788432751e-05,text__year still
tennessee,-3.3079403505643665e-05,text__tennesse
large part,-3.297746118943053e-05,text__larg part
nuclear program,-3.293362607283846e-05,text__nuclear program
obama proposed,-3.255134229506326e-05,text__obama propos
background check,-3.2543173684915506e-05,text__background check
management,-3.235268002174441e-05,text__manag
support plan,-3.224189868645308e-05,text__support plan
increase state,-3.217147255051545e-05,text__increas state
moment,-3.211460910696944e-05,text__moment
stuck,-3.209236608840771e-05,text__stuck
virus,-3.204117485318397e-05,text__viru
ryan,-3.1894714609095785e-05,text__ryan
franklin roosevelt,-3.147722826838193e-05,text__franklin roosevelt
stock market,-3.1391950454477456e-05,text__stock market
says last,-3.130042037980099e-05,text__say last
stimulus program,-3.1270942310708464e-05,text__stimulu program
hemp,-3.11986851060777e-05,text__hemp
thats true,-3.117335834229331e-05,text__that true
republican took,-3.076696506061187e-05,text__republican took
payday,-3.0486347864065057e-05,text__payday
supply,-3.041484344648093e-05,text__suppli
debt limit,-3.0304452910556762e-05,text__debt limit
cdc,-3.029522196773251e-05,text__cdc
cant,-3.0166505301453216e-05,text__cant
felony,-2.996330758406705e-05,text__feloni
says texas,-2.9885272332291178e-05,text__say texa
two million,-2.9870659426752342e-05,text__two million
skyrocketing,-2.9840993816273974e-05,text__skyrocket
benefits,-2.9732574649993252e-05,text__benefit
scandal,-2.9680450069737772e-05,text__scandal
serving,-2.9524102268297116e-05,text__serv
increase spending,-2.9482551611892756e-05,text__increas spend
reid,-2.9370826112306863e-05,text__reid
message,-2.9280377363171653e-05,text__messag
submitted,-2.913973413134181e-05,text__submit
year program,-2.9060396469835965e-05,text__year program
wants cut,-2.9002494534846614e-05,text__want cut
workers year,-2.899045538759503e-05,text__worker year
sue,-2.8405141542827697e-05,text__sue
federal money,-2.83822068647596e-05,text__feder money
suffer,-2.8136397199434442e-05,text__suffer
json,-2.8030813970404365e-05,text__json
mostly true,-2.7869564509282615e-05,text__mostli true
json mostly,-2.7869564509282615e-05,text__json mostli
york city,-2.7791334672837182e-05,text__york citi
time barack,-2.76407955288344e-05,text__time barack
world without,-2.7636221109611287e-05,text__world without
rate hikes,-2.76275197835897e-05,text__rate hike
coins,-2.7495683474063133e-05,text__coin
billion new,-2.733545108084799e-05,text__billion new
economist,-2.6950678194324174e-05,text__economist
voted right,-2.6864793834244022e-05,text__vote right
alex,-2.684948626487813e-05,text__alex
circumstances,-2.682760809073595e-05,text__circumst
buy,-2.6653169990030966e-05,text__buy
law make,-2.6589373659241934e-05,text__law make
didnt going,-2.638650406896599e-05,text__didnt go
spending money,-2.638333033410064e-05,text__spend money
caucus,-2.628953549325587e-05,text__caucu
travis,-2.628489110929138e-05,text__travi
travis county,-2.628489110929138e-05,text__travi counti
mostly,-2.609189399599147e-05,text__mostli
senate voted,-2.6031800207788577e-05,text__senat vote
economic,-2.561090337923421e-05,text__econom
obama stimulus,-2.5511491784973303e-05,text__obama stimulu
local,-2.491900706869264e-05,text__local
closest,-2.486468842943806e-05,text__closest
debt deficit,-2.4861486531344138e-05,text__debt deficit
bureau,-2.47602138450256e-05,text__bureau
southern border,-2.4660363620554583e-05,text__southern border
people work,-2.4520951878126497e-05,text__peopl work
says clinton,-2.4443508951034023e-05,text__say clinton
exports,-2.431564371801874e-05,text__export
enforcement agency,-2.422799374160739e-05,text__enforc agenc
opportunity,-2.419956839281126e-05,text__opportun
dime,-2.4065389577148865e-05,text__dime
country many,-2.4007170164975883e-05,text__countri mani
stabilize,-2.396112356645076e-05,text__stabil
cut funding,-2.3635706781788433e-05,text__cut fund
tougher,-2.3623525357550503e-05,text__tougher
soviet,-2.3608291807947534e-05,text__soviet
one national,-2.3561585904862923e-05,text__one nation
saudi arabia,-2.3242144322043484e-05,text__saudi arabia
arabia,-2.3242144322043484e-05,text__arabia
akin,-2.323521080274811e-05,text__akin
plan,-2.314873571754573e-05,text__plan
people state,-2.3140274413772703e-05,text__peopl state
bob mcdonnell,-2.3048337965419312e-05,text__bob mcdonnel
voucher,-2.3023861617452702e-05,text__voucher
presidential debate,-2.3002068503559448e-05,text__presidenti debat
simply,-2.2915554869469558e-05,text__simpli
mine,-2.2857667417844944e-05,text__mine
entered,-2.285497733769403e-05,text__enter
jeff green,-2.2633616772763313e-05,text__jeff green
fully,-2.2552776472577757e-05,text__fulli
json barely,-2.253218591140957e-05,text__json bare
barely true,-2.253218591140957e-05,text__bare true
milk,-2.246914267952535e-05,text__milk
voted repeatedly,-2.2402735678703205e-05,text__vote repeatedli
citizenship,-2.2387413730880807e-05,text__citizenship
highest rate,-2.236432930411396e-05,text__highest rate
choice,-2.2232546231935036e-05,text__choic
says unlike,-2.2186062476998534e-05,text__say unlik
daniel,-2.2049634261282786e-05,text__daniel
level rise,-2.20098631458258e-05,text__level rise
insurance,-2.175216467286056e-05,text__insur
post office,-2.1557752108035838e-05,text__post offic
doyle,-2.148940576341255e-05,text__doyl
obama support,-2.113360324093717e-05,text__obama support
bill could,-2.1085369174786077e-05,text__bill could
percent doctors,-2.08985211251785e-05,text__percent doctor
percent state,-2.0740977477214294e-05,text__percent state
right voted,-2.0493460187766164e-05,text__right vote
due,-2.042183612422552e-05,text__due
insurance state,-2.0418623066516326e-05,text__insur state
action,-2.0064421200157414e-05,text__action
columbia,-2.003053881752257e-05,text__columbia
public employees,-2.001867070077319e-05,text__public employe
election day,-1.9452021936897665e-05,text__elect day
sex,-1.9439854492755455e-05,text__sex
half true,-1.9427334160295658e-05,text__half true
json half,-1.9427334160295658e-05,text__json half
surplus,-1.938818100144483e-05,text__surplu
present,-1.921508985498684e-05,text__present
reagan,-1.9180174672030894e-05,text__reagan
come country,-1.9170510354036556e-05,text__come countri
chemical,-1.9134480438395095e-05,text__chemic
wisconsin system,-1.9092851989785443e-05,text__wisconsin system
every three,-1.9067884974041374e-05,text__everi three
billion,-1.9030024957431364e-05,text__billion
build wall,-1.8944526235917283e-05,text__build wall
union,-1.8847822835456775e-05,text__union
arizona immigration,-1.8628445827614438e-05,text__arizona immigr
longer,-1.8594878540274294e-05,text__longer
says would,-1.851670427987523e-05,text__say would
rate higher,-1.8508350290079484e-05,text__rate higher
hoax,-1.8348156382531566e-05,text__hoax
absentee ballot,-1.8176710490042457e-05,text__absente ballot
ground,-1.8167166138248806e-05,text__ground
trillion dollars,-1.805718132287868e-05,text__trillion dollar
medicaid,-1.7881278417083784e-05,text__medicaid
found percent,-1.766830146874127e-05,text__found percent
north,-1.764771481421404e-05,text__north
world largest,-1.7586420360795574e-05,text__world largest
facilities,-1.742851909589955e-05,text__facil
multi,-1.741024153000828e-05,text__multi
study,-1.6868862403156705e-05,text__studi
jobs since,-1.6850185191524645e-05,text__job sinc
cost year,-1.6750339167264783e-05,text__cost year
pension plan,-1.6431621553587627e-05,text__pension plan
agency,-1.629022269784124e-05,text__agenc
marco rubio,-1.6204628835346306e-05,text__marco rubio
marco,-1.6204628835346306e-05,text__marco
tax fees,-1.6080013806706008e-05,text__tax fee
voters,-1.6028798336497617e-05,text__voter
rebates,-1.553352708157041e-05,text__rebat
rudy,-1.5410821280101326e-05,text__rudi
pentagon,-1.5248045090197733e-05,text__pentagon
rick scott,-1.513668277453105e-05,text__rick scott
federal prison,-1.5045637788739594e-05,text__feder prison
says florida,-1.4987148064029012e-05,text__say florida
ops,-1.4977304259513715e-05,text__op
amount money,-1.483912299282813e-05,text__amount money
bill would,-1.4718728382710599e-05,text__bill would
gun control,-1.4672302190215587e-05,text__gun control
activity,-1.4539949810720469e-05,text__activ
gay lesbian,-1.4317319869800535e-05,text__gay lesbian
including percent,-1.4224676679904867e-05,text__includ percent
spent,-1.4220086919206093e-05,text__spent
raise two,-1.3973241160502063e-05,text__rais two
shot,-1.370510403232991e-05,text__shot
result,-1.3694150400427792e-05,text__result
men,-1.3558758651510385e-05,text__men
determine,-1.3527285328631476e-05,text__determin
felons,-1.3321603832972701e-05,text__felon
inmates,-1.3248564804795838e-05,text__inmat
drove,-1.3090050410784395e-05,text__drove
pow,-1.295785629030739e-05,text__pow
diversity,-1.2948859870761942e-05,text__divers
families make,-1.2521790721321784e-05,text__famili make
Subject: Alcohol,-1.223710111264694e-05,subject__Alcohol
investment,-1.212437018572258e-05,text__invest
let,-1.2097321366522633e-05,text__let
single one,-1.1976218570841185e-05,text__singl one
cause,-1.1756791010775532e-05,text__caus
texas high,-1.121111504002381e-05,text__texa high
federal funding,-1.1090575515683298e-05,text__feder fund
research,-1.0806873846643716e-05,text__research
todd,-1.0662163939611392e-05,text__todd
broward,-1.0544737881539749e-05,text__broward
Speaker's job title: political party,-1.0208020755215683e-05,job__Speaker's job title_political party
Context: a Facebook meme,-1.0208020755215683e-05,context__Context_a Facebook meme
non,-9.842831059605502e-06,text__non
dramatically,-9.747461585713853e-06,text__dramat
presidential,-9.386363595259162e-06,text__presidenti
global,-9.326429348436229e-06,text__global
tv added,-8.769927541746643e-06,text__tv ad
sponsored bill,-8.7075912564891e-06,text__sponsor bill
bailout,-8.631713329756914e-06,text__bailout
trillion deficit,-8.628320267036947e-06,text__trillion deficit
women restrooms,-8.577334288627928e-06,text__women restroom
restrooms,-8.577334288627928e-06,text__restroom
Subject: agriculture,-8.511631507270688e-06,subject__agriculture
illness,-8.281682408409746e-06,text__ill
civil right,-8.180161119672511e-06,text__civil right
majority leader,-8.177099791175284e-06,text__major leader
bridge,-8.13516226050529e-06,text__bridg
prosperity,-8.04248317381081e-06,text__prosper
pay state,-8.00727963340858e-06,text__pay state
took office,-7.842425528294091e-06,text__took offic
clinton wants,-7.548772686986937e-06,text__clinton want
pork barrel,-7.520912290890135e-06,text__pork barrel
tim kaine,-7.515386251195715e-06,text__tim kain
one two,-7.498305222020444e-06,text__one two
rock,-7.491713159884863e-06,text__rock
extreme,-7.45942701231479e-06,text__extrem
created,-7.05282869611969e-06,text__creat
unemployment rate,-7.043820495663592e-06,text__unemploy rate
addiction,-6.953780477507326e-06,text__addict
says new,-6.480025398926503e-06,text__say new
huge,-6.460225299444247e-06,text__huge
tide,-6.410916724992284e-06,text__tide
donations democrats,-6.123049054195443e-06,text__donat democrat
congress president,-6.027559058906886e-06,text__congress presid
says,-5.940790239362523e-06,text__say
certain,-5.83626179332616e-06,text__certain
traffic,-5.221301640418483e-06,text__traffic
youre,-5.164697744042906e-06,text__your
jobs wisconsin,-5.004411193673461e-06,text__job wisconsin
general motors,-4.9301285977853265e-06,text__gener motor
studios,-4.827212212506576e-06,text__studio
right,-4.7637015261233835e-06,text__right
airport,-4.7201872307820365e-06,text__airport
foreign aid,-4.617060377028691e-06,text__foreign aid
new state,-4.604666819237735e-06,text__new state
worst record,-4.5764345133511435e-06,text__worst record
left,-4.442312011528886e-06,text__left
would actually,-4.377953996553471e-06,text__would actual
convention,-4.200344102683355e-06,text__convent
ryan budget,-4.160708252004873e-06,text__ryan budget
burn,-4.1456951773657215e-06,text__burn
census bureau,-3.98385099924724e-06,text__censu bureau
million state,-3.765622423107002e-06,text__million state
harder,-3.5165571549154213e-06,text__harder
year cost,-3.38936948797426e-06,text__year cost
report show,-3.1928580832865056e-06,text__report show
provide,-3.143311962119817e-06,text__provid
would still,-2.9871191513186117e-06,text__would still
Subject: government-regulation,-2.7834768331262835e-06,subject__government-regulation
mayor kasim,-2.7202533116480206e-06,text__mayor kasim
intentionally,-2.6977671010646572e-06,text__intent
land,-2.590290089846593e-06,text__land
percent economy,-2.4756749303447083e-06,text__percent economi
carbon,-2.446645593899138e-06,text__carbon
regulations,-2.4156499469941447e-06,text__regul
debt next,-2.2306727535464657e-06,text__debt next
back,-2.1867613661540717e-06,text__back
come,-1.9942239294271377e-06,text__come
delaware,-1.9915924267218046e-06,text__delawar
washington,-1.6936696783527442e-06,text__washington
insurance companies,-1.6869432422311653e-06,text__insur compani
sen mccain,-1.3902253572914228e-06,text__sen mccain
whose,-1.3798599791764242e-06,text__whose
established,-1.340500728123865e-06,text__establish
business,-1.3025990170953183e-06,text__busi
crossing,-1.266205476848887e-06,text__cross
parks,-1.2299176225220769e-06,text__park
emergency room,-1.082891200527159e-06,text__emerg room
injuries,-1.0740024383122102e-06,text__injuri
tearing,-7.540198114565233e-07,text__tear
anybody else,-6.339857229457854e-07,text__anybodi els
senate rival,-3.3716572802342947e-07,text__senat rival
released json,-3.0829265364074e-07,text__releas json
deficit spending,-2.9075022940631807e-07,text__deficit spend
tax middle,-2.6483832963027447e-07,text__tax middl
california,-1.93579901638535e-07,text__california
republican idea,0.0,text__republican idea
reservoir,0.0,text__reservoir
republican control,0.0,text__republican control
says attorney,0.0,text__say attorney
says july,0.0,text__say juli
rescue,0.0,text__rescu
sen barbara,0.0,text__sen barbara
republican leadership,0.0,text__republican leadership
says bernie,0.0,text__say berni
residential,0.0,text__residenti
republican led,0.0,text__republican led
republican like,0.0,text__republican like
republican house,0.0,text__republican hous
republican field,0.0,text__republican field
says balanced,0.0,text__say balanc
says josh,0.0,text__say josh
republican made,0.0,text__republican made
republican election,0.0,text__republican elect
sen barack,0.0,text__sen barack
republican gov,0.0,text__republican gov
research find,0.0,text__research find
sen alberta,0.0,text__sen alberta
residents suffer,0.0,text__resid suffer
sellwood bridge,0.0,text__sellwood bridg
security number,0.0,text__secur number
research show,0.0,text__research show
republican convention,0.0,text__republican convent
says judge,0.0,text__say judg
sellwood,0.0,text__sellwood
republican held,0.0,text__republican held
says jim,0.0,text__say jim
republican gubernatorial,0.0,text__republican gubernatori
required university,0.0,text__requir univers
republican members,0.0,text__republican member
required percent,0.0,text__requir percent
seen percent,0.0,text__seen percent
says al,0.0,text__say al
republican wisconsin,0.0,text__republican wisconsin
seeking abortion,0.0,text__seek abort
security ponzi,0.0,text__secur ponzi
security retirement,0.0,text__secur retir
republican would,0.0,text__republican would
reputation,0.0,text__reput
says affordable,0.0,text__say afford
says administration,0.0,text__say administr
requested additional,0.0,text__request addit
required photo,0.0,text__requir photo
requested earmarks,0.0,text__request earmark
see jobs,0.0,text__see job
required members,0.0,text__requir member
security risk,0.0,text__secur risk
required background,0.0,text__requir background
required buy,0.0,text__requir buy
required law,0.0,text__requir law
required drug,0.0,text__requir drug
required employers,0.0,text__requir employ
required government,0.0,text__requir govern
says according,0.0,text__say accord
security tax,0.0,text__secur tax
says act,0.0,text__say act
seeking,0.0,text__seek
says arizona,0.0,text__say arizona
required state,0.0,text__requir state
says alex,0.0,text__say alex
required women,0.0,text__requir women
republican nominee,0.0,text__republican nomine
republican percent,0.0,text__republican percent
sell house,0.0,text__sell hous
says kelly,0.0,text__say kelli
required use,0.0,text__requir use
selection,0.0,text__select
seizures,0.0,text__seizur
seize,0.0,text__seiz
says ann,0.0,text__say ann
republican president,0.0,text__republican presid
segregated,0.0,text__segreg
republican white,0.0,text__republican white
Subject: homeless,0.0,subject__homeless
segment,0.0,text__segment
says abortion,0.0,text__say abort
republican stand,0.0,text__republican stand
republican state,0.0,text__republican state
republican still,0.0,text__republican still
republican stood,0.0,text__republican stood
republican take,0.0,text__republican take
says ken,0.0,text__say ken
republican voters,0.0,text__republican voter
republican wants,0.0,text__republican want
says allow,0.0,text__say allow
required tax,0.0,text__requir tax
republican sen,0.0,text__republican sen
rush limbaugh,0.0,text__rush limbaugh
replicated,0.0,text__replic
republican congressmen,0.0,text__republican congressmen
senate campaign,0.0,text__senat campaign
remodeling,0.0,text__remodel
senate budget,0.0,text__senat budget
senate bill,0.0,text__senat bill
remove million,0.0,text__remov million
says department,0.0,text__say depart
senate barack,0.0,text__senat barack
sen ted,0.0,text__sen ted
sen sanders,0.0,text__sen sander
remove words,0.0,text__remov word
sen robert,0.0,text__sen robert
renacci tried,0.0,text__renacci tri
renaissance,0.0,text__renaiss
rendered,0.0,text__render
renee,0.0,text__rene
renee ellmers,0.0,text__rene ellmer
says half,0.0,text__say half
says crime,0.0,text__say crime
rep jack,0.0,text__rep jack
rep charles,0.0,text__rep charl
rep carol,0.0,text__rep carol
rep bruce,0.0,text__rep bruce
says deal,0.0,text__say deal
remind,0.0,text__remind
rep bob,0.0,text__rep bob
rep betty,0.0,text__rep betti
sen rob,0.0,text__sen rob
rep allen,0.0,text__rep allen
says debbie,0.0,text__say debbi
reopen,0.0,text__reopen
renovation,0.0,text__renov
rep bill,0.0,text__rep bill
says didnt,0.0,text__say didnt
Speaker's job title: State Appeals Court judge,0.0,job__Speaker's job title_State Appeals Court judge
remain percent,0.0,text__remain percent
rejected obamacare,0.0,text__reject obamacar
says gop,0.0,text__say gop
senate immigration,0.0,text__senat immigr
says georgia,0.0,text__say georgia
reinvesting,0.0,text__reinvest
reimbursements,0.0,text__reimburs
says first,0.0,text__say first
reid voted,0.0,text__reid vote
reid plan,0.0,text__reid plan
regulatory czar,0.0,text__regulatori czar
regulatory bill,0.0,text__regulatori bill
regulations would,0.0,text__regul would
regulations state,0.0,text__regul state
says fought,0.0,text__say fought
senate majority,0.0,text__senat major
says could,0.0,text__say could
says gubernatorial,0.0,text__say gubernatori
related crime,0.0,text__relat crime
says dont,0.0,text__say dont
relocate,0.0,text__reloc
says gun,0.0,text__say gun
religious beliefs,0.0,text__religi belief
senate hillary,0.0,text__senat hillari
senate hope,0.0,text__senat hope
says every,0.0,text__say everi
reliable voted,0.0,text__reliabl vote
released tax,0.0,text__releas tax
says election,0.0,text__say elect
released obama,0.0,text__releas obama
says even,0.0,text__say even
senate illinois,0.0,text__senat illinoi
relatively small,0.0,text__rel small
released year,0.0,text__releas year
rep john,0.0,text__rep john
Subject: lottery,0.0,subject__lottery
says help,0.0,text__say help
representatives democrats,0.0,text__repres democrat
representation,0.0,text__represent
report state,0.0,text__report state
report percent,0.0,text__report percent
report obamacare,0.0,text__report obamacar
says jeff,0.0,text__say jeff
sen jim,0.0,text__sen jim
report confirmed,0.0,text__report confirm
report came,0.0,text__report came
residents texas,0.0,text__resid texa
says iran,0.0,text__say iran
says co,0.0,text__say co
replace americans,0.0,text__replac american
repeatedly voted,0.0,text__repeatedli vote
says jeanne,0.0,text__say jeann
sen john,0.0,text__sen john
representatives florida,0.0,text__repres florida
representatives never,0.0,text__repres never
republican congressional,0.0,text__republican congression
republican charge,0.0,text__republican charg
republican challenger,0.0,text__republican challeng
republican caucus,0.0,text__republican caucu
says central,0.0,text__say central
republican bill,0.0,text__republican bill
representatives get,0.0,text__repres get
republican believe,0.0,text__republican believ
republican actually,0.0,text__republican actual
reproductive right,0.0,text__reproduct right
says chuck,0.0,text__say chuck
representatives year,0.0,text__repres year
representatives percent,0.0,text__repres percent
sen bill,0.0,text__sen bill
republican approved,0.0,text__republican approv
says campaign,0.0,text__say campaign
repeatedly said,0.0,text__repeatedli said
repeal voted,0.0,text__repeal vote
says cost,0.0,text__say cost
sen kay,0.0,text__sen kay
says iowa,0.0,text__say iowa
rep steve,0.0,text__rep steve
says indiana,0.0,text__say indiana
rep stephen,0.0,text__rep stephen
rep tammy,0.0,text__rep tammi
rep sean,0.0,text__rep sean
rep phil,0.0,text__rep phil
rep peter,0.0,text__rep peter
sen marco,0.0,text__sen marco
rep pete,0.0,text__rep pete
rep patrick,0.0,text__rep patrick
sen mark,0.0,text__sen mark
rep renee,0.0,text__rep rene
repeated requested,0.0,text__repeat request
sen johnny,0.0,text__sen johnni
rep tom,0.0,text__rep tom
repeal th,0.0,text__repeal th
repeal replace,0.0,text__repeal replac
repeal law,0.0,text__repeal law
repeal health,0.0,text__repeal health
repeal dont,0.0,text__repeal dont
says colorado,0.0,text__say colorado
rep ted,0.0,text__rep ted
repeal affordable,0.0,text__repeal afford
repatriate,0.0,text__repatri
repair bill,0.0,text__repair bill
says congress,0.0,text__say congress
repair,0.0,text__repair
says constitution,0.0,text__say constitut
repaid,0.0,text__repaid
repay,0.0,text__repay
residual,0.0,text__residu
second worst,0.0,text__second worst
resign two,0.0,text__resign two
rnc,0.0,text__rnc
roadways,0.0,text__roadway
rob cornilles,0.0,text__rob cornil
rob medicare,0.0,text__rob medicar
says opposed,0.0,text__say oppos
says yes,0.0,text__say ye
rob portman,0.0,text__rob portman
Subject: death-penalty,0.0,subject__death-penalty
Speaker's job title: political group,0.0,job__Speaker's job title_political group
romney bain,0.0,text__romney bain
romney first,0.0,text__romney first
says women,0.0,text__say women
romney former,0.0,text__romney former
romney gave,0.0,text__romney gave
said quote,0.0,text__said quot
romney governor,0.0,text__romney governor
says washington,0.0,text__say washington
romney ryan,0.0,text__romney ryan
says vladimir,0.0,text__say vladimir
says poll,0.0,text__say poll
romney refused,0.0,text__romney refus
romney raise,0.0,text__romney rais
says voted,0.0,text__say vote
rival tammy,0.0,text__rival tammi
says voters,0.0,text__say voter
says politifact,0.0,text__say politifact
said president,0.0,text__said presid
romney proposed,0.0,text__romney propos
says pay,0.0,text__say pay
romney paul,0.0,text__romney paul
romney million,0.0,text__romney million
said plan,0.0,text__said plan
said republican,0.0,text__said republican
sayshillary,0.0,text__sayshillari
risky,0.0,text__riski
right life,0.0,text__right life
right keep,0.0,text__right keep
"Speaker's job title: president and ceo, Empower Texans",0.0,"job__Speaker's job title_president and ceo, Empower Texans"
"Speaker's job title: chief executive officer, R.I. Center for Freedom and ProsperityState Policy Research Institute",0.0,"job__Speaker's job title_chief executive officer, R.I. Center for Freedom and ProsperityState Policy Research Institute"
rigells,0.0,text__rigel
rifle associated,0.0,text__rifl associ
said unemployment,0.0,text__said unemploy
ridesharing,0.0,text__rideshar
ridership,0.0,text__ridership
riders,0.0,text__rider
ride,0.0,text__ride
school aid,0.0,text__school aid
Subject: 10-news-tampa-bay,0.0,subject__10-news-tampa-bay
rick warren,0.0,text__rick warren
scholarship students,0.0,text__scholarship student
said percent,0.0,text__said percent
right percent,0.0,text__right percent
said two,0.0,text__said two
rise cost,0.0,text__rise cost
sayshillary clinton,0.0,text__sayshillari clinton
sayspresident,0.0,text__sayspresid
riot,0.0,text__riot
sayspresident obama,0.0,text__sayspresid obama
rio grand,0.0,text__rio grand
says north,0.0,text__say north
rio,0.0,text__rio
right wing,0.0,text__right wing
scale,0.0,text__scale
said time,0.0,text__said time
right texas,0.0,text__right texa
right spending,0.0,text__right spend
says number,0.0,text__say number
rigs,0.0,text__rig
romney tax,0.0,text__romney tax
Subject: after-the-fact,0.0,subject__after-the-fact
romney would,0.0,text__romney would
russia china,0.0,text__russia china
run health,0.0,text__run health
says sued,0.0,text__say su
says take,0.0,text__say take
says rob,0.0,text__say rob
run election,0.0,text__run elect
says stop,0.0,text__say stop
run democrats,0.0,text__run democrat
says taxpayers,0.0,text__say taxpay
run congress,0.0,text__run congress
run campaign,0.0,text__run campaign
rules filibuster,0.0,text__rule filibust
Speaker's job title: national security commentator for CNN,0.0,job__Speaker's job title_national security commentator for CNN
says teachers,0.0,text__say teacher
says tammy,0.0,text__say tammi
ryan medicare,0.0,text__ryan medicar
run president,0.0,text__run presid
says ronald,0.0,text__say ronald
says signed,0.0,text__say sign
says six,0.0,text__say six
runoff,0.0,text__runoff
says sherrod,0.0,text__say sherrod
says scientists,0.0,text__say scientist
russ,0.0,text__russ
says stood,0.0,text__say stood
run senate,0.0,text__run senat
says russ,0.0,text__say russ
says steve,0.0,text__say steve
russ feingold,0.0,text__russ feingold
run republican,0.0,text__run republican
run public,0.0,text__run public
"Speaker's job title: mayor, city of Cranston, R.I.",0.0,"job__Speaker's job title_mayor, city of Cranston, R.I."
says south,0.0,text__say south
school america,0.0,text__school america
says terry,0.0,text__say terri
rugs,0.0,text__rug
Subject: autism,0.0,subject__autism
said didnt,0.0,text__said didnt
said even,0.0,text__said even
rosen,0.0,text__rosen
said going,0.0,text__said go
rose percent,0.0,text__rose percent
routinely,0.0,text__routin
says trump,0.0,text__say trump
says university,0.0,text__say univers
ron paul,0.0,text__ron paul
said hillary,0.0,text__said hillari
"Speaker's job title: owner, Media-Rite LLC",0.0,"job__Speaker's job title_owner, Media-Rite LLC"
said last,0.0,text__said last
romneycare,0.0,text__romneycar
says union,0.0,text__say union
says recent,0.0,text__say recent
says trimet,0.0,text__say trimet
safe legal,0.0,text__safe legal
ryan plan,0.0,text__ryan plan
says th,0.0,text__say th
rubio support,0.0,text__rubio support
Subject: colbert-report,0.0,subject__colbert-report
says theres,0.0,text__say there
says three,0.0,text__say three
safer,0.0,text__safer
rubio opposed,0.0,text__rubio oppos
says tommy,0.0,text__say tommi
ryan would,0.0,text__ryan would
roy cooper,0.0,text__roy cooper
sachs,0.0,text__sach
says top,0.0,text__say top
says travis,0.0,text__say travi
royalties,0.0,text__royalti
residual force,0.0,text__residu forc
richmond,0.0,text__richmond
richest percent,0.0,text__richest percent
result health,0.0,text__result health
result law,0.0,text__result law
says many,0.0,text__say mani
result lowest,0.0,text__result lowest
Speaker's job title: Transportation consultant,0.0,job__Speaker's job title_Transportation consultant
Subject: fires,0.0,subject__fires
result political,0.0,text__result polit
retained,0.0,text__retain
seattle,0.0,text__seattl
says mary,0.0,text__say mari
retention,0.0,text__retent
retirees,0.0,text__retire
Speaker's job title: U. S. Congressman,0.0,job__Speaker's job title_U. S. Congressman
retirees collective,0.0,text__retire collect
retirees lost,0.0,text__retire lost
save account,0.0,text__save account
retirees today,0.0,text__retire today
return iraq,0.0,text__return iraq
savannah,0.0,text__savannah
scott signed,0.0,text__scott sign
return billion,0.0,text__return billion
scott tried,0.0,text__scott tri
retrofitting,0.0,text__retrofit
second lowest,0.0,text__second lowest
retirement system,0.0,text__retir system
Speaker's job title: U.S. House member -- 4th District,0.0,job__Speaker's job title_U.S. House member -- 4th District
retirement plan,0.0,text__retir plan
scouts,0.0,text__scout
screaming,0.0,text__scream
retirement age,0.0,text__retir age
search,0.0,text__search
says massachusetts,0.0,text__say massachusett
save jobs,0.0,text__save job
restrictions women,0.0,text__restrict women
second term,0.0,text__second term
sector employees,0.0,text__sector employe
responsible hurricane,0.0,text__respons hurrican
sector workers,0.0,text__sector worker
responding,0.0,text__respond
respiratory,0.0,text__respiratori
respect,0.0,text__respect
Speaker's job title: Texas House Representative,0.0,job__Speaker's job title_Texas House Representative
resources agency,0.0,text__resourc agenc
says lee,0.0,text__say lee
security benefits,0.0,text__secur benefit
security benghazi,0.0,text__secur benghazi
resolution,0.0,text__resolut
security border,0.0,text__secur border
"Speaker's job title: State Senator, District 4",0.0,"job__Speaker's job title_State Senator, District 4"
resolution would,0.0,text__resolut would
satellites,0.0,text__satellit
Subject: food,0.0,subject__food
Subject: florida-amendments,0.0,subject__florida-amendments
restrictions use,0.0,text__restrict use
restrictions gun,0.0,text__restrict gun
restrictions access,0.0,text__restrict access
restrictions abortion,0.0,text__restrict abort
restore act,0.0,text__restor act
save live,0.0,text__save live
rest america,0.0,text__rest america
says man,0.0,text__say man
secondary,0.0,text__secondari
says legislation,0.0,text__say legisl
rest world,0.0,text__rest world
rest us,0.0,text__rest us
rest live,0.0,text__rest live
secret service,0.0,text__secret servic
second year,0.0,text__second year
return show,0.0,text__return show
rev,0.0,text__rev
scott cut,0.0,text__scott cut
ribbon,0.0,text__ribbon
school day,0.0,text__school day
salaries benefits,0.0,text__salari benefit
school kids,0.0,text__school kid
sales state,0.0,text__sale state
san bernardino,0.0,text__san bernardino
ribbon cut,0.0,text__ribbon cut
school shootings,0.0,text__school shoot
rezko,0.0,text__rezko
reward new,0.0,text__reward new
reward,0.0,text__reward
sanctions,0.0,text__sanction
says former,0.0,text__say former
says nevada,0.0,text__say nevada
school state,0.0,text__school state
says nearly,0.0,text__say nearli
ricci,0.0,text__ricci
school crct,0.0,text__school crct
richest americans,0.0,text__richest american
richardson,0.0,text__richardson
said youre,0.0,text__said your
richard nixon,0.0,text__richard nixon
school board,0.0,text__school board
school budget,0.0,text__school budget
rich,0.0,text__rich
richard cordrays,0.0,text__richard cordray
school cannot,0.0,text__school cannot
richard,0.0,text__richard
rich people,0.0,text__rich peopl
Speaker's job title: state land commissioner,0.0,job__Speaker's job title_state land commissioner
Speaker's job title: chairman of the Republican National Committee,0.0,job__Speaker's job title_chairman of the Republican National Committee
rich pay,0.0,text__rich pay
richard burr,0.0,text__richard burr
school billion,0.0,text__school billion
revolutionary,0.0,text__revolutionari
says missouri,0.0,text__say missouri
revenue lowest,0.0,text__revenu lowest
revenue general,0.0,text__revenu gener
State: Washington state,0.0,state__State_Washington state
revenue billion,0.0,text__revenu billion
sandy hook,0.0,text__sandi hook
sanford,0.0,text__sanford
revenue percent,0.0,text__revenu percent
Speaker's job title: U.S. Rep.,0.0,job__Speaker's job title_U.S. Rep.
revealed percent,0.0,text__reveal percent
santorum voted,0.0,text__santorum vote
State: Oklahoma,0.0,state__State_Oklahoma
scott bruun,0.0,text__scott bruun
says mayor,0.0,text__say mayor
rev wright,0.0,text__rev wright
revelation,0.0,text__revel
revoked,0.0,text__revok
schultz voted,0.0,text__schultz vote
revenue project,0.0,text__revenu project
sanctions iran,0.0,text__sanction iran
reversed,0.0,text__revers
revenue year,0.0,text__revenu year
says mike,0.0,text__say mike
school superintendent,0.0,text__school superintend
revenue time,0.0,text__revenu time
school voucher,0.0,text__school voucher
revenue state,0.0,text__revenu state
revenue since,0.0,text__revenu sinc
school system,0.0,text__school system
says mexico,0.0,text__say mexico
school teachers,0.0,text__school teacher
revenue service,0.0,text__revenu servic
school test,0.0,text__school test
sanders said,0.0,text__sander said
regulations payday,0.0,text__regul payday
category,0.0,text__categori
regulations greenhouse,0.0,text__regul greenhous
per hours,0.0,text__per hour
per gallon,0.0,text__per gallon
per families,0.0,text__per famili
people year,0.0,text__peopl year
people world,0.0,text__peopl world
people without,0.0,text__peopl without
people wisconsin,0.0,text__peopl wisconsin
people welfare,0.0,text__peopl welfar
people wants,0.0,text__peopl want
people united,0.0,text__peopl unit
per months,0.0,text__per month
people tried,0.0,text__peopl tri
people think,0.0,text__peopl think
people still,0.0,text__peopl still
people signed,0.0,text__peopl sign
people said,0.0,text__peopl said
people received,0.0,text__peopl receiv
people put,0.0,text__peopl put
people private,0.0,text__peopl privat
people percent,0.0,text__peopl percent
people opposed,0.0,text__peopl oppos
people need,0.0,text__peopl need
people top,0.0,text__peopl top
per person,0.0,text__per person
per pupil,0.0,text__per pupil
per square,0.0,text__per squar
percent gross,0.0,text__percent gross
percent government,0.0,text__percent govern
percent georgians,0.0,text__percent georgian
percent funding,0.0,text__percent fund
percent families,0.0,text__percent famili
percent even,0.0,text__percent even
percent entire,0.0,text__percent entir
percent electric,0.0,text__percent electr
percent electorate,0.0,text__percent elector
percent drug,0.0,text__percent drug
percent decreased,0.0,text__percent decreas
percent debt,0.0,text__percent debt
percent country,0.0,text__percent countri
percent compared,0.0,text__percent compar
percent city,0.0,text__percent citi
afghanistan iraq,0.0,text__afghanistan iraq
percent black,0.0,text__percent black
percent bill,0.0,text__percent bill
percent babies,0.0,text__percent babi
percent african,0.0,text__percent african
percent adults,0.0,text__percent adult
afl,0.0,text__afl
afl cio,0.0,text__afl cio
people murder,0.0,text__peopl murder
percent high,0.0,text__percent high
people medicare,0.0,text__peopl medicar
people live,0.0,text__peopl live
ago said,0.0,text__ago said
peace,0.0,text__peac
agreed john,0.0,text__agre john
payer health,0.0,text__payer health
pay year,0.0,text__pay year
agriculture commissioner,0.0,text__agricultur commission
pay trillion,0.0,text__pay trillion
pay property,0.0,text__pay properti
pay one,0.0,text__pay one
ahmadinejad,0.0,text__ahmadinejad
peanut,0.0,text__peanut
pay national,0.0,text__pay nation
pay law,0.0,text__pay law
pay jobs,0.0,text__pay job
pay interest,0.0,text__pay interest
pay increase,0.0,text__pay increas
pay higher,0.0,text__pay higher
pay health,0.0,text__pay health
pay half,0.0,text__pay half
pay federal,0.0,text__pay feder
pay debt,0.0,text__pay debt
pay cut,0.0,text__pay cut
pay million,0.0,text__pay million
pearl,0.0,text__pearl
peers,0.0,text__peer
ago john,0.0,text__ago john
people like,0.0,text__peopl like
people leave,0.0,text__peopl leav
people last,0.0,text__peopl last
people killed,0.0,text__peopl kill
age social,0.0,text__age social
people get,0.0,text__peopl get
people food,0.0,text__peopl food
people earn,0.0,text__peopl earn
people dont,0.0,text__peopl dont
people deportation,0.0,text__peopl deport
people crossing,0.0,text__peopl cross
people country,0.0,text__peopl countri
people committed,0.0,text__peopl commit
people color,0.0,text__peopl color
people carry,0.0,text__peopl carri
people believe,0.0,text__peopl believ
people back,0.0,text__peopl back
people arrested,0.0,text__peopl arrest
aggressive,0.0,text__aggress
pension system,0.0,text__pension system
pension health,0.0,text__pension health
pending,0.0,text__pend
pen,0.0,text__pen
people lose,0.0,text__peopl lose
percent illegal,0.0,text__percent illeg
percent kids,0.0,text__percent kid
percent latino,0.0,text__percent latino
plan force,0.0,text__plan forc
plan families,0.0,text__plan famili
plan end,0.0,text__plan end
plan created,0.0,text__plan creat
plan could,0.0,text__plan could
admire,0.0,text__admir
place like,0.0,text__place like
pipes,0.0,text__pipe
pink pony,0.0,text__pink poni
pinellas county,0.0,text__pinella counti
administration spent,0.0,text__administr spent
pinellas,0.0,text__pinella
piece legislation,0.0,text__piec legisl
physically,0.0,text__physic
phony,0.0,text__phoni
phoenix,0.0,text__phoenix
philippines,0.0,text__philippin
philadelphia,0.0,text__philadelphia
phil gingrey,0.0,text__phil gingrey
phil,0.0,text__phil
pharmacists,0.0,text__pharmacist
pharmaceutical,0.0,text__pharmaceut
pile,0.0,text__pile
administration raise,0.0,text__administr rais
plan including,0.0,text__plan includ
plan make,0.0,text__plan make
political career,0.0,text__polit career
policy president,0.0,text__polici presid
adler,0.0,text__adler
police use,0.0,text__polic use
police force,0.0,text__polic forc
police fire,0.0,text__polic fire
poles,0.0,text__pole
poison,0.0,text__poison
point higher,0.0,text__point higher
pledge protect,0.0,text__pledg protect
administered,0.0,text__administ
plated,0.0,text__plate
planet,0.0,text__planet
plane,0.0,text__plane
plan tax,0.0,text__plan tax
plan said,0.0,text__plan said
plan reduce,0.0,text__plan reduc
plan provide,0.0,text__plan provid
administration issue,0.0,text__administr issu
plan private,0.0,text__plan privat
plan percent,0.0,text__plan percent
administration officials,0.0,text__administr offici
plan members,0.0,text__plan member
petroleum reserve,0.0,text__petroleum reserv
petroleum,0.0,text__petroleum
petraeus,0.0,text__petraeu
peter defazio,0.0,text__peter defazio
percent total,0.0,text__percent total
advocacy,0.0,text__advocaci
percent texas,0.0,text__percent texa
affairs,0.0,text__affair
percent students,0.0,text__percent student
percent sales,0.0,text__percent sale
percent residents,0.0,text__percent resid
percent republican,0.0,text__percent republican
percent reduction,0.0,text__percent reduct
percent raise,0.0,text__percent rais
percent plan,0.0,text__percent plan
percent pension,0.0,text__percent pension
percent past,0.0,text__percent past
percent oregonians,0.0,text__percent oregonian
percent oil,0.0,text__percent oil
percent ohio,0.0,text__percent ohio
percent number,0.0,text__percent number
percent muslim,0.0,text__percent muslim
percent million,0.0,text__percent million
percent men,0.0,text__percent men
percent mayor,0.0,text__percent mayor
percent lowest,0.0,text__percent lowest
percent like,0.0,text__percent like
percent traffic,0.0,text__percent traffic
pay bill,0.0,text__pay bill
percent two,0.0,text__percent two
percent women,0.0,text__percent women
advanced country,0.0,text__advanc countri
pete beach,0.0,text__pete beach
pete,0.0,text__pete
advanced economy,0.0,text__advanc economi
personnel,0.0,text__personnel
personhood,0.0,text__personhood
person income,0.0,text__person incom
person death,0.0,text__person death
person bankruptcy,0.0,text__person bankruptci
perry said,0.0,text__perri said
perry proposed,0.0,text__perri propos
perry plan,0.0,text__perri plan
perry became,0.0,text__perri becam
permanent residents,0.0,text__perman resid
perfect,0.0,text__perfect
percentof,0.0,text__percentof
adviser,0.0,text__advis
percentage people,0.0,text__percentag peopl
percentage gross,0.0,text__percentag gross
percentage americans,0.0,text__percentag american
advisor,0.0,text__advisor
percent world,0.0,text__percent world
percent work,0.0,text__percent work
percent white,0.0,text__percent white
pay benefits,0.0,text__pay benefit
pay average,0.0,text__pay averag
pawlenty,0.0,text__pawlenti
oil reserve,0.0,text__oil reserv
oil prices,0.0,text__oil price
oil drilling,0.0,text__oil drill
almost doubled,0.0,text__almost doubl
ohio republican,0.0,text__ohio republican
ohio lost,0.0,text__ohio lost
ohio jobs,0.0,text__ohio job
ohio gov,0.0,text__ohio gov
ohio billion,0.0,text__ohio billion
often,0.0,text__often
oil rigs,0.0,text__oil rig
offshore oil,0.0,text__offshor oil
office wisconsin,0.0,text__offic wisconsin
office weve,0.0,text__offic weve
office unemployment,0.0,text__offic unemploy
office since,0.0,text__offic sinc
almost four,0.0,text__almost four
office report,0.0,text__offic report
office president,0.0,text__offic presid
almost half,0.0,text__almost half
almost much,0.0,text__almost much
odd,0.0,text__odd
offset,0.0,text__offset
ok,0.0,text__ok
old girls,0.0,text__old girl
olympic,0.0,text__olymp
one tenth,0.0,text__one tenth
one tax,0.0,text__one tax
allow members,0.0,text__allow member
one single,0.0,text__one singl
one republican,0.0,text__one republican
one reason,0.0,text__one reason
one quarter,0.0,text__one quarter
one position,0.0,text__one posit
one percent,0.0,text__one percent
one penny,0.0,text__one penni
one new,0.0,text__one new
one largest,0.0,text__one largest
one jobs,0.0,text__one job
one four,0.0,text__one four
one day,0.0,text__one day
one country,0.0,text__one countri
one cents,0.0,text__one cent
one candidate,0.0,text__one candid
one campaign,0.0,text__one campaign
one biggest,0.0,text__one biggest
one america,0.0,text__one america
allow state,0.0,text__allow state
omnibus,0.0,text__omnibu
ocean,0.0,text__ocean
occupy,0.0,text__occupi
almost new,0.0,text__almost new
occasions,0.0,text__occas
obama muslim,0.0,text__obama muslim
obama million,0.0,text__obama million
obama made,0.0,text__obama made
obama jobs,0.0,text__obama job
although,0.0,text__although
always said,0.0,text__alway said
obama gave,0.0,text__obama gave
obama force,0.0,text__obama forc
obama flip,0.0,text__obama flip
amazing,0.0,text__amaz
obama executive,0.0,text__obama execut
obama environmental,0.0,text__obama environment
obama economy,0.0,text__obama economi
obama democrats,0.0,text__obama democrat
obama created,0.0,text__obama creat
amendment constitution,0.0,text__amend constitut
obama called,0.0,text__obama call
obama budget,0.0,text__obama budget
obama broke,0.0,text__obama broke
obama born,0.0,text__obama born
obama began,0.0,text__obama began
obama became,0.0,text__obama becam
obama americans,0.0,text__obama american
obama never,0.0,text__obama never
allow increase,0.0,text__allow increas
obama nominee,0.0,text__obama nomine
obama opposed,0.0,text__obama oppos
almost time,0.0,text__almost time
observation,0.0,text__observ
obrien,0.0,text__obrien
almost twice,0.0,text__almost twice
obamacare take,0.0,text__obamacar take
obamacare people,0.0,text__obamacar peopl
obamacare medicaid,0.0,text__obamacar medicaid
obamacare cut,0.0,text__obamacar cut
obamacare become,0.0,text__obamacar becom
obamacare became,0.0,text__obamacar becam
obama would,0.0,text__obama would
obama watch,0.0,text__obama watch
already one,0.0,text__alreadi one
already taken,0.0,text__alreadi taken
obama tax,0.0,text__obama tax
also voted,0.0,text__also vote
obama run,0.0,text__obama run
obama refused,0.0,text__obama refus
obama reduce,0.0,text__obama reduc
obama put,0.0,text__obama put
obama president,0.0,text__obama presid
obama position,0.0,text__obama posit
obama passed,0.0,text__obama pass
obama one,0.0,text__obama one
political party,0.0,text__polit parti
one things,0.0,text__one thing
one week,0.0,text__one week
party leader,0.0,text__parti leader
party florida,0.0,text__parti florida
party candidate,0.0,text__parti candid
al gore,0.0,text__al gore
partnership trade,0.0,text__partnership trade
al qaeda,0.0,text__al qaeda
partition iraq,0.0,text__partit iraq
partition,0.0,text__partit
particular,0.0,text__particular
participation rate,0.0,text__particip rate
party platform,0.0,text__parti platform
partial birth,0.0,text__partial birth
alan,0.0,text__alan
parrish,0.0,text__parrish
parole,0.0,text__parol
parents consent,0.0,text__parent consent
parenthood clinics,0.0,text__parenthood clinic
alan grayson,0.0,text__alan grayson
paperwork,0.0,text__paperwork
alaska sen,0.0,text__alaska sen
pants fire,0.0,text__pant fire
pants,0.0,text__pant
partial,0.0,text__partial
al franken,0.0,text__al franken
paso,0.0,text__paso
passed bill,0.0,text__pass bill
paul workman,0.0,text__paul workman
air line,0.0,text__air line
air traffic,0.0,text__air traffic
aircraft,0.0,text__aircraft
aircraft carriers,0.0,text__aircraft carrier
airplane,0.0,text__airplan
path citizenship,0.0,text__path citizenship
path,0.0,text__path
patent,0.0,text__patent
pat toomey,0.0,text__pat toomey
pat mccrory,0.0,text__pat mccrori
pat,0.0,text__pat
pastor,0.0,text__pastor
past two,0.0,text__past two
past three,0.0,text__past three
past six,0.0,text__past six
past months,0.0,text__past month
past four,0.0,text__past four
past eight,0.0,text__past eight
airport security,0.0,text__airport secur
passport,0.0,text__passport
passed stand,0.0,text__pass stand
passed health,0.0,text__pass health
panel,0.0,text__panel
pallone,0.0,text__pallon
alaskan,0.0,text__alaskan
palestinian,0.0,text__palestinian
orleans,0.0,text__orlean
alive,0.0,text__aliv
oregonians,0.0,text__oregonian
oregon ranks,0.0,text__oregon rank
oregon families,0.0,text__oregon famili
allan,0.0,text__allan
ordinary,0.0,text__ordinari
order get,0.0,text__order get
orange,0.0,text__orang
allan fung,0.0,text__allan fung
allegations,0.0,text__alleg
opposed required,0.0,text__oppos requir
opposed obamacare,0.0,text__oppos obamacar
opportunity voted,0.0,text__opportun vote
opponent support,0.0,text__oppon support
opponent mary,0.0,text__oppon mari
allen west,0.0,text__allen west
openly serving,0.0,text__openli serv
openly,0.0,text__openli
open new,0.0,text__open new
open border,0.0,text__open border
onto,0.0,text__onto
online gun,0.0,text__onlin gun
osama,0.0,text__osama
allow abortion,0.0,text__allow abort
osama bin,0.0,text__osama bin
outbreak,0.0,text__outbreak
alberta,0.0,text__alberta
alberta darling,0.0,text__alberta darl
paid percent,0.0,text__paid percent
paid less,0.0,text__paid less
paid cents,0.0,text__paid cent
paid back,0.0,text__paid back
pa,0.0,text__pa
ozone,0.0,text__ozon
ownership,0.0,text__ownership
owned percent,0.0,text__own percent
overturning roe,0.0,text__overturn roe
overstayed visa,0.0,text__overstay visa
overstayed,0.0,text__overstay
overhaul,0.0,text__overhaul
overcrowding,0.0,text__overcrowd
overall tax,0.0,text__overal tax
outstrip,0.0,text__outstrip
outspent,0.0,text__outspent
alison,0.0,text__alison
outreach,0.0,text__outreach
output,0.0,text__output
outlaw abortion,0.0,text__outlaw abort
outcomes,0.0,text__outcom
ought,0.0,text__ought
regulations insurance,0.0,text__regul insur
politicians run,0.0,text__politician run
pollution air,0.0,text__pollut air
ready,0.0,text__readi
read scores,0.0,text__read score
read proficiency,0.0,text__read profici
read grade,0.0,text__read grade
read bill,0.0,text__read bill
reached time,0.0,text__reach time
reached record,0.0,text__reach record
reached percent,0.0,text__reach percent
reached million,0.0,text__reach million
reached highest,0.0,text__reach highest
reagan cut,0.0,text__reagan cut
reached across,0.0,text__reach across
rauner,0.0,text__rauner
ration care,0.0,text__ration care
able get,0.0,text__abl get
ratio,0.0,text__ratio
ratifies,0.0,text__ratifi
ratepayers,0.0,text__ratepay
rate would,0.0,text__rate would
rate world,0.0,text__rate world
rate wisconsin,0.0,text__rate wisconsin
rate white,0.0,text__rate white
raw,0.0,text__raw
reagan democrats,0.0,text__reagan democrat
reagan policy,0.0,text__reagan polici
reagan recovery,0.0,text__reagan recoveri
received campaign,0.0,text__receiv campaign
received abortion,0.0,text__receiv abort
receipts,0.0,text__receipt
recall candidate,0.0,text__recal candid
rebuilt,0.0,text__rebuilt
rebuild america,0.0,text__rebuild america
rebels,0.0,text__rebel
rebecca bradley,0.0,text__rebecca bradley
rebecca,0.0,text__rebecca
really serious,0.0,text__realli seriou
really matter,0.0,text__realli matter
realize,0.0,text__realiz
reality,0.0,text__realiti
real wage,0.0,text__real wage
real unemployment,0.0,text__real unemploy
real term,0.0,text__real term
real result,0.0,text__real result
real jobs,0.0,text__real job
real gun,0.0,text__real gun
real estate,0.0,text__real estat
able body,0.0,text__abl bodi
reagan would,0.0,text__reagan would
reagan took,0.0,text__reagan took
rate western,0.0,text__rate western
received citation,0.0,text__receiv citat
rate virginia,0.0,text__rate virginia
rate unemployment,0.0,text__rate unemploy
rate five,0.0,text__rate five
rate families,0.0,text__rate famili
rate existing,0.0,text__rate exist
rate exceeded,0.0,text__rate exceed
rate dropped,0.0,text__rate drop
rate downgrades,0.0,text__rate downgrad
rate doubled,0.0,text__rate doubl
rate domestic,0.0,text__rate domest
rate cut,0.0,text__rate cut
rate continue,0.0,text__rate continu
rate four,0.0,text__rate four
rate companies,0.0,text__rate compani
rate barack,0.0,text__rate barack
rate atlanta,0.0,text__rate atlanta
rate among,0.0,text__rate among
rate america,0.0,text__rate america
rate also,0.0,text__rate also
rate almost,0.0,text__rate almost
rate african,0.0,text__rate african
rate actually,0.0,text__rate actual
rasmussen,0.0,text__rasmussen
rare,0.0,text__rare
abortion illegal,0.0,text__abort illeg
rate growth,0.0,text__rate growth
rate half,0.0,text__rate half
rate high,0.0,text__rate high
rate two,0.0,text__rate two
rate time,0.0,text__rate time
abortion clinics,0.0,text__abort clinic
rate thats,0.0,text__rate that
rate texas,0.0,text__rate texa
rate still,0.0,text__rate still
abortion coverage,0.0,text__abort coverag
rate seven,0.0,text__rate seven
rate seems,0.0,text__rate seem
rate people,0.0,text__rate peopl
rate one,0.0,text__rate one
rate ohio,0.0,text__rate ohio
rate new,0.0,text__rate new
rate national,0.0,text__rate nation
rate millionaires,0.0,text__rate millionair
rate lowest,0.0,text__rate lowest
rate lower,0.0,text__rate lower
rate low,0.0,text__rate low
rate inflation,0.0,text__rate inflat
abortion demand,0.0,text__abort demand
rate income,0.0,text__rate incom
rate hispanic,0.0,text__rate hispan
rate highest,0.0,text__rate highest
rate united,0.0,text__rate unit
received contributions,0.0,text__receiv contribut
received foreign,0.0,text__receiv foreign
received health,0.0,text__receiv health
reform make,0.0,text__reform make
reform legislation,0.0,text__reform legisl
reform eliminate,0.0,text__reform elimin
refinanced,0.0,text__refinanc
refinance,0.0,text__refin
referring women,0.0,text__refer women
referring syrian,0.0,text__refer syrian
referring islamic,0.0,text__refer islam
referral,0.0,text__referr
reduce state,0.0,text__reduc state
reform measure,0.0,text__reform measur
reduce spending,0.0,text__reduc spend
reduce funding,0.0,text__reduc fund
reduce crime,0.0,text__reduc crime
reduce cost,0.0,text__reduc cost
reduce carbon,0.0,text__reduc carbon
redskins,0.0,text__redskin
redistricting process,0.0,text__redistrict process
redistricting lawsuit,0.0,text__redistrict lawsuit
redistricting commission,0.0,text__redistrict commiss
redirect,0.0,text__redirect
redesigned,0.0,text__redesign
reduce prices,0.0,text__reduc price
reform new,0.0,text__reform new
reform save,0.0,text__reform save
reform state,0.0,text__reform state
regularly,0.0,text__regularli
regular,0.0,text__regular
regressive,0.0,text__regress
registration voters,0.0,text__registr voter
registration fees,0.0,text__registr fee
registered sex,0.0,text__regist sex
registered lobbyists,0.0,text__regist lobbyist
regime change,0.0,text__regim chang
regardless conditions,0.0,text__regardless condit
regardless,0.0,text__regardless
refused take,0.0,text__refus take
refused support,0.0,text__refus support
refused says,0.0,text__refus say
refused jobs,0.0,text__refus job
refused give,0.0,text__refus give
refused expand,0.0,text__refus expand
refused allow,0.0,text__refus allow
refund,0.0,text__refund
refugees state,0.0,text__refuge state
refugees including,0.0,text__refuge includ
refugees country,0.0,text__refuge countri
refugees could,0.0,text__refuge could
reform welfare,0.0,text__reform welfar
redefine rape,0.0,text__redefin rape
redefine,0.0,text__redefin
red state,0.0,text__red state
recycling,0.0,text__recycl
recommended medical,0.0,text__recommend medic
recommended,0.0,text__recommend
Subject: unknown,0.0,subject__unknown
reclaiming,0.0,text__reclaim
recklessly,0.0,text__recklessli
recipients use,0.0,text__recipi use
recidivism rate,0.0,text__recidiv rate
recidivism,0.0,text__recidiv
recent survey,0.0,text__recent survey
recent study,0.0,text__recent studi
recent report,0.0,text__recent report
recent poll,0.0,text__recent poll
recent percent,0.0,text__recent percent
recent history,0.0,text__recent histori
recent economic,0.0,text__recent econom
aarp,0.0,text__aarp
received taxpayers,0.0,text__receiv taxpay
received tax,0.0,text__receiv tax
abandoned,0.0,text__abandon
received pay,0.0,text__receiv pay
received money,0.0,text__receiv money
received million,0.0,text__receiv million
received less,0.0,text__receiv less
recommended tax,0.0,text__recommend tax
abortion legislation,0.0,text__abort legisl
reconciliation,0.0,text__reconcili
record breaks,0.0,text__record break
recused cases,0.0,text__recus case
recused,0.0,text__recus
recruiting tool,0.0,text__recruit tool
recruiting harvard,0.0,text__recruit harvard
recruiting,0.0,text__recruit
recreational,0.0,text__recreat
recovery since,0.0,text__recoveri sinc
recovered million,0.0,text__recov million
recovered,0.0,text__recov
recount,0.0,text__recount
record year,0.0,text__record year
record voted,0.0,text__record vote
record united,0.0,text__record unit
record show,0.0,text__record show
record raise,0.0,text__record rais
record profit,0.0,text__record profit
record one,0.0,text__record one
record level,0.0,text__record level
record government,0.0,text__record govern
record funding,0.0,text__record fund
record congress,0.0,text__record congress
record come,0.0,text__record come
record check,0.0,text__record check
reconciliation use,0.0,text__reconcili use
rapid,0.0,text__rapid
rape year,0.0,text__rape year
rape victims,0.0,text__rape victim
prices tag,0.0,text__price tag
prices percent,0.0,text__price percent
prices increase,0.0,text__price increas
prices gasoline,0.0,text__price gasolin
previously,0.0,text__previous
previous administration,0.0,text__previou administr
prevent care,0.0,text__prevent care
actors,0.0,text__actor
prevailing,0.0,text__prevail
pretty much,0.0,text__pretti much
primary care,0.0,text__primari care
pressure,0.0,text__pressur
presidential nominee,0.0,text__presidenti nomine
presidential candidate,0.0,text__presidenti candid
presidential campaign,0.0,text__presidenti campaign
president since,0.0,text__presid sinc
president said,0.0,text__presid said
president ronald,0.0,text__presid ronald
president recent,0.0,text__presid recent
president reagan,0.0,text__presid reagan
president plan,0.0,text__presid plan
actually cut,0.0,text__actual cut
presidential run,0.0,text__presidenti run
primary election,0.0,text__primari elect
prime,0.0,text__prime
prime minister,0.0,text__prime minist
act law,0.0,text__act law
prochoice,0.0,text__prochoic
act would,0.0,text__act would
procedure,0.0,text__procedur
action immigration,0.0,text__action immigr
probe,0.0,text__probe
pro abortion,0.0,text__pro abort
privilege,0.0,text__privileg
private veterans,0.0,text__privat veteran
action taken,0.0,text__action taken
private school,0.0,text__privat school
private prison,0.0,text__privat prison
private health,0.0,text__privat health
private emails,0.0,text__privat email
private companies,0.0,text__privat compani
privacy,0.0,text__privaci
pristine,0.0,text__pristin
prison system,0.0,text__prison system
prison population,0.0,text__prison popul
print ballot,0.0,text__print ballot
print,0.0,text__print
principal,0.0,text__princip
prince,0.0,text__princ
president illinois,0.0,text__presid illinoi
president history,0.0,text__presid histori
president going,0.0,text__presid go
president franklin,0.0,text__presid franklin
add billion,0.0,text__add billion
powell,0.0,text__powel
poverty level,0.0,text__poverti level
pot shops,0.0,text__pot shop
pot,0.0,text__pot
postal service,0.0,text__postal servic
postal,0.0,text__postal
position gay,0.0,text__posit gay
poses serious,0.0,text__pose seriou
portman,0.0,text__portman
portland milwaukie,0.0,text__portland milwauki
portion,0.0,text__portion
porter,0.0,text__porter
port,0.0,text__port
pornography,0.0,text__pornographi
population texas,0.0,text__popul texa
added campaign,0.0,text__ad campaign
population grown,0.0,text__popul grown
added million,0.0,text__ad million
pop,0.0,text__pop
added people,0.0,text__ad peopl
added percent,0.0,text__ad percent
pony,0.0,text__poni
practice law,0.0,text__practic law
act already,0.0,text__act alreadi
praised,0.0,text__prais
prayer rugs,0.0,text__prayer rug
actually gone,0.0,text__actual gone
president ever,0.0,text__presid ever
president election,0.0,text__presid elect
president could,0.0,text__presid could
president come,0.0,text__presid come
actually lower,0.0,text__actual lower
president clinton,0.0,text__presid clinton
actually reduce,0.0,text__actual reduc
actually turn,0.0,text__actual turn
actually voted,0.0,text__actual vote
prescribed,0.0,text__prescrib
preschool,0.0,text__preschool
preparing,0.0,text__prepar
prep,0.0,text__prep
actually went,0.0,text__actual went
prematurely,0.0,text__prematur
preferences,0.0,text__prefer
predicted,0.0,text__predict
predecessors,0.0,text__predecessor
predatory,0.0,text__predatori
precipitous,0.0,text__precipit
precious,0.0,text__preciou
precinct,0.0,text__precinct
pray,0.0,text__pray
poll tax,0.0,text__poll tax
proficiency,0.0,text__profici
act allow,0.0,text__act allow
question asked,0.0,text__question ask
academic achievement,0.0,text__academ achiev
quarter million,0.0,text__quarter million
quality care,0.0,text__qualiti care
quadrupled,0.0,text__quadrupl
qaeda,0.0,text__qaeda
academy,0.0,text__academi
accelerated,0.0,text__acceler
accepted million,0.0,text__accept million
put percent,0.0,text__put percent
academic,0.0,text__academ
put people,0.0,text__put peopl
put food,0.0,text__put food
access reproductive,0.0,text__access reproduct
accidental,0.0,text__accident
accommodate,0.0,text__accommod
purchase health,0.0,text__purchas health
accomplishments,0.0,text__accomplish
pupil cost,0.0,text__pupil cost
pupil,0.0,text__pupil
pulled,0.0,text__pull
published,0.0,text__publish
accepted new,0.0,text__accept new
racial,0.0,text__racial
racist,0.0,text__racist
racked,0.0,text__rack
rape kits,0.0,text__rape kit
rape crisis,0.0,text__rape crisi
abortion provide,0.0,text__abort provid
randi shade,0.0,text__randi shade
randi,0.0,text__randi
raked million,0.0,text__rake million
raked,0.0,text__rake
raise year,0.0,text__rais year
raise social,0.0,text__rais social
raise since,0.0,text__rais sinc
raise retirement,0.0,text__rais retir
raise property,0.0,text__rais properti
raise money,0.0,text__rais money
raise million,0.0,text__rais million
raise income,0.0,text__rais incom
raise children,0.0,text__rais children
raise capital,0.0,text__rais capit
raimondo,0.0,text__raimondo
rail project,0.0,text__rail project
absolutely,0.0,text__absolut
radio added,0.0,text__radio ad
radical islamic,0.0,text__radic islam
radical,0.0,text__radic
public transportation,0.0,text__public transport
public service,0.0,text__public servic
according bureau,0.0,text__accord bureau
public private,0.0,text__public privat
proposed would,0.0,text__propos would
proposed transportation,0.0,text__propos transport
proposed spending,0.0,text__propos spend
proposed rep,0.0,text__propos rep
proposed mine,0.0,text__propos mine
proposed largest,0.0,text__propos largest
proposed cut,0.0,text__propos cut
across border,0.0,text__across border
proposed billion,0.0,text__propos billion
proposed bill,0.0,text__propos bill
proponent,0.0,text__propon
proof,0.0,text__proof
across national,0.0,text__across nation
across ohio,0.0,text__across ohio
promised stimulus,0.0,text__promis stimulu
promised keep,0.0,text__promis keep
promised cut,0.0,text__promis cut
prolife,0.0,text__prolif
project created,0.0,text__project creat
program without,0.0,text__program without
program voted,0.0,text__program vote
program help,0.0,text__program help
program billion,0.0,text__program billion
prospects,0.0,text__prospect
profiling,0.0,text__profil
acquire,0.0,text__acquir
protect agency,0.0,text__protect agenc
according federal,0.0,text__accord feder
public officials,0.0,text__public offici
public office,0.0,text__public offic
public high,0.0,text__public high
public hearing,0.0,text__public hear
according recent,0.0,text__accord recent
public college,0.0,text__public colleg
public assistance,0.0,text__public assist
pryor voted,0.0,text__pryor vote
pryor,0.0,text__pryor
provision health,0.0,text__provis health
account board,0.0,text__account board
provide tax,0.0,text__provid tax
provide state,0.0,text__provid state
provide percent,0.0,text__provid percent
provide free,0.0,text__provid free
proves,0.0,text__prove
account less,0.0,text__account less
protesters wisconsin,0.0,text__protest wisconsin
protesters,0.0,text__protest
protect women,0.0,text__protect women
protect tax,0.0,text__protect tax
account office,0.0,text__account offic
acknowledged,0.0,text__acknowledg
senate mccain,0.0,text__senat mccain
slower time,0.0,text__slower time
senate recall,0.0,text__senat recal
vast majority,0.0,text__vast major
vast,0.0,text__vast
various,0.0,text__variou
valley,0.0,text__valley
Context: a speech in the House of Representatives,0.0,context__Context_a speech in the House of Representatives
vacant,0.0,text__vacant
vacancy,0.0,text__vacanc
va,0.0,text__va
uw madison,0.0,text__uw madison
uw,0.0,text__uw
utah,0.0,text__utah
use recruiting,0.0,text__use recruit
use public,0.0,text__use public
use military,0.0,text__use militari
use medical,0.0,text__use medic
use firearms,0.0,text__use firearm
use campaign,0.0,text__use campaign
usage,0.0,text__usag
us trillion,0.0,text__us trillion
us money,0.0,text__us money
us jobs,0.0,text__us job
us billion,0.0,text__us billion
urged,0.0,text__urg
vehicular,0.0,text__vehicular
venture capital,0.0,text__ventur capit
Context: a speech at the Democratic convention,0.0,context__Context_a speech at the Democratic convention
vermont,0.0,text__vermont
voted billion,0.0,text__vote billion
voted ban,0.0,text__vote ban
voice,0.0,text__voic
vital,0.0,text__vital
visitors,0.0,text__visitor
visa overstayed,0.0,text__visa overstay
virginia taxpayers,0.0,text__virginia taxpay
virginia medicaid,0.0,text__virginia medicaid
virginia coast,0.0,text__virginia coast
violations law,0.0,text__violat law
vietnam war,0.0,text__vietnam war
upwards,0.0,text__upward
video games,0.0,text__video game
vicious,0.0,text__viciou
vice presidential,0.0,text__vice presidenti
Context: a speech at the CPAC conference,0.0,context__Context_a speech at the CPAC conference
viagra,0.0,text__viagra
vetoed bill,0.0,text__veto bill
veterans die,0.0,text__veteran die
veterans benefits,0.0,text__veteran benefit
veterans affairs,0.0,text__veteran affair
veterans administration,0.0,text__veteran administr
versus,0.0,text__versu
version,0.0,text__version
victims rape,0.0,text__victim rape
voted bipartisan,0.0,text__vote bipartisan
uptick,0.0,text__uptick
upstate,0.0,text__upstat
unemployment number,0.0,text__unemploy number
unemployment million,0.0,text__unemploy million
Context: a television commercial,0.0,context__Context_a television commercial
understand,0.0,text__understand
undergo,0.0,text__undergo
underemployed,0.0,text__underemploy
underage,0.0,text__underag
uncompensated care,0.0,text__uncompens care
uncompensated,0.0,text__uncompens
uncollected,0.0,text__uncollect
unarmed,0.0,text__unarm
unanimously,0.0,text__unanim
unaccounted,0.0,text__unaccount
unable,0.0,text__unabl
Context: a television interview.,0.0,context__Context_a television interview.
ukraine,0.0,text__ukrain
typical wisconsin,0.0,text__typic wisconsin
typical families,0.0,text__typic famili
two week,0.0,text__two week
two term,0.0,text__two term
two separate,0.0,text__two separ
two percent,0.0,text__two percent
two new,0.0,text__two new
unemployment underemployed,0.0,text__unemploy underemploy
unemployment would,0.0,text__unemploy would
unequivocally,0.0,text__unequivoc
unfunded,0.0,text__unfund
ups,0.0,text__up
upon,0.0,text__upon
upgrades,0.0,text__upgrad
unsustainable,0.0,text__unsustain
Context: a speech on the Senate floor.,0.0,context__Context_a speech on the Senate floor.
Context: a speech on the State Senate floor,0.0,context__Context_a speech on the State Senate floor
unopposed,0.0,text__unoppos
Context: a speech on the floor of the U.S. Senate,0.0,context__Context_a speech on the floor of the U.S. Senate
unlawful,0.0,text__unlaw
unknown,0.0,text__unknown
university texas,0.0,text__univers texa
upstate new,0.0,text__upstat new
university health,0.0,text__univers health
united arab,0.0,text__unit arab
Context: a statement on campaign web site,0.0,context__Context_a statement on campaign web site
union spent,0.0,text__union spent
union jobs,0.0,text__union job
union government,0.0,text__union govern
union due,0.0,text__union due
union dont,0.0,text__union dont
union address,0.0,text__union address
Context: a statement on his campaign website,0.0,context__Context_a statement on his campaign website
uninsured americans,0.0,text__uninsur american
uniforms,0.0,text__uniform
Context: a statement at a candidate forum,0.0,context__Context_a statement at a candidate forum
voted count,0.0,text__vote count
Context: a posting on Twitter,0.0,context__Context_a posting on Twitter
voted democrats,0.0,text__vote democrat
walker made,0.0,text__walker made
walker eliminate,0.0,text__walker elimin
walker budget,0.0,text__walker budget
walk gun,0.0,text__walk gun
walk away,0.0,text__walk away
waived,0.0,text__waiv
wage state,0.0,text__wage state
wage increase,0.0,text__wage increas
wage gap,0.0,text__wage gap
wage declined,0.0,text__wage declin
vs wade,0.0,text__vs wade
vs,0.0,text__vs
vows,0.0,text__vow
voucher program,0.0,text__voucher program
voters think,0.0,text__voter think
voters suppression,0.0,text__voter suppress
voters rolls,0.0,text__voter roll
Context: a news report,0.0,context__Context_a news report
voters registered,0.0,text__voter regist
voters one,0.0,text__voter one
voters identification,0.0,text__voter identif
voters id,0.0,text__voter id
voters election,0.0,text__voter elect
walker republican,0.0,text__walker republican
walker said,0.0,text__walker said
walker took,0.0,text__walker took
walker wisconsin,0.0,text__walker wisconsin
warning,0.0,text__warn
warner voted,0.0,text__warner vote
warheads,0.0,text__warhead
war terrorism,0.0,text__war terror
war opposed,0.0,text__war oppos
Context: a letter to the editor,0.0,context__Context_a letter to the editor
wants union,0.0,text__want union
wants tax,0.0,text__want tax
wants take,0.0,text__want take
wants see,0.0,text__want see
wants repeal,0.0,text__want repeal
voters dont,0.0,text__voter dont
wants put,0.0,text__want put
wants one,0.0,text__want one
wants let,0.0,text__want let
wants keep,0.0,text__want keep
wants increase,0.0,text__want increas
wants give,0.0,text__want give
wants build,0.0,text__want build
Context: a message on Twitter,0.0,context__Context_a message on Twitter
Context: a message via the Internet,0.0,context__Context_a message via the Internet
walton families,0.0,text__walton famili
walton,0.0,text__walton
Context: a news article,0.0,context__Context_a news article
wants protect,0.0,text__want protect
voters approved,0.0,text__voter approv
voted year,0.0,text__vote year
voted week,0.0,text__vote week
voted margin,0.0,text__vote margin
voted make,0.0,text__vote make
voted machines,0.0,text__vote machin
voted lock,0.0,text__vote lock
voted legislation,0.0,text__vote legisl
voted leave,0.0,text__vote leav
voted law,0.0,text__vote law
voted last,0.0,text__vote last
voted largest,0.0,text__vote largest
voted killed,0.0,text__vote kill
voted increase,0.0,text__vote increas
voted nancy,0.0,text__vote nanci
voted house,0.0,text__vote hous
voted health,0.0,text__vote health
voted gop,0.0,text__vote gop
voted give,0.0,text__vote give
voted funding,0.0,text__vote fund
voted four,0.0,text__vote four
voted five,0.0,text__vote five
voted favor,0.0,text__vote favor
voted every,0.0,text__vote everi
voted end,0.0,text__vote end
voted election,0.0,text__vote elect
voted early,0.0,text__vote earli
voted honor,0.0,text__vote honor
two hours,0.0,text__two hour
voted obama,0.0,text__vote obama
voted one,0.0,text__vote one
voted virtually,0.0,text__vote virtual
voted violence,0.0,text__vote violenc
voted va,0.0,text__vote va
voted union,0.0,text__vote union
voted twice,0.0,text__vote twice
voted turn,0.0,text__vote turn
voted trillion,0.0,text__vote trillion
voted tougher,0.0,text__vote tougher
Context: a newspaper op-ed,0.0,context__Context_a newspaper op-ed
voted tax,0.0,text__vote tax
voted take,0.0,text__vote take
voted obamacare,0.0,text__vote obamacar
Context: a panel discussion,0.0,context__Context_a panel discussion
voted statewide,0.0,text__vote statewid
voted spending,0.0,text__vote spend
voted slash,0.0,text__vote slash
Context: a political ad,0.0,context__Context_a political ad
voted senate,0.0,text__vote senat
voted repeal,0.0,text__vote repeal
voted remove,0.0,text__vote remov
Context: a political advertisement,0.0,context__Context_a political advertisement
voted protect,0.0,text__vote protect
voted plan,0.0,text__vote plan
voted party,0.0,text__vote parti
voted stimulus,0.0,text__vote stimulu
warrant issue,0.0,text__warrant issu
two half,0.0,text__two half
two budget,0.0,text__two budget
"Context: an interview on CNN's ""New Day""",0.0,"context__Context_an interview on CNN's ""New Day"""
time every,0.0,text__time everi
time ever,0.0,text__time ever
time democrats,0.0,text__time democrat
time decade,0.0,text__time decad
time congress,0.0,text__time congress
time average,0.0,text__time averag
time americans,0.0,text__time american
tim pawlenty,0.0,text__tim pawlenti
Context: an interview on CNN.,0.0,context__Context_an interview on CNN.
till,0.0,text__till
thwart,0.0,text__thwart
thrown,0.0,text__thrown
throughout,0.0,text__throughout
three time,0.0,text__three time
three texas,0.0,text__three texa
three students,0.0,text__three student
three state,0.0,text__three state
three separate,0.0,text__three separ
three quarter,0.0,text__three quarter
three president,0.0,text__three presid
three percent,0.0,text__three percent
three minutes,0.0,text__three minut
time going,0.0,text__time go
time high,0.0,text__time high
time higher,0.0,text__time higher
time like,0.0,text__time like
told congress,0.0,text__told congress
Context: an interview on ABC's This Week,0.0,context__Context_an interview on ABC's This Week
toilet,0.0,text__toilet
today year,0.0,text__today year
today percent,0.0,text__today percent
today average,0.0,text__today averag
today america,0.0,text__today america
tobacco,0.0,text__tobacco
titled,0.0,text__titl
tipping,0.0,text__tip
tiny,0.0,text__tini
three million,0.0,text__three million
timeline,0.0,text__timelin
time weve,0.0,text__time weve
time voted,0.0,text__time vote
time thats,0.0,text__time that
time state,0.0,text__time state
time republican,0.0,text__time republican
time rate,0.0,text__time rate
time raise,0.0,text__time rais
time obama,0.0,text__time obama
time national,0.0,text__time nation
"Context: an interview on CBS's ""Face the Nation""",0.0,"context__Context_an interview on CBS's ""Face the Nation"""
time many,0.0,text__time mani
time workers,0.0,text__time worker
toll lanes,0.0,text__toll lane
three miles,0.0,text__three mile
three governor,0.0,text__three governor
third lowest,0.0,text__third lowest
third largest,0.0,text__third largest
third highest,0.0,text__third highest
third graders,0.0,text__third grader
third grade,0.0,text__third grade
third federal,0.0,text__third feder
third dangerous,0.0,text__third danger
third biggest,0.0,text__third biggest
third among,0.0,text__third among
think united,0.0,text__think unit
think thats,0.0,text__think that
think one,0.0,text__think one
think donald,0.0,text__think donald
things would,0.0,text__thing would
thin,0.0,text__thin
theyve seen,0.0,text__theyv seen
theyve said,0.0,text__theyv said
theyve gone,0.0,text__theyv gone
theyre still,0.0,text__theyr still
theyre much,0.0,text__theyr much
theyre going,0.0,text__theyr go
theu,0.0,text__theu
theres tremendous,0.0,text__there tremend
third midwest,0.0,text__third midwest
third people,0.0,text__third peopl
third quarter,0.0,text__third quarter
third seniors,0.0,text__third senior
three five,0.0,text__three five
three country,0.0,text__three countri
three companies,0.0,text__three compani
three bill,0.0,text__three bill
Context: an interview on Fox,0.0,context__Context_an interview on Fox
thousands women,0.0,text__thousand women
thousands politicians,0.0,text__thousand politician
Context: an interview on Fox News Sunday,0.0,context__Context_an interview on Fox News Sunday
"Context: an interview on MSNBC's ""Morning Joe""",0.0,"context__Context_an interview on MSNBC's ""Morning Joe"""
thousands illegal,0.0,text__thousand illeg
thousands florida,0.0,text__thousand florida
three law,0.0,text__three law
thousands dollars,0.0,text__thousand dollar
"Context: an interview on NBC's ""Today"" show",0.0,"context__Context_an interview on NBC's ""Today"" show"
though,0.0,text__though
thompson wants,0.0,text__thompson want
thompson support,0.0,text__thompson support
thompson says,0.0,text__thompson say
Context: an interview on NBC's 'Meet the Press',0.0,context__Context_an interview on NBC's 'Meet the Press'
thirty four,0.0,text__thirti four
thirty,0.0,text__thirti
third world,0.0,text__third world
third trimester,0.0,text__third trimest
third state,0.0,text__third state
thought property,0.0,text__thought properti
Context: an interview on ABC's 'This Week',0.0,context__Context_an interview on ABC's 'This Week'
"Context: an interview on ABC's ""This Week""",0.0,"context__Context_an interview on ABC's ""This Week"""
tom reed,0.0,text__tom reed
trump would,0.0,text__trump would
trump tax,0.0,text__trump tax
Context: a written statement.,0.0,context__Context_a written statement.
trump promised,0.0,text__trump promis
trump president,0.0,text__trump presid
trump doesnt,0.0,text__trump doesnt
true florida,0.0,text__true florida
troops iraq,0.0,text__troop iraq
trooper,0.0,text__trooper
tripled,0.0,text__tripl
trimet spending,0.0,text__trimet spend
trimet,0.0,text__trimet
trillion year,0.0,text__trillion year
trillion tax,0.0,text__trillion tax
trillion national,0.0,text__trillion nation
Context: an appearance on a TV interview program,0.0,context__Context_an appearance on a TV interview program
trigger,0.0,text__trigger
tried take,0.0,text__tri take
tried passed,0.0,text__tri pass
tried make,0.0,text__tri make
tried find,0.0,text__tri find
tried expand,0.0,text__tri expand
tried change,0.0,text__tri chang
Context: a website statement,0.0,context__Context_a website statement
tsa,0.0,text__tsa
tuberculosis,0.0,text__tuberculosi
Context: a website posting,0.0,context__Context_a website posting
Context: a tweet.,0.0,context__Context_a tweet.
Context: a video ad,0.0,context__Context_a video ad
twitter account,0.0,text__twitter account
twin river,0.0,text__twin river
twin,0.0,text__twin
twice national,0.0,text__twice nation
twice four,0.0,text__twice four
twice actually,0.0,text__twice actual
Context: a web ad.,0.0,context__Context_a web ad.
twenty two,0.0,text__twenti two
twenty three,0.0,text__twenti three
trenton,0.0,text__trenton
twenty percent,0.0,text__twenti percent
twenty four,0.0,text__twenti four
twelve,0.0,text__twelv
tweeted sent,0.0,text__tweet sent
tweeted,0.0,text__tweet
tv interview,0.0,text__tv interview
Context: a web video.,0.0,context__Context_a web video.
turnaround,0.0,text__turnaround
turn medicare,0.0,text__turn medicar
turn around,0.0,text__turn around
turbines,0.0,text__turbin
tuition free,0.0,text__tuition free
twenty million,0.0,text__twenti million
Context: an e-mail blast,0.0,context__Context_an e-mail blast
Context: an editorial,0.0,context__Context_an editorial
Context: an editorial.,0.0,context__Context_an editorial.
toughest ethics,0.0,text__toughest ethic
toughest,0.0,text__toughest
toughen,0.0,text__toughen
tough,0.0,text__tough
touch,0.0,text__touch
total jobs,0.0,text__total job
total income,0.0,text__total incom
total billion,0.0,text__total billion
total amount,0.0,text__total amount
torture,0.0,text__tortur
tort reform,0.0,text__tort reform
tourists,0.0,text__tourist
tort,0.0,text__tort
top rate,0.0,text__top rate
top one,0.0,text__top one
top five,0.0,text__top five
took us,0.0,text__took us
took state,0.0,text__took state
took million,0.0,text__took million
took effect,0.0,text__took effect
took control,0.0,text__took control
took away,0.0,text__took away
tons,0.0,text__ton
tonight,0.0,text__tonight
top tax,0.0,text__top tax
two different,0.0,text__two differ
touting,0.0,text__tout
tower,0.0,text__tower
treated,0.0,text__treat
treasury,0.0,text__treasuri
Context: an election flier,0.0,context__Context_an election flier
trayvon martin,0.0,text__trayvon martin
Context: an email,0.0,context__Context_an email
travel country,0.0,text__travel countri
Context: an email to supporters,0.0,context__Context_an email to supporters
traumatic,0.0,text__traumat
trap,0.0,text__trap
transvaginal,0.0,text__transvagin
transportation plan,0.0,text__transport plan
toward pension,0.0,text__toward pension
transmitted,0.0,text__transmit
transit system,0.0,text__transit system
transactions,0.0,text__transact
training program,0.0,text__train program
traffic fatalities,0.0,text__traffic fatal
trademark,0.0,text__trademark
trade legislation,0.0,text__trade legisl
"Context: an interview on ""This Week with Christiane Amanpour.""",0.0,"context__Context_an interview on ""This Week with Christiane Amanpour."""
trade center,0.0,text__trade center
trade bill,0.0,text__trade bill
traced,0.0,text__trace
toy,0.0,text__toy
translates,0.0,text__translat
theres three,0.0,text__there three
wash,0.0,text__wash
washington lobbyists,0.0,text__washington lobbyist
year committed,0.0,text__year commit
year combined,0.0,text__year combin
year campaign,0.0,text__year campaign
year bush,0.0,text__year bush
year borrowing,0.0,text__year borrow
year billion,0.0,text__year billion
year best,0.0,text__year best
year basically,0.0,text__year basic
year barrel,0.0,text__year barrel
year barack,0.0,text__year barack
year balanced,0.0,text__year balanc
year average,0.0,text__year averag
year auto,0.0,text__year auto
year austin,0.0,text__year austin
year approximately,0.0,text__year approxim
year anybody,0.0,text__year anybodi
year anniversary,0.0,text__year anniversari
year amount,0.0,text__year amount
year alone,0.0,text__year alon
year almost,0.0,text__year almost
year added,0.0,text__year ad
year abortion,0.0,text__year abort
Context: a Presidential debate at Hofstra University,0.0,context__Context_a Presidential debate at Hofstra University
year compared,0.0,text__year compar
year comply,0.0,text__year compli
year could,0.0,text__year could
year country,0.0,text__year countri
year george,0.0,text__year georg
year gains,0.0,text__year gain
year full,0.0,text__year full
year first,0.0,text__year first
year far,0.0,text__year far
year fact,0.0,text__year fact
year experience,0.0,text__year experi
Context: a House committee hearing,0.0,context__Context_a House committee hearing
year even,0.0,text__year even
year entire,0.0,text__year entir
year enough,0.0,text__year enough
wyoming,0.0,text__wyom
year energy,0.0,text__year energi
year economy,0.0,text__year economi
year earlier,0.0,text__year earlier
year due,0.0,text__year due
year dropped,0.0,text__year drop
year dont,0.0,text__year dont
year die,0.0,text__year die
year democrats,0.0,text__year democrat
year degree,0.0,text__year degre
year deficit,0.0,text__year deficit
year cut,0.0,text__year cut
year created,0.0,text__year creat
year election,0.0,text__year elect
year get,0.0,text__year get
wrote letter,0.0,text__wrote letter
wrongdoing,0.0,text__wrongdo
would received,0.0,text__would receiv
would rather,0.0,text__would rather
would raise,0.0,text__would rais
would put,0.0,text__would put
would provide,0.0,text__would provid
would protect,0.0,text__would protect
would private,0.0,text__would privat
would place,0.0,text__would place
would percent,0.0,text__would percent
would pay,0.0,text__would pay
would passed,0.0,text__would pass
would outlaw,0.0,text__would outlaw
"Context: a Republican presidential debate in Boulder, Colo.",0.0,"context__Context_a Republican presidential debate in Boulder, Colo."
would one,0.0,text__would one
would never,0.0,text__would never
would need,0.0,text__would need
would love,0.0,text__would love
"Context: a Republican presidential debate in Hanover, N.H.",0.0,"context__Context_a Republican presidential debate in Hanover, N.H."
would live,0.0,text__would live
Context: a Republican presidential debate in Las Vegas,0.0,context__Context_a Republican presidential debate in Las Vegas
would like,0.0,text__would like
would kept,0.0,text__would kept
would keep,0.0,text__would keep
would reduce,0.0,text__would reduc
would restrictions,0.0,text__would restrict
would result,0.0,text__would result
Context: a Republican gubernatorial debate,0.0,context__Context_a Republican gubernatorial debate
wrong says,0.0,text__wrong say
wrong precinct,0.0,text__wrong precinct
write book,0.0,text__write book
write,0.0,text__write
wright white,0.0,text__wright white
wright,0.0,text__wright
wrecked,0.0,text__wreck
wrap,0.0,text__wrap
wounded troops,0.0,text__wound troop
wounded,0.0,text__wound
wouldnt even,0.0,text__wouldnt even
wrote check,0.0,text__wrote check
wouldnt,0.0,text__wouldnt
would vetoed,0.0,text__would veto
would use,0.0,text__would use
would turn,0.0,text__would turn
would tax,0.0,text__would tax
would taken,0.0,text__would taken
would take,0.0,text__would take
would support,0.0,text__would support
would subject,0.0,text__would subject
would strip,0.0,text__would strip
would signed,0.0,text__would sign
would sell,0.0,text__would sell
would wisconsin,0.0,text__would wisconsin
year going,0.0,text__year go
year gone,0.0,text__year gone
year gov,0.0,text__year gov
york time,0.0,text__york time
york state,0.0,text__york state
"Context: Tampa, Fla.",0.0,"context__Context_Tampa, Fla."
yet percent,0.0,text__yet percent
yet get,0.0,text__yet get
yet created,0.0,text__yet creat
yesterday,0.0,text__yesterday
yes even,0.0,text__ye even
"Context: Washington, D.C.",0.0,"context__Context_Washington, D.C."
yemen,0.0,text__yemen
year yet,0.0,text__year yet
year would,0.0,text__year would
year world,0.0,text__year world
year workers,0.0,text__year worker
year work,0.0,text__year work
year without,0.0,text__year without
year wisconsin,0.0,text__year wisconsin
year washington,0.0,text__year washington
year war,0.0,text__year war
year united,0.0,text__year unit
year union,0.0,text__year union
year two,0.0,text__year two
year tripled,0.0,text__year tripl
youd,0.0,text__youd
youll,0.0,text__youll
Context: TV interview,0.0,context__Context_TV interview
young adults,0.0,text__young adult
zip code,0.0,text__zip code
zip,0.0,text__zip
zika funding,0.0,text__zika fund
zero jobs,0.0,text__zero job
zero fact,0.0,text__zero fact
"Context: Las Vegas, Nev.",0.0,"context__Context_Las Vegas, Nev."
zenzinger,0.0,text__zenzing
zack space,0.0,text__zack space
zack,0.0,text__zack
yrs,0.0,text__yr
youve got,0.0,text__youv got
year trillion,0.0,text__year trillion
youth unemployment,0.0,text__youth unemploy
youre white,0.0,text__your white
youre make,0.0,text__your make
youre look,0.0,text__your look
youre going,0.0,text__your go
younger,0.0,text__younger
young women,0.0,text__young women
young voted,0.0,text__young vote
young republican,0.0,text__young republican
young illegal,0.0,text__young illeg
young black,0.0,text__young black
young african,0.0,text__young african
youre work,0.0,text__your work
year total,0.0,text__year total
year three,0.0,text__year three
year texas,0.0,text__year texa
year number,0.0,text__year number
year nothing,0.0,text__year noth
year new,0.0,text__year new
year nearly,0.0,text__year nearli
year much,0.0,text__year much
year money,0.0,text__year money
year mayor,0.0,text__year mayor
year maybe,0.0,text__year mayb
year lowest,0.0,text__year lowest
year low,0.0,text__year low
year legislature,0.0,text__year legislatur
year obama,0.0,text__year obama
year legal,0.0,text__year legal
year later,0.0,text__year later
year last,0.0,text__year last
year jobs,0.0,text__year job
year iran,0.0,text__year iran
year income,0.0,text__year incom
year house,0.0,text__year hous
year history,0.0,text__year histori
year hes,0.0,text__year he
year help,0.0,text__year help
year health,0.0,text__year health
year governor,0.0,text__year governor
year law,0.0,text__year law
would increase,0.0,text__would increas
year obamacare,0.0,text__year obamacar
year one,0.0,text__year one
year test,0.0,text__year test
year teachers,0.0,text__year teacher
year taxpayers,0.0,text__year taxpay
year tax,0.0,text__year tax
year support,0.0,text__year support
year spent,0.0,text__year spent
year social,0.0,text__year social
year serving,0.0,text__year serv
year seniors,0.0,text__year senior
year senate,0.0,text__year senat
year saw,0.0,text__year saw
year ohio,0.0,text__year ohio
year said,0.0,text__year said
year record,0.0,text__year record
year public,0.0,text__year public
year prosecuted,0.0,text__year prosecut
year private,0.0,text__year privat
year prison,0.0,text__year prison
year prior,0.0,text__year prior
Context: a Facebook posting,0.0,context__Context_a Facebook posting
year point,0.0,text__year point
year period,0.0,text__year period
year per,0.0,text__year per
year pay,0.0,text__year pay
year row,0.0,text__year row
washington area,0.0,text__washington area
would immediately,0.0,text__would immedi
would hit,0.0,text__would hit
wisconsin senate,0.0,text__wisconsin senat
wisconsin school,0.0,text__wisconsin school
Context: a campaign statement,0.0,context__Context_a campaign statement
wisconsin republican,0.0,text__wisconsin republican
wisconsin ranks,0.0,text__wisconsin rank
wisconsin percent,0.0,text__wisconsin percent
wisconsin milwaukee,0.0,text__wisconsin milwauke
wisconsin jobs,0.0,text__wisconsin job
wisconsin government,0.0,text__wisconsin govern
wisconsin assembly,0.0,text__wisconsin assembl
wis,0.0,text__wi
wiretappings,0.0,text__wiretap
winner,0.0,text__winner
wing extremists,0.0,text__wing extremist
wing,0.0,text__wing
windows,0.0,text__window
windfall,0.0,text__windfal
wind turbines,0.0,text__wind turbin
wilson,0.0,text__wilson
williamson county,0.0,text__williamson counti
william,0.0,text__william
wildly unpopular,0.0,text__wildli unpopular
wildly,0.0,text__wildli
wisconsin state,0.0,text__wisconsin state
wisconsin taxpayers,0.0,text__wisconsin taxpay
wisconsin th,0.0,text__wisconsin th
wisconsinites,0.0,text__wisconsinit
women make,0.0,text__women make
women get,0.0,text__women get
women dont,0.0,text__women dont
women coverage,0.0,text__women coverag
women children,0.0,text__women children
women cannot,0.0,text__women cannot
women across,0.0,text__women across
women account,0.0,text__women account
women abuse,0.0,text__women abus
Context: a campaign mail piece.,0.0,context__Context_a campaign mail piece.
woman life,0.0,text__woman life
wildlife,0.0,text__wildlif
woman child,0.0,text__woman child
wolf,0.0,text__wolf
witnessed,0.0,text__wit
without raise,0.0,text__without rais
without pay,0.0,text__without pay
without parents,0.0,text__without parent
without mandate,0.0,text__without mandat
without health,0.0,text__without health
within year,0.0,text__within year
withdrawal iraq,0.0,text__withdraw iraq
wish,0.0,text__wish
wise,0.0,text__wise
wolves,0.0,text__wolv
women minority,0.0,text__women minor
wild,0.0,text__wild
whove,0.0,text__whove
welcome,0.0,text__welcom
weight,0.0,text__weight
weigh pounds,0.0,text__weigh pound
weigh,0.0,text__weigh
week pregnancy,0.0,text__week pregnanc
Context: a debate in the Rio Grande Valley.,0.0,context__Context_a debate in the Rio Grande Valley.
wedlock,0.0,text__wedlock
"Context: a discussion on CNN's ""Crossfire""",0.0,"context__Context_a discussion on CNN's ""Crossfire"""
webb,0.0,text__webb
web site,0.0,text__web site
weather,0.0,text__weather
weapons use,0.0,text__weapon use
wealth bottom,0.0,text__wealth bottom
Context: a foreign policy speech,0.0,context__Context_a foreign policy speech
weaken,0.0,text__weaken
wayne,0.0,text__wayn
Context: a fundraising email,0.0,context__Context_a fundraising email
watt,0.0,text__watt
water use,0.0,text__water use
watch list,0.0,text__watch list
waste fraud,0.0,text__wast fraud
wasilla,0.0,text__wasilla
washington politicians,0.0,text__washington politician
welfare recipients,0.0,text__welfar recipi
welfare work,0.0,text__welfar work
"Context: a debate in Myrtle Beach, S.C.",0.0,"context__Context_a debate in Myrtle Beach, S.C."
well percent,0.0,text__well percent
wholly,0.0,text__wholli
whitman,0.0,text__whitman
whitewater,0.0,text__whitewat
whitehouse,0.0,text__whitehous
white voters,0.0,text__white voter
white person,0.0,text__white person
Context: a campaign website statement,0.0,context__Context_a campaign website statement
whistleblower,0.0,text__whistleblow
whether would,0.0,text__whether would
whether support,0.0,text__whether support
whether state,0.0,text__whether state
wic,0.0,text__wic
whatsoever,0.0,text__whatsoev
Context: a committee hearing,0.0,context__Context_a committee hearing
weve given,0.0,text__weve given
weve ever,0.0,text__weve ever
weve cut,0.0,text__weve cut
western,0.0,text__western
west texas,0.0,text__west texa
west,0.0,text__west
went spending,0.0,text__went spend
went effect,0.0,text__went effect
went back,0.0,text__went back
"Context: a debate in Durham, N.H.",0.0,"context__Context_a debate in Durham, N.H."
weve lost,0.0,text__weve lost
women paid,0.0,text__women paid
women pay,0.0,text__women pay
women people,0.0,text__women peopl
worst nightmare,0.0,text__worst nightmar
worst jobs,0.0,text__worst job
worst city,0.0,text__worst citi
worship,0.0,text__worship
worsened,0.0,text__worsen
worry,0.0,text__worri
Context: a billboard,0.0,context__Context_a billboard
Context: a blog posting,0.0,context__Context_a blog posting
world use,0.0,text__world use
world trade,0.0,text__world trade
world right,0.0,text__world right
world oil,0.0,text__world oil
world country,0.0,text__world countri
world come,0.0,text__world come
world combined,0.0,text__world combin
workplace,0.0,text__workplac
workman,0.0,text__workman
workers wage,0.0,text__worker wage
workers use,0.0,text__worker use
workers united,0.0,text__worker unit
workers training,0.0,text__worker train
workers today,0.0,text__worker today
workers state,0.0,text__worker state
worst rate,0.0,text__worst rate
worst state,0.0,text__worst state
worst unemployment,0.0,text__worst unemploy
Context: a U.S. Senate primary debate on FOX News Sunday,0.0,context__Context_a U.S. Senate primary debate on FOX News Sunday
would going,0.0,text__would go
would get,0.0,text__would get
Context: a TV ad airing in Iowa and New Hampshire.,0.0,context__Context_a TV ad airing in Iowa and New Hampshire.
would even,0.0,text__would even
would enough,0.0,text__would enough
would effect,0.0,text__would effect
would earn,0.0,text__would earn
would drilling,0.0,text__would drill
would doubled,0.0,text__would doubl
would delayed,0.0,text__would delay
would come,0.0,text__would come
workers program,0.0,text__worker program
would change,0.0,text__would chang
would benefits,0.0,text__would benefit
would ban,0.0,text__would ban
would balanced,0.0,text__would balanc
would amount,0.0,text__would amount
would also,0.0,text__would also
would almost,0.0,text__would almost
would allow,0.0,text__would allow
would affect,0.0,text__would affect
would accepted,0.0,text__would accept
would absolutely,0.0,text__would absolut
worth million,0.0,text__worth million
would called,0.0,text__would call
workers percent,0.0,text__worker percent
workers pay,0.0,text__worker pay
workers make,0.0,text__worker make
work ever,0.0,text__work ever
work efforts,0.0,text__work effort
work democrats,0.0,text__work democrat
work day,0.0,text__work day
work created,0.0,text__work creat
work city,0.0,text__work citi
work career,0.0,text__work career
work americans,0.0,text__work american
words use,0.0,text__word use
wood,0.0,text__wood
wont default,0.0,text__wont default
work farm,0.0,text__work farm
Context: a campaign commerical,0.0,context__Context_a campaign commerical
women voters,0.0,text__women voter
women use,0.0,text__women use
women still,0.0,text__women still
women stay,0.0,text__women stay
women soccer,0.0,text__women soccer
women serving,0.0,text__women serv
women seeking,0.0,text__women seek
women right,0.0,text__women right
women received,0.0,text__women receiv
women percent,0.0,text__women percent
women per,0.0,text__women per
Context: a campaign debate,0.0,context__Context_a campaign debate
would illegal,0.0,text__would illeg
work folks,0.0,text__work folk
work hard,0.0,text__work hard
workers get,0.0,text__worker get
workers every,0.0,text__worker everi
workers earn,0.0,text__worker earn
workers compensation,0.0,text__worker compens
workers better,0.0,text__worker better
workers across,0.0,text__worker across
"Context: a broadcast of ""The Daily Show""",0.0,"context__Context_a broadcast of ""The Daily Show"""
work week,0.0,text__work week
work way,0.0,text__work way
work together,0.0,text__work togeth
work today,0.0,text__work today
work force,0.0,text__work forc
work stop,0.0,text__work stop
work schedule,0.0,text__work schedul
work right,0.0,text__work right
work required,0.0,text__work requir
work related,0.0,text__work relat
work private,0.0,text__work privat
work permit,0.0,text__work permit
"Context: a broadcast of MSNBC's ""Morning Joe""",0.0,"context__Context_a broadcast of MSNBC's ""Morning Joe"""
work outside,0.0,text__work outsid
work look,0.0,text__work look
work longer,0.0,text__work longer
work hours,0.0,text__work hour
work state,0.0,text__work state
theres tax,0.0,text__there tax
theres state,0.0,text__there state
theres percent,0.0,text__there percent
state owned,0.0,text__state own
state office,0.0,text__state offic
state number,0.0,text__state number
state national,0.0,text__state nation
state medicaid,0.0,text__state medicaid
state make,0.0,text__state make
state majority,0.0,text__state major
state line,0.0,text__state line
Speaker's job title: Austin mayor,0.0,job__Speaker's job title_Austin mayor
state legislation,0.0,text__state legisl
state leader,0.0,text__state leader
state know,0.0,text__state know
state illinois,0.0,text__state illinoi
state hillary,0.0,text__state hillari
state highest,0.0,text__state highest
state health,0.0,text__state health
state greater,0.0,text__state greater
Speaker's job title: Candidate,0.0,job__Speaker's job title_Candidate
state georgia,0.0,text__state georgia
state general,0.0,text__state gener
state florida,0.0,text__state florida
state federal,0.0,text__state feder
state every,0.0,text__state everi
state parks,0.0,text__state park
Speaker's job title: Alaska Department of Public Resources commissioner,0.0,job__Speaker's job title_Alaska Department of Public Resources commissioner
state private,0.0,text__state privat
state rainy,0.0,text__state raini
stay home,0.0,text__stay home
statute,0.0,text__statut
status illegal,0.0,text__statu illeg
status,0.0,text__statu
statistics show,0.0,text__statist show
staters,0.0,text__stater
state year,0.0,text__state year
state would,0.0,text__state would
state workers,0.0,text__state worker
state without,0.0,text__state without
state university,0.0,text__state univers
state ethics,0.0,text__state ethic
state union,0.0,text__state union
state th,0.0,text__state th
state take,0.0,text__state take
state support,0.0,text__state support
state still,0.0,text__state still
state school,0.0,text__state school
state run,0.0,text__state run
state rhode,0.0,text__state rhode
state revenue,0.0,text__state revenu
state residents,0.0,text__state resid
Speaker's job title: Advocacy group,0.0,job__Speaker's job title_Advocacy group
state representatives,0.0,text__state repres
state unemployment,0.0,text__state unemploy
stay new,0.0,text__stay new
state entire,0.0,text__state entir
state education,0.0,text__state educ
staffers,0.0,text__staffer
st pete,0.0,text__st pete
square foot,0.0,text__squar foot
spy,0.0,text__spi
Speaker's job title: Columnist and author,0.0,job__Speaker's job title_Columnist and author
spree credit,0.0,text__spree credit
spree,0.0,text__spree
sponsored legislation,0.0,text__sponsor legisl
sponsored amendment,0.0,text__sponsor amend
spokesman,0.0,text__spokesman
spoke,0.0,text__spoke
split,0.0,text__split
spiral,0.0,text__spiral
Speaker's job title: Commentator,0.0,job__Speaker's job title_Commentator
spew,0.0,text__spew
spent trillion,0.0,text__spent trillion
spent tax,0.0,text__spent tax
spent money,0.0,text__spent money
Speaker's job title: Conservative Activist,0.0,job__Speaker's job title_Conservative Activist
spent billion,0.0,text__spent billion
spending year,0.0,text__spend year
spending went,0.0,text__spend went
spending trillion,0.0,text__spend trillion
staffing,0.0,text__staf
stamps program,0.0,text__stamp program
"Speaker's job title: Chairman, Texas Democratic Party",0.0,"job__Speaker's job title_Chairman, Texas Democratic Party"
stand till,0.0,text__stand till
state district,0.0,text__state district
state deficit,0.0,text__state deficit
state cost,0.0,text__state cost
state corporate,0.0,text__state corpor
state constitution,0.0,text__state constitut
Speaker's job title: Chairman of the  Ohio Democratic Party,0.0,job__Speaker's job title_Chairman of the  Ohio Democratic Party
state companies,0.0,text__state compani
state combined,0.0,text__state combin
state capitol,0.0,text__state capitol
state california,0.0,text__state california
state build,0.0,text__state build
Speaker's job title: Candidate for Congress,0.0,job__Speaker's job title_Candidate for Congress
state board,0.0,text__state board
state ban,0.0,text__state ban
state auditor,0.0,text__state auditor
state arizona,0.0,text__state arizona
state allow,0.0,text__state allow
state agency,0.0,text__state agenc
state actually,0.0,text__state actual
startups,0.0,text__startup
started percent,0.0,text__start percent
started career,0.0,text__start career
starkey,0.0,text__starkey
starbucks,0.0,text__starbuck
state bill,0.0,text__state bill
steadily,0.0,text__steadili
steel,0.0,text__steel
step,0.0,text__step
students come,0.0,text__student come
students color,0.0,text__student color
Party: education-official,0.0,party__Party_education-official
students allow,0.0,text__student allow
students achievement,0.0,text__student achiev
structural surplus,0.0,text__structur surplu
Party: green,0.0,party__Party_green
strongly,0.0,text__strongli
strong majority,0.0,text__strong major
stroke pen,0.0,text__stroke pen
stroke,0.0,text__stroke
strip club,0.0,text__strip club
stringent,0.0,text__stringent
strikes syria,0.0,text__strike syria
strikes program,0.0,text__strike program
strikes country,0.0,text__strike countri
strikes,0.0,text__strike
strides,0.0,text__stride
strictest gun,0.0,text__strictest gun
strictest,0.0,text__strictest
stretch,0.0,text__stretch
stress,0.0,text__stress
strengthened,0.0,text__strengthen
students debt,0.0,text__student debt
students entered,0.0,text__student enter
students florida,0.0,text__student florida
students graduation,0.0,text__student graduat
subsequent,0.0,text__subsequ
subprime mortgage,0.0,text__subprim mortgag
subprime,0.0,text__subprim
subpoenaed,0.0,text__subpoena
sub saharan,0.0,text__sub saharan
sub,0.0,text__sub
style government,0.0,text__style govern
stuffed,0.0,text__stuf
stuff,0.0,text__stuff
study study,0.0,text__studi studi
study indicate,0.0,text__studi indic
streetcar project,0.0,text__streetcar project
study found,0.0,text__studi found
study ants,0.0,text__studi ant
students voted,0.0,text__student vote
students test,0.0,text__student test
students take,0.0,text__student take
students state,0.0,text__student state
students spending,0.0,text__student spend
students proficiency,0.0,text__student profici
students population,0.0,text__student popul
students made,0.0,text__student made
Party: democratic-farmer-labor,0.0,party__Party_democratic-farmer-labor
students increase,0.0,text__student increas
study dna,0.0,text__studi dna
streetcar,0.0,text__streetcar
street hedge,0.0,text__street hedg
street firm,0.0,text__street firm
stimulus million,0.0,text__stimulu million
stimulus including,0.0,text__stimulu includ
stimulus dollars,0.0,text__stimulu dollar
stimulus created,0.0,text__stimulu creat
Party: ocean-state-tea-party-action,0.0,party__Party_ocean-state-tea-party-action
still wouldnt,0.0,text__still wouldnt
still today,0.0,text__still today
still support,0.0,text__still support
still ranks,0.0,text__still rank
still percent,0.0,text__still percent
still pay,0.0,text__still pay
stimulus passed,0.0,text__stimulu pass
still paid,0.0,text__still paid
still opposed,0.0,text__still oppos
still one,0.0,text__still one
still leave,0.0,text__still leav
still existing,0.0,text__still exist
still eligible,0.0,text__still elig
still billion,0.0,text__still billion
still average,0.0,text__still averag
Party: tea-party-member,0.0,party__Party_tea-party-member
sticking,0.0,text__stick
steve adler,0.0,text__steve adler
Party: unknown,0.0,party__Party_unknown
still owned,0.0,text__still own
spending time,0.0,text__spend time
stimulus percent,0.0,text__stimulu percent
stimulus project,0.0,text__stimulu project
straus,0.0,text__strau
strategic petroleum,0.0,text__strateg petroleum
strategic,0.0,text__strateg
strangulation,0.0,text__strangul
straight year,0.0,text__straight year
straight republican,0.0,text__straight republican
straight months,0.0,text__straight month
straight,0.0,text__straight
storm hit,0.0,text__storm hit
storm,0.0,text__storm
stop use,0.0,text__stop use
stimulus plan,0.0,text__stimulu plan
stop school,0.0,text__stop school
stop people,0.0,text__stop peopl
stop obamacare,0.0,text__stop obamacar
stop look,0.0,text__stop look
stop china,0.0,text__stop china
stood front,0.0,text__stood front
Party: liberal-party-canada,0.0,party__Party_liberal-party-canada
stole billion,0.0,text__stole billion
stole,0.0,text__stole
stockpiling,0.0,text__stockpil
stimulus would,0.0,text__stimulu would
stimulus spending,0.0,text__stimulu spend
stop sales,0.0,text__stop sale
subsidies obamacare,0.0,text__subsidi obamacar
spending spree,0.0,text__spend spree
spending per,0.0,text__spend per
signed bill,0.0,text__sign bill
sidewalks,0.0,text__sidewalk
side side,0.0,text__side side
"Speaker's job title: Member, Austin City Council",0.0,"job__Speaker's job title_Member, Austin City Council"
shrinking,0.0,text__shrink
Speaker's job title: Milwaukee County Sheriff,0.0,job__Speaker's job title_Milwaukee County Sheriff
shower,0.0,text__shower
show percent,0.0,text__show percent
show people,0.0,text__show peopl
show majority,0.0,text__show major
show bernie,0.0,text__show berni
"Speaker's job title: NPR contributor, ABC commentator",0.0,"job__Speaker's job title_NPR contributor, ABC commentator"
shouldnt,0.0,text__shouldnt
shortage,0.0,text__shortag
short term,0.0,text__short term
shore,0.0,text__shore
Speaker's job title: Ohio secretary of state,0.0,job__Speaker's job title_Ohio secretary of state
shooter,0.0,text__shooter
shoe,0.0,text__shoe
shocking,0.0,text__shock
shirt,0.0,text__shirt
shift,0.0,text__shift
shield,0.0,text__shield
Speaker's job title: Mayor of Milwaukee,0.0,job__Speaker's job title_Mayor of Milwaukee
signed legislation,0.0,text__sign legisl
signed pledge,0.0,text__sign pledg
Speaker's job title: Mayor of Chicago,0.0,job__Speaker's job title_Mayor of Chicago
since sept,0.0,text__sinc sept
since republican,0.0,text__sinc republican
since period,0.0,text__sinc period
since ohio,0.0,text__sinc ohio
since obamacare,0.0,text__sinc obamacar
since obama,0.0,text__sinc obama
since nearly,0.0,text__sinc nearli
since mid,0.0,text__sinc mid
since last,0.0,text__sinc last
Speaker's job title: Lobbyist,0.0,job__Speaker's job title_Lobbyist
since ive,0.0,text__sinc ive
"Speaker's job title: Owner Media Peel, former president and CEO of Gem Plumbing",0.0,"job__Speaker's job title_Owner Media Peel, former president and CEO of Gem Plumbing"
since governor,0.0,text__sinc governor
since february,0.0,text__sinc februari
since election,0.0,text__sinc elect
since dwight,0.0,text__sinc dwight
since democrats,0.0,text__sinc democrat
since came,0.0,text__sinc came
since barack,0.0,text__sinc barack
Speaker's job title: MSNBC political reporter,0.0,job__Speaker's job title_MSNBC political reporter
simple,0.0,text__simpl
silent,0.0,text__silent
significantly higher,0.0,text__significantli higher
Speaker's job title: Mayor,0.0,job__Speaker's job title_Mayor
since george,0.0,text__sinc georg
since stimulus,0.0,text__sinc stimulu
Speaker's job title: Pharmacist,0.0,job__Speaker's job title_Pharmacist
sheriffs,0.0,text__sheriff
serving congress,0.0,text__serv congress
Speaker's job title: Representative from Ohio's 18th Congressional District,0.0,job__Speaker's job title_Representative from Ohio's 18th Congressional District
service members,0.0,text__servic member
server,0.0,text__server
Speaker's job title: Representative from Ohio's Ninth Congressional District,0.0,job__Speaker's job title_Representative from Ohio's Ninth Congressional District
serious voters,0.0,text__seriou voter
Speaker's job title: Republican Party of Florida Chairman,0.0,job__Speaker's job title_Republican Party of Florida Chairman
septic,0.0,text__septic
sept,0.0,text__sept
separate time,0.0,text__separ time
separate,0.0,text__separ
sent letter,0.0,text__sent letter
sent back,0.0,text__sent back
Speaker's job title: Rhode Island State Representative,0.0,job__Speaker's job title_Rhode Island State Representative
Speaker's job title: School district,0.0,job__Speaker's job title_School district
seniors medicare,0.0,text__senior medicar
seniors citizens,0.0,text__senior citizen
Speaker's job title: Senior writer for the Weekly Standard,0.0,job__Speaker's job title_Senior writer for the Weekly Standard
senate would,0.0,text__senat would
senate version,0.0,text__senat version
senate united,0.0,text__senat unit
senate seat,0.0,text__senat seat
senate republican,0.0,text__senat republican
sestak,0.0,text__sestak
Speaker's job title: Representative from Ohio's 11th Congressional District,0.0,job__Speaker's job title_Representative from Ohio's 11th Congressional District
settled,0.0,text__settl
seven months,0.0,text__seven month
shelters,0.0,text__shelter
shell,0.0,text__shell
sheldon whitehouse,0.0,text__sheldon whitehous
sheldon,0.0,text__sheldon
sheet,0.0,text__sheet
shea porter,0.0,text__shea porter
shea,0.0,text__shea
sharron angle,0.0,text__sharron angl
sharron,0.0,text__sharron
sharpe,0.0,text__sharp
share economy,0.0,text__share economi
sheriffs david,0.0,text__sheriff david
shape,0.0,text__shape
shaheen,0.0,text__shaheen
shady,0.0,text__shadi
shade,0.0,text__shade
sex trafficking,0.0,text__sex traffick
Speaker's job title: Portland city commissioner,0.0,job__Speaker's job title_Portland city commissioner
"Speaker's job title: President, Americans for Tax Reform",0.0,"job__Speaker's job title_President, Americans for Tax Reform"
sex couple,0.0,text__sex coupl
sewage,0.0,text__sewag
several year,0.0,text__sever year
"Speaker's job title: Pundit, Fox News",0.0,"job__Speaker's job title_Pundit, Fox News"
seven time,0.0,text__seven time
shaheen voted,0.0,text__shaheen vote
since take,0.0,text__sinc take
since texas,0.0,text__sinc texa
since took,0.0,text__sinc took
sonogram,0.0,text__sonogram
"Speaker's job title: Former State Senator, 5th District",0.0,"job__Speaker's job title_Former State Senator, 5th District"
son,0.0,text__son
sometime,0.0,text__sometim
something like,0.0,text__someth like
someone use,0.0,text__someon use
"Speaker's job title: Founder, The Huffington Post",0.0,"job__Speaker's job title_Founder, The Huffington Post"
somehow,0.0,text__somehow
somebody,0.0,text__somebodi
solvent,0.0,text__solvent
solitary,0.0,text__solitari
solid,0.0,text__solid
solar power,0.0,text__solar power
solar panel,0.0,text__solar panel
solar energy,0.0,text__solar energi
soda,0.0,text__soda
socialists openly,0.0,text__socialist openli
social service,0.0,text__social servic
social science,0.0,text__social scienc
social medicine,0.0,text__social medicin
social media,0.0,text__social media
soccer stadium,0.0,text__soccer stadium
soccer,0.0,text__soccer
soros,0.0,text__soro
sound,0.0,text__sound
Speaker's job title: Former Lieutenant governor,0.0,job__Speaker's job title_Former Lieutenant governor
south africa,0.0,text__south africa
spending one,0.0,text__spend one
spending lowest,0.0,text__spend lowest
spending level,0.0,text__spend level
Speaker's job title: Democratic National Committee chairman,0.0,job__Speaker's job title_Democratic National Committee chairman
spending highest,0.0,text__spend highest
spending health,0.0,text__spend health
spending governor,0.0,text__spend governor
spending education,0.0,text__spend educ
spending budget,0.0,text__spend budget
spending almost,0.0,text__spend almost
species,0.0,text__speci
snowden,0.0,text__snowden
special tax,0.0,text__special tax
speaker nancy,0.0,text__speaker nanci
speaker joe,0.0,text__speaker joe
speaker house,0.0,text__speaker hous
speaker gingrich,0.0,text__speaker gingrich
spanish,0.0,text__spanish
Speaker's job title: Executive Councilor,0.0,job__Speaker's job title_Executive Councilor
spain,0.0,text__spain
soviet union,0.0,text__soviet union
Speaker's job title: Florida Commissioner of Agriculture,0.0,job__Speaker's job title_Florida Commissioner of Agriculture
Speaker's job title: Florida Senate President,0.0,job__Speaker's job title_Florida Senate President
southeast,0.0,text__southeast
special session,0.0,text__special session
smoking,0.0,text__smoke
smokers,0.0,text__smoker
smith,0.0,text__smith
sixth national,0.0,text__sixth nation
six people,0.0,text__six peopl
six largest,0.0,text__six largest
six justice,0.0,text__six justic
six federal,0.0,text__six feder
Speaker's job title: Incoming speaker of state Assembly,0.0,job__Speaker's job title_Incoming speaker of state Assembly
situation,0.0,text__situat
sitting right,0.0,text__sit right
sitting,0.0,text__sit
site,0.0,text__site
sister,0.0,text__sister
sixty one,0.0,text__sixti one
siphon,0.0,text__siphon
single tax,0.0,text__singl tax
single solitary,0.0,text__singl solitari
single republican,0.0,text__singl republican
Speaker's job title: Law professor,0.0,job__Speaker's job title_Law professor
single parents,0.0,text__singl parent
single months,0.0,text__singl month
single largest,0.0,text__singl largest
single earmarks,0.0,text__singl earmark
sing,0.0,text__sing
Speaker's job title: Liberal advocacy group,0.0,job__Speaker's job title_Liberal advocacy group
since united,0.0,text__sinc unit
sink support,0.0,text__sink support
spending percent,0.0,text__spend percent
sixty two,0.0,text__sixti two
size country,0.0,text__size countri
smart,0.0,text__smart
smaller smaller,0.0,text__smaller smaller
smaller percentage,0.0,text__smaller percentag
smaller,0.0,text__smaller
small donors,0.0,text__small donor
"Speaker's job title: Host of ""The Kelly File""",0.0,"job__Speaker's job title_Host of ""The Kelly File"""
obama accepted,0.0,text__obama accept
slower,0.0,text__slower
Speaker's job title: Host of Real Time with Bill Maher,0.0,job__Speaker's job title_Host of Real Time with Bill Maher
Speaker's job title: Host of a morning show on MSNBC,0.0,job__Speaker's job title_Host of a morning show on MSNBC
slaughtered,0.0,text__slaughter
size amendment,0.0,text__size amend
slated,0.0,text__slate
slash funding,0.0,text__slash fund
slash budget,0.0,text__slash budget
sky,0.0,text__sky
skipped court,0.0,text__skip court
skipped,0.0,text__skip
skin,0.0,text__skin
size national,0.0,text__size nation
size military,0.0,text__size militari
size government,0.0,text__size govern
size fish,0.0,text__size fish
size department,0.0,text__size depart
slash school,0.0,text__slash school
subsidies program,0.0,text__subsidi program
subsidies would,0.0,text__subsidi would
subsidize lunch,0.0,text__subsid lunch
Context: an op-ed.,0.0,context__Context_an op-ed.
telecommunications,0.0,text__telecommun
telecom,0.0,text__telecom
teen pregnancy,0.0,text__teen pregnanc
teen,0.0,text__teen
teddy roosevelt,0.0,text__teddi roosevelt
teddy kennedy,0.0,text__teddi kennedi
teddy,0.0,text__teddi
technology engineers,0.0,text__technolog engin
Context: an oped column,0.0,context__Context_an oped column
technical school,0.0,text__technic school
technical college,0.0,text__technic colleg
technical,0.0,text__technic
teamster,0.0,text__teamster
team whitewater,0.0,text__team whitewat
team recommended,0.0,text__team recommend
Context: an oped column.,0.0,context__Context_an oped column.
teachers wisconsin,0.0,text__teacher wisconsin
teachers union,0.0,text__teacher union
teachers texas,0.0,text__teacher texa
teachers teachers,0.0,text__teacher teacher
teachers salaries,0.0,text__teacher salari
Context: an open letter,0.0,context__Context_an open letter
television added,0.0,text__televis ad
Context: an op-ed column.,0.0,context__Context_an op-ed column.
tell people,0.0,text__tell peopl
tell policy,0.0,text__tell polici
terrorism watch,0.0,text__terror watch
terrorism suspected,0.0,text__terror suspect
terrorism attacks,0.0,text__terror attack
Context: an online post,0.0,context__Context_an online post
territorial,0.0,text__territori
terminated,0.0,text__termin
term trillion,0.0,text__term trillion
term president,0.0,text__term presid
term office,0.0,text__term offic
term funding,0.0,text__term fund
term first,0.0,text__term first
teachers nursing,0.0,text__teacher nurs
term federal,0.0,text__term feder
term care,0.0,text__term care
tenth percent,0.0,text__tenth percent
tenth,0.0,text__tenth
tent,0.0,text__tent
tens year,0.0,text__ten year
tens point,0.0,text__ten point
tennessee students,0.0,text__tennesse student
tenet,0.0,text__tenet
tend,0.0,text__tend
temperature,0.0,text__temperatur
tellers,0.0,text__teller
term election,0.0,text__term elect
Context: an online petition,0.0,context__Context_an online petition
teachers make,0.0,text__teacher make
teachers firefighters,0.0,text__teacher firefight
tax seniors,0.0,text__tax senior
tax residents,0.0,text__tax resid
tax refund,0.0,text__tax refund
tax reform,0.0,text__tax reform
tax reduction,0.0,text__tax reduct
tax received,0.0,text__tax receiv
tax real,0.0,text__tax real
tax raise,0.0,text__tax rais
tax provide,0.0,text__tax provid
tax property,0.0,text__tax properti
tax preparing,0.0,text__tax prepar
tax policy,0.0,text__tax polici
tax percent,0.0,text__tax percent
tax per,0.0,text__tax per
tax people,0.0,text__tax peopl
tax pay,0.0,text__tax pay
tax paid,0.0,text__tax paid
tax oil,0.0,text__tax oil
tax ohio,0.0,text__tax ohio
tax new,0.0,text__tax new
tax nearly,0.0,text__tax nearli
tax national,0.0,text__tax nation
tax mixed,0.0,text__tax mix
tax social,0.0,text__tax social
tax sports,0.0,text__tax sport
tax system,0.0,text__tax system
tax texas,0.0,text__tax texa
teachers education,0.0,text__teacher educ
teachers already,0.0,text__teacher alreadi
tea party,0.0,text__tea parti
tea,0.0,text__tea
taxpayers would,0.0,text__taxpay would
taxpayers protect,0.0,text__taxpay protect
taxpayers pay,0.0,text__taxpay pay
taxpayers paid,0.0,text__taxpay paid
taxpayers nearly,0.0,text__taxpay nearli
taxpayers million,0.0,text__taxpay million
taxpayers hundreds,0.0,text__taxpay hundr
teachers lost,0.0,text__teacher lost
taxpayers bailout,0.0,text__taxpay bailout
tax would,0.0,text__tax would
tax workers,0.0,text__tax worker
tax work,0.0,text__tax work
tax went,0.0,text__tax went
tax wealthiest,0.0,text__tax wealthiest
tax trillion,0.0,text__tax trillion
tax transactions,0.0,text__tax transact
tax top,0.0,text__tax top
tax today,0.0,text__tax today
tax three,0.0,text__tax three
tax think,0.0,text__tax think
Context: campaign website,0.0,context__Context_campaign website
terrorist attacks,0.0,text__terrorist attack
terrorist detainees,0.0,text__terrorist detaine
terrorist group,0.0,text__terrorist group
th national,0.0,text__th nation
th life,0.0,text__th life
th jobs,0.0,text__th job
th important,0.0,text__th import
th highest,0.0,text__th highest
th grade,0.0,text__th grade
th district,0.0,text__th district
th congress,0.0,text__th congress
th century,0.0,text__th centuri
th bottom,0.0,text__th bottom
th anniversary,0.0,text__th anniversari
th amendment,0.0,text__th amend
texting driving,0.0,text__text drive
texting,0.0,text__text
textbook,0.0,text__textbook
texas year,0.0,text__texa year
texas would,0.0,text__texa would
texas women,0.0,text__texa women
texas wind,0.0,text__texa wind
texas voters,0.0,text__texa voter
texas voted,0.0,text__texa vote
texas university,0.0,text__texa univers
texas unemployment,0.0,text__texa unemploy
th per,0.0,text__th per
th percent,0.0,text__th percent
th week,0.0,text__th week
th worst,0.0,text__th worst
theres one,0.0,text__there one
theres nothing,0.0,text__there noth
theres never,0.0,text__there never
theres billion,0.0,text__there billion
Context: an interview on NPR,0.0,context__Context_an interview on NPR
therell,0.0,text__therel
thereafter,0.0,text__thereaft
therapy,0.0,text__therapi
theocracy,0.0,text__theocraci
theater,0.0,text__theater
thats support,0.0,text__that support
texas th,0.0,text__texa th
thats right,0.0,text__that right
thats one,0.0,text__that one
thats higher,0.0,text__that higher
thats happen,0.0,text__that happen
thats going,0.0,text__that go
thats far,0.0,text__that far
thats fact,0.0,text__that fact
thats called,0.0,text__that call
thats basically,0.0,text__that basic
thats actually,0.0,text__that actual
thanks obamacare,0.0,text__thank obamacar
thanks obama,0.0,text__thank obama
thats people,0.0,text__that peopl
texas taxpayers,0.0,text__texa taxpay
Context: an interview with CNN,0.0,context__Context_an interview with CNN
texas spending,0.0,text__texa spend
texas four,0.0,text__texa four
texas face,0.0,text__texa face
texas even,0.0,text__texa even
texas doesnt,0.0,text__texa doesnt
texas county,0.0,text__texa counti
texas constitution,0.0,text__texa constitut
texas college,0.0,text__texa colleg
texas city,0.0,text__texa citi
texas capitol,0.0,text__texa capitol
texas budget,0.0,text__texa budget
texas added,0.0,text__texa ad
texas gains,0.0,text__texa gain
Context: an online ad,0.0,context__Context_an online ad
testify congress,0.0,text__testifi congress
testify,0.0,text__testifi
test welfare,0.0,text__test welfar
test scores,0.0,text__test score
test position,0.0,text__test posit
test given,0.0,text__test given
test every,0.0,text__test everi
terry mcauliffe,0.0,text__terri mcauliff
terry,0.0,text__terri
terrorist organizations,0.0,text__terrorist organ
terrorist killed,0.0,text__terrorist kill
testimony,0.0,text__testimoni
tax million,0.0,text__tax million
texas general,0.0,text__texa gener
texas history,0.0,text__texa histori
texas since,0.0,text__texa sinc
Context: an interview with Fox News,0.0,context__Context_an interview with Fox News
texas said,0.0,text__texa said
texas residents,0.0,text__texa resid
texas rep,0.0,text__texa rep
texas registered,0.0,text__texa regist
texas ranks,0.0,text__texa rank
texas rangers,0.0,text__texa ranger
texas raise,0.0,text__texa rais
texas railroad,0.0,text__texa railroad
texas public,0.0,text__texa public
Context: an interview with NPR,0.0,context__Context_an interview with NPR
Context: an interview with Fox News.,0.0,context__Context_an interview with Fox News.
texas one,0.0,text__texa one
texas national,0.0,text__texa nation
texas mexico,0.0,text__texa mexico
texas legislation,0.0,text__texa legisl
texas lead,0.0,text__texa lead
texas lawmakers,0.0,text__texa lawmak
Context: an interview with MSNBC,0.0,context__Context_an interview with MSNBC
texas last,0.0,text__texa last
texas increase,0.0,text__texa increas
texas house,0.0,text__texa hous
texas hospitals,0.0,text__texa hospit
texas passed,0.0,text__texa pass
tax mandate,0.0,text__tax mandat
tax lowest,0.0,text__tax lowest
tax lower,0.0,text__tax lower
surcharge,0.0,text__surcharg
supremacist,0.0,text__supremacist
suppression,0.0,text__suppress
supposedly,0.0,text__supposedli
supposed,0.0,text__suppos
support would,0.0,text__support would
support use,0.0,text__support use
support trump,0.0,text__support trump
support trans,0.0,text__support tran
support trade,0.0,text__support trade
support taxpayers,0.0,text__support taxpay
support surge,0.0,text__support surg
support sales,0.0,text__support sale
support ronald,0.0,text__support ronald
Context: the NBC Commander-In-Chief Forum,0.0,context__Context_the NBC Commander-In-Chief Forum
support republican,0.0,text__support republican
support repeal,0.0,text__support repeal
support remove,0.0,text__support remov
support raise,0.0,text__support rais
support proposed,0.0,text__support propos
Context: the first presidential debate,0.0,context__Context_the first presidential debate
support police,0.0,text__support polic
support percent,0.0,text__support percent
Context: remarks to reporters,0.0,context__Context_remarks to reporters
sure women,0.0,text__sure women
surface,0.0,text__surfac
surface temperature,0.0,text__surfac temperatur
swift,0.0,text__swift
swat,0.0,text__swat
swapped bowe,0.0,text__swap bow
Context: remarks on the House floor,0.0,context__Context_remarks on the House floor
sustaining,0.0,text__sustain
suspicious,0.0,text__suspici
suspicion,0.0,text__suspicion
suspected terrorist,0.0,text__suspect terrorist
susan rice,0.0,text__susan rice
susan,0.0,text__susan
survivors,0.0,text__survivor
support passage,0.0,text__support passag
survey show,0.0,text__survey show
surrogate,0.0,text__surrog
surrender,0.0,text__surrend
surprised,0.0,text__surpris
surplus year,0.0,text__surplu year
surplus billion,0.0,text__surplu billion
surgical,0.0,text__surgic
surgeries,0.0,text__surgeri
surgeon general,0.0,text__surgeon gener
surgeon,0.0,text__surgeon
surge confidence,0.0,text__surg confid
surge,0.0,text__surg
surtax,0.0,text__surtax
support overhaul,0.0,text__support overhaul
support obamacare,0.0,text__support obamacar
support obama,0.0,text__support obama
supervisors election,0.0,text__supervisor elect
supervisors,0.0,text__supervisor
superdelegate,0.0,text__superdeleg
Context: the vice presidential debate,0.0,context__Context_the vice presidential debate
Party: Moderate,0.0,party__Party_Moderate
sununu,0.0,text__sununu
sunstein,0.0,text__sunstein
sunday,0.0,text__sunday
sun,0.0,text__sun
summit,0.0,text__summit
sullivan,0.0,text__sullivan
supplemental,0.0,text__supplement
suit mexico,0.0,text__suit mexico
suicide every,0.0,text__suicid everi
suggested might,0.0,text__suggest might
sugar,0.0,text__sugar
sued obama,0.0,text__su obama
suddenly,0.0,text__suddenli
successful reduce,0.0,text__success reduc
succeed,0.0,text__succeed
substitute,0.0,text__substitut
substantial increase,0.0,text__substanti increas
substance abuse,0.0,text__substanc abus
substance,0.0,text__substanc
suit,0.0,text__suit
swimming,0.0,text__swim
supply natural,0.0,text__suppli natur
support abortion,0.0,text__support abort
support nearly,0.0,text__support nearli
Context: the second 2016 presidential debate,0.0,context__Context_the second 2016 presidential debate
support massive,0.0,text__support massiv
support law,0.0,text__support law
support late,0.0,text__support late
support jobs,0.0,text__support job
support idea,0.0,text__support idea
support higher,0.0,text__support higher
support government,0.0,text__support govern
support gov,0.0,text__support gov
support florida,0.0,text__support florida
"Context: the third presidential debate in Boca Raton, Fla.",0.0,"context__Context_the third presidential debate in Boca Raton, Fla."
support federal,0.0,text__support feder
support either,0.0,text__support either
support dropped,0.0,text__support drop
support dream,0.0,text__support dream
support democrats,0.0,text__support democrat
support common,0.0,text__support common
Context: the third 2016 presidential debate,0.0,context__Context_the third 2016 presidential debate
support bridge,0.0,text__support bridg
support billion,0.0,text__support billion
support background,0.0,text__support background
support amendment,0.0,text__support amend
support affordable,0.0,text__support afford
support exports,0.0,text__support export
Speaker's job title: Speaker of the House,0.0,job__Speaker's job title_Speaker of the House
swine,0.0,text__swine
swiss,0.0,text__swiss
tax bill,0.0,text__tax bill
tax average,0.0,text__tax averag
tax anywhere,0.0,text__tax anywher
tax anyone,0.0,text__tax anyon
tax americans,0.0,text__tax american
tax america,0.0,text__tax america
tax account,0.0,text__tax account
taveras,0.0,text__tavera
tattoos,0.0,text__tattoo
tarkanian,0.0,text__tarkanian
tariffs,0.0,text__tariff
target irs,0.0,text__target ir
target,0.0,text__target
tank,0.0,text__tank
tampa bay,0.0,text__tampa bay
Context: his Fox News program,0.0,context__Context_his Fox News program
Context: his State of the State address,0.0,context__Context_his State of the State address
tally,0.0,text__talli
tallahassee,0.0,text__tallahasse
talking jobs,0.0,text__talk job
talking get,0.0,text__talk get
takeover healthcare,0.0,text__takeov healthcar
Context: his presidential announcement speech,0.0,context__Context_his presidential announcement speech
tax bracket,0.0,text__tax bracket
tax change,0.0,text__tax chang
Context: comments to reporters,0.0,context__Context_comments to reporters
tax collective,0.0,text__tax collect
tax low,0.0,text__tax low
tax least,0.0,text__tax least
tax internet,0.0,text__tax internet
tax income,0.0,text__tax incom
tax hurt,0.0,text__tax hurt
tax homeowners,0.0,text__tax homeown
tax home,0.0,text__tax home
tax high,0.0,text__tax high
tax health,0.0,text__tax health
tax grocery,0.0,text__tax groceri
tax going,0.0,text__tax go
Context: his radio program,0.0,context__Context_his radio program
tax giveaways,0.0,text__tax giveaway
tax gas,0.0,text__tax ga
tax food,0.0,text__tax food
tax florida,0.0,text__tax florida
tax filers,0.0,text__tax filer
tax everything,0.0,text__tax everyth
tax every,0.0,text__tax everi
tax even,0.0,text__tax even
tax earn,0.0,text__tax earn
Context: comments on Meet the Press,0.0,context__Context_comments on Meet the Press
tax damage,0.0,text__tax damag
tax created,0.0,text__tax creat
tax gasoline,0.0,text__tax gasolin
Context: in a debate,0.0,context__Context_in a debate
taken office,0.0,text__taken offic
taken federal,0.0,text__taken feder
system state,0.0,text__system state
system president,0.0,text__system presid
system percent,0.0,text__system percent
system national,0.0,text__system nation
system make,0.0,text__system make
system jobs,0.0,text__system job
system history,0.0,text__system histori
system goes,0.0,text__system goe
system general,0.0,text__system gener
system entire,0.0,text__system entir
system development,0.0,text__system develop
system thats,0.0,text__system that
system could,0.0,text__system could
syrian refugees,0.0,text__syrian refuge
syrian,0.0,text__syrian
Context: posts on the Internet,0.0,context__Context_posts on the Internet
syndrome children,0.0,text__syndrom children
syndrome,0.0,text__syndrom
symbol,0.0,text__symbol
sworn office,0.0,text__sworn offic
Context: press release,0.0,context__Context_press release
switched position,0.0,text__switch posit
switched party,0.0,text__switch parti
switched obamacare,0.0,text__switch obamacar
system broke,0.0,text__system broke
swine flu,0.0,text__swine flu
systematically,0.0,text__systemat
table,0.0,text__tabl
taken away,0.0,text__taken away
take year,0.0,text__take year
take us,0.0,text__take us
take stand,0.0,text__take stand
take six,0.0,text__take six
take sat,0.0,text__take sat
take one,0.0,text__take one
Context: in a news release,0.0,context__Context_in a news release
take half,0.0,text__take half
take gun,0.0,text__take gun
take funding,0.0,text__take fund
Context: on the Internet,0.0,context__Context_on the Internet
take full,0.0,text__take full
take everybody,0.0,text__take everybodi
take effect,0.0,text__take effect
take dime,0.0,text__take dime
take care,0.0,text__take care
take back,0.0,text__take back
take action,0.0,text__take action
taj mahal,0.0,text__taj mahal
taj,0.0,text__taj
tainted,0.0,text__taint
tag,0.0,text__tag
tactic,0.0,text__tactic
take executive,0.0,text__take execut
nursing home,0.0,text__nurs home
percent business,0.0,text__percent busi
nunn,0.0,text__nunn
franklin delano,0.0,text__franklin delano
franken,0.0,text__franken
frankel,0.0,text__frankel
frank pallone,0.0,text__frank pallon
frank guinta,0.0,text__frank guinta
frank,0.0,text__frank
franchises,0.0,text__franchis
france,0.0,text__franc
frame,0.0,text__frame
fourth quarter,0.0,text__fourth quarter
fourth grade,0.0,text__fourth grade
four five,0.0,text__four five
four day,0.0,text__four day
four country,0.0,text__four countri
founder,0.0,text__founder
foundation took,0.0,text__foundat took
bipartisan bill,0.0,text__bipartisan bill
fossil fuel,0.0,text__fossil fuel
fossil,0.0,text__fossil
forum,0.0,text__forum
forty seven,0.0,text__forti seven
fraudulent,0.0,text__fraudul
forty percent,0.0,text__forti percent
fred,0.0,text__fred
free economy,0.0,text__free economi
billion pay,0.0,text__billion pay
fulton county,0.0,text__fulton counti
fulton,0.0,text__fulton
fully paid,0.0,text__fulli paid
fully funding,0.0,text__fulli fund
full effect,0.0,text__full effect
full control,0.0,text__full control
fulfilled,0.0,text__fulfil
fuel tax,0.0,text__fuel tax
fuel efficiency,0.0,text__fuel effici
fuel,0.0,text__fuel
froze,0.0,text__froze
billion spending,0.0,text__billion spend
freshmen,0.0,text__freshmen
fresh water,0.0,text__fresh water
fresh,0.0,text__fresh
frequently,0.0,text__frequent
freeze,0.0,text__freez
freeway,0.0,text__freeway
freedom restore,0.0,text__freedom restor
free health,0.0,text__free health
billion surplus,0.0,text__billion surplu
fortune companies,0.0,text__fortun compani
fort hood,0.0,text__fort hood
bipartisan support,0.0,text__bipartisan support
fly,0.0,text__fli
black male,0.0,text__black male
black men,0.0,text__black men
flu,0.0,text__flu
florida th,0.0,text__florida th
florida taxpayers,0.0,text__florida taxpay
florida students,0.0,text__florida student
florida state,0.0,text__florida state
florida second,0.0,text__florida second
black people,0.0,text__black peopl
florida proposed,0.0,text__florida propos
florida one,0.0,text__florida one
florida legislature,0.0,text__florida legislatur
florida last,0.0,text__florida last
florida jobs,0.0,text__florida job
florida house,0.0,text__florida hous
blamed,0.0,text__blame
florida high,0.0,text__florida high
florida coast,0.0,text__florida coast
florida alone,0.0,text__florida alon
flopped abortion,0.0,text__flop abort
black democrats,0.0,text__black democrat
food clothing,0.0,text__food cloth
football program,0.0,text__footbal program
forbidden,0.0,text__forbidden
bird,0.0,text__bird
former governor,0.0,text__former governor
former gov,0.0,text__former gov
former clinton,0.0,text__former clinton
form government,0.0,text__form govern
form birth,0.0,text__form birth
forfeiture,0.0,text__forfeitur
birth abortion,0.0,text__birth abort
foreign oil,0.0,text__foreign oil
foreign government,0.0,text__foreign govern
funding abortion,0.0,text__fund abort
foreign country,0.0,text__foreign countri
foreign companies,0.0,text__foreign compani
foreclosure rate,0.0,text__foreclosur rate
forcible rape,0.0,text__forcibl rape
forcible,0.0,text__forcibl
force watch,0.0,text__forc watch
force seniors,0.0,text__forc senior
force resign,0.0,text__forc resign
force people,0.0,text__forc peopl
bishop,0.0,text__bishop
force christian,0.0,text__forc christian
foreign corporate,0.0,text__foreign corpor
funding billion,0.0,text__fund billion
funding budget,0.0,text__fund budget
funding city,0.0,text__fund citi
get bipartisan,0.0,text__get bipartisan
get abortion,0.0,text__get abort
gerrymanders,0.0,text__gerrymand
gerald daugherty,0.0,text__gerald daugherti
gerald,0.0,text__gerald
georgia taxpayers,0.0,text__georgia taxpay
georgia ranks,0.0,text__georgia rank
georgia public,0.0,text__georgia public
georgia lost,0.0,text__georgia lost
georgia lawmakers,0.0,text__georgia lawmak
georgia law,0.0,text__georgia law
georgia illegal,0.0,text__georgia illeg
georgia general,0.0,text__georgia gener
georgia economy,0.0,text__georgia economi
georgia dropped,0.0,text__georgia drop
georgia billion,0.0,text__georgia billion
george washington,0.0,text__georg washington
george soros,0.0,text__georg soro
geographic,0.0,text__geograph
geneva convention,0.0,text__geneva convent
geneva,0.0,text__geneva
get done,0.0,text__get done
get free,0.0,text__get free
get gun,0.0,text__get gun
get jail,0.0,text__get jail
give away,0.0,text__give away
give average,0.0,text__give averag
give amnesty,0.0,text__give amnesti
girls scouts,0.0,text__girl scout
gingrich said,0.0,text__gingrich said
billion budget,0.0,text__billion budget
gingrey,0.0,text__gingrey
gina raimondo,0.0,text__gina raimondo
gina,0.0,text__gina
gillespie,0.0,text__gillespi
genetically modified,0.0,text__genet modifi
gift,0.0,text__gift
get zero,0.0,text__get zero
get worse,0.0,text__get wors
get way,0.0,text__get way
get tax,0.0,text__get tax
get people,0.0,text__get peopl
get paid,0.0,text__get paid
get one,0.0,text__get one
get million,0.0,text__get million
get lot,0.0,text__get lot
get jobs,0.0,text__get job
gibbs,0.0,text__gibb
floor,0.0,text__floor
general revenue,0.0,text__gener revenu
general million,0.0,text__gener million
billion money,0.0,text__billion money
gallon gasoline,0.0,text__gallon gasolin
gallon gas,0.0,text__gallon ga
fy,0.0,text__fy
fung,0.0,text__fung
fundraising,0.0,text__fundrais
funding troops,0.0,text__fund troop
funding taxpayers,0.0,text__fund taxpay
funding public,0.0,text__fund public
funding preschool,0.0,text__fund preschool
funding plan,0.0,text__fund plan
funding pension,0.0,text__fund pension
funding pay,0.0,text__fund pay
funding obamacare,0.0,text__fund obamacar
funding new,0.0,text__fund new
funding national,0.0,text__fund nation
billion next,0.0,text__billion next
funding health,0.0,text__fund health
funding half,0.0,text__fund half
funding government,0.0,text__fund govern
funding federal,0.0,text__fund feder
gamblers,0.0,text__gambler
gang,0.0,text__gang
billion lost,0.0,text__billion lost
gao,0.0,text__gao
general jobs,0.0,text__gener job
general eric,0.0,text__gener eric
billion economic,0.0,text__billion econom
gen,0.0,text__gen
geithner,0.0,text__geithner
gdp ratio,0.0,text__gdp ratio
gay right,0.0,text__gay right
gay couple,0.0,text__gay coupl
billion every,0.0,text__billion everi
gave away,0.0,text__gave away
general new,0.0,text__gener new
billion federal,0.0,text__billion feder
gasoline gallon,0.0,text__gasolin gallon
gases,0.0,text__gase
gas pipeline,0.0,text__ga pipelin
gas industry,0.0,text__ga industri
gas country,0.0,text__ga countri
billion gallon,0.0,text__billion gallon
gardner,0.0,text__gardner
garden,0.0,text__garden
garcia,0.0,text__garcia
billion hours,0.0,text__billion hour
gasoline prices,0.0,text__gasolin price
give every,0.0,text__give everi
flood insurance,0.0,text__flood insur
flight,0.0,text__flight
extending unemployment,0.0,text__extend unemploy
extending early,0.0,text__extend earli
extending bush,0.0,text__extend bush
expressly,0.0,text__expressli
expressed,0.0,text__express
bragged,0.0,text__brag
exports important,0.0,text__export import
explosive,0.0,text__explos
exploited,0.0,text__exploit
exploding,0.0,text__explod
explain,0.0,text__explain
braley,0.0,text__braley
experts says,0.0,text__expert say
experts,0.0,text__expert
experienced,0.0,text__experienc
experience bench,0.0,text__experi bench
branch,0.0,text__branch
expected created,0.0,text__expect creat
brand,0.0,text__brand
brand new,0.0,text__brand new
brat,0.0,text__brat
extensively,0.0,text__extens
exonerated,0.0,text__exoner
extortion,0.0,text__extort
exxon,0.0,text__exxon
families health,0.0,text__famili health
families four,0.0,text__famili four
families earn,0.0,text__famili earn
bowe,0.0,text__bow
fallen percent,0.0,text__fallen percent
bowe bergdahl,0.0,text__bow bergdahl
fall percent,0.0,text__fall percent
falk,0.0,text__falk
falcons stadium,0.0,text__falcon stadium
falcons,0.0,text__falcon
boxer,0.0,text__boxer
fairly,0.0,text__fairli
boys,0.0,text__boy
faculty members,0.0,text__faculti member
bp,0.0,text__bp
factually,0.0,text__factual
brad,0.0,text__brad
fact check,0.0,text__fact check
bradley,0.0,text__bradley
exxonmobil,0.0,text__exxonmobil
exxon mobil,0.0,text__exxon mobil
extremists,0.0,text__extremist
exit,0.0,text__exit
exercises,0.0,text__exercis
braves,0.0,text__brave
every investment,0.0,text__everi invest
every household,0.0,text__everi household
every hours,0.0,text__everi hour
every four,0.0,text__everi four
brendan,0.0,text__brendan
every dime,0.0,text__everi dime
every americans,0.0,text__everi american
brendan doherty,0.0,text__brendan doherti
brian,0.0,text__brian
ever african,0.0,text__ever african
eventually,0.0,text__eventu
event atlanta,0.0,text__event atlanta
even wants,0.0,text__even want
even use,0.0,text__even use
even time,0.0,text__even time
even though,0.0,text__even though
even support,0.0,text__even support
even state,0.0,text__even state
even said,0.0,text__even said
even pay,0.0,text__even pay
even one,0.0,text__even one
every man,0.0,text__everi man
every minutes,0.0,text__everi minut
every penny,0.0,text__everi penni
breast,0.0,text__breast
executive branch,0.0,text__execut branch
executive action,0.0,text__execut action
exclusively,0.0,text__exclus
braves stadium,0.0,text__brave stadium
excise tax,0.0,text__excis tax
excise,0.0,text__excis
breaks companies,0.0,text__break compani
exceeds,0.0,text__exce
example,0.0,text__exampl
examined,0.0,text__examin
families income,0.0,text__famili incom
exactly,0.0,text__exactli
evolution,0.0,text__evolut
everybody else,0.0,text__everybodi els
breaks corporate,0.0,text__break corpor
every workers,0.0,text__everi worker
breaks oil,0.0,text__break oil
every students,0.0,text__everi student
every spent,0.0,text__everi spent
every six,0.0,text__everi six
every school,0.0,text__everi school
every president,0.0,text__everi presid
exact,0.0,text__exact
families live,0.0,text__famili live
families lost,0.0,text__famili lost
families per,0.0,text__famili per
first among,0.0,text__first among
first amendment,0.0,text__first amend
firefighters police,0.0,text__firefight polic
firearms dealers,0.0,text__firearm dealer
fire teachers,0.0,text__fire teacher
fire employees,0.0,text__fire employe
fire department,0.0,text__fire depart
boccieri,0.0,text__boccieri
body part,0.0,text__bodi part
fingerprinting,0.0,text__fingerprint
find jobs,0.0,text__find job
bomber,0.0,text__bomber
financial service,0.0,text__financi servic
financial institutions,0.0,text__financi institut
financial crisis,0.0,text__financi crisi
finance reform,0.0,text__financ reform
finally,0.0,text__final
filibuster presidential,0.0,text__filibust presidenti
filibuster,0.0,text__filibust
filed suit,0.0,text__file suit
filed lawsuit,0.0,text__file lawsuit
board education,0.0,text__board educ
first gulf,0.0,text__first gulf
first months,0.0,text__first month
board created,0.0,text__board creat
blank check,0.0,text__blank check
blood,0.0,text__blood
fleeing,0.0,text__flee
bloomberg,0.0,text__bloomberg
flat tax,0.0,text__flat tax
flag south,0.0,text__flag south
fla,0.0,text__fla
fl,0.0,text__fl
fix,0.0,text__fix
blue,0.0,text__blue
fighters,0.0,text__fighter
five time,0.0,text__five time
blue crossing,0.0,text__blue cross
fitzgerald,0.0,text__fitzgerald
fit,0.0,text__fit
fish,0.0,text__fish
fiscal cliff,0.0,text__fiscal cliff
fiscal budget,0.0,text__fiscal budget
blueprint,0.0,text__blueprint
first responding,0.0,text__first respond
blunt,0.0,text__blunt
first person,0.0,text__first person
five six,0.0,text__five six
flint,0.0,text__flint
fight isis,0.0,text__fight isi
fifth highest,0.0,text__fifth highest
federal investigation,0.0,text__feder investig
federal grant,0.0,text__feder grant
federal election,0.0,text__feder elect
born wedlock,0.0,text__born wedlock
federal court,0.0,text__feder court
featured,0.0,text__featur
fbi director,0.0,text__fbi director
borrowing billion,0.0,text__borrow billion
favor higher,0.0,text__favor higher
borrowing cents,0.0,text__borrow cent
borrowing trillion,0.0,text__borrow trillion
bosnia,0.0,text__bosnia
fat,0.0,text__fat
fastest pace,0.0,text__fastest pace
boss,0.0,text__boss
farm bill,0.0,text__farm bill
fares,0.0,text__fare
far less,0.0,text__far less
bottom percent,0.0,text__bottom percent
families see,0.0,text__famili see
families plan,0.0,text__famili plan
federal judge,0.0,text__feder judg
federal level,0.0,text__feder level
border time,0.0,text__border time
federal regulations,0.0,text__feder regul
fifteen year,0.0,text__fifteen year
fifteen,0.0,text__fifteen
fidel castro,0.0,text__fidel castro
fidel,0.0,text__fidel
fewest,0.0,text__fewest
fewer percent,0.0,text__fewer percent
booker,0.0,text__booker
fewer employees,0.0,text__fewer employe
festival,0.0,text__festiv
ferguson mo,0.0,text__ferguson mo
fifty percent,0.0,text__fifti percent
ferguson,0.0,text__ferguson
boosted,0.0,text__boost
felt,0.0,text__felt
felons voted,0.0,text__felon vote
fellow democrats,0.0,text__fellow democrat
feingold voted,0.0,text__feingold vote
boots,0.0,text__boot
border mexico,0.0,text__border mexico
feed,0.0,text__feed
federal workers,0.0,text__feder worker
border security,0.0,text__border secur
boomers,0.0,text__boomer
even mention,0.0,text__even mention
give illegal,0.0,text__give illeg
give money,0.0,text__give money
human right,0.0,text__human right
huge tax,0.0,text__huge tax
huckabee support,0.0,text__huckabe support
howard,0.0,text__howard
hovde,0.0,text__hovd
household income,0.0,text__household incom
baucus health,0.0,text__baucu health
house senate,0.0,text__hous senat
house rules,0.0,text__hous rule
house passed,0.0,text__hous pass
house health,0.0,text__hous health
house crisis,0.0,text__hous crisi
house bill,0.0,text__hous bill
hours per,0.0,text__hour per
hours early,0.0,text__hour earli
hostages,0.0,text__hostag
horse race,0.0,text__hors race
horse,0.0,text__hors
horribly,0.0,text__horribl
horrendous,0.0,text__horrend
bear arms,0.0,text__bear arm
battle flag,0.0,text__battl flag
beat,0.0,text__beat
battle,0.0,text__battl
hunters,0.0,text__hunter
image,0.0,text__imag
im candidate,0.0,text__im candid
illinois state,0.0,text__illinoi state
illegal workers,0.0,text__illeg worker
illegal crossing,0.0,text__illeg cross
barrett voted,0.0,text__barrett vote
ignore,0.0,text__ignor
ideology,0.0,text__ideolog
identification law,0.0,text__identif law
barriers,0.0,text__barrier
id law,0.0,text__id law
barrow,0.0,text__barrow
hypocrite,0.0,text__hypocrit
hutchison voted,0.0,text__hutchison vote
hutchison,0.0,text__hutchison
hussein obama,0.0,text__hussein obama
barton,0.0,text__barton
baseball,0.0,text__basebal
hurricane katrina,0.0,text__hurrican katrina
hurd,0.0,text__hurd
hunting fish,0.0,text__hunt fish
hundreds people,0.0,text__hundr peopl
hook,0.0,text__hook
hood,0.0,text__hood
honor,0.0,text__honor
highest number,0.0,text__highest number
highest murder,0.0,text__highest murder
highest increase,0.0,text__highest increas
highest incarceration,0.0,text__highest incarcer
highest crime,0.0,text__highest crime
highest corporate,0.0,text__highest corpor
highest bidder,0.0,text__highest bidder
higher national,0.0,text__higher nation
beef,0.0,text__beef
high tax,0.0,text__high tax
began president,0.0,text__began presid
begging,0.0,text__beg
hidden,0.0,text__hidden
hey,0.0,text__hey
hes office,0.0,text__he offic
hes done,0.0,text__he done
hero,0.0,text__hero
heres,0.0,text__here
henry,0.0,text__henri
help stop,0.0,text__help stop
help run,0.0,text__help run
highest paid,0.0,text__highest paid
highest per,0.0,text__highest per
highest possible,0.0,text__highest possibl
highest property,0.0,text__highest properti
beat hillary,0.0,text__beat hillari
homeowners pay,0.0,text__homeown pay
homeless veterans,0.0,text__homeless veteran
became president,0.0,text__becam presid
home sales,0.0,text__home sale
home computer,0.0,text__home comput
hollywood,0.0,text__hollywood
holly,0.0,text__holli
become citizens,0.0,text__becom citizen
become law,0.0,text__becom law
barrel project,0.0,text__barrel project
history united,0.0,text__histori unit
history republican,0.0,text__histori republican
hispanic students,0.0,text__hispan student
hispanic population,0.0,text__hispan popul
hispanic election,0.0,text__hispan elect
hire illegal,0.0,text__hire illeg
hire convicted,0.0,text__hire convict
hillsborough,0.0,text__hillsborough
hijacked,0.0,text__hijack
highest unemployment,0.0,text__highest unemploy
highest tax,0.0,text__highest tax
history state,0.0,text__histori state
immigration cost,0.0,text__immigr cost
immigration country,0.0,text__immigr countri
immigration issue,0.0,text__immigr issu
institutions health,0.0,text__institut health
installed,0.0,text__instal
inspired,0.0,text__inspir
inspections,0.0,text__inspect
insisting,0.0,text__insist
inside trade,0.0,text__insid trade
inside,0.0,text__insid
inserts,0.0,text__insert
insecure,0.0,text__insecur
input,0.0,text__input
innovation,0.0,text__innov
inner city,0.0,text__inner citi
inner,0.0,text__inner
injured,0.0,text__injur
bank account,0.0,text__bank account
infrastructure project,0.0,text__infrastructur project
infrastructure,0.0,text__infrastructur
bank america,0.0,text__bank america
inflation adjusted,0.0,text__inflat adjust
infected,0.0,text__infect
bankrupt,0.0,text__bankrupt
instruction,0.0,text__instruct
ban handguns,0.0,text__ban handgun
insurance cost,0.0,text__insur cost
insurance coverage,0.0,text__insur coverag
iowa,0.0,text__iowa
investors,0.0,text__investor
investment million,0.0,text__invest million
investment jobs,0.0,text__invest job
investment education,0.0,text__invest educ
ballooned,0.0,text__balloon
interview president,0.0,text__interview presid
intervention,0.0,text__intervent
baltimore,0.0,text__baltimor
international revenue,0.0,text__intern revenu
ineligible,0.0,text__inelig
interior,0.0,text__interior
interest rate,0.0,text__interest rate
interest payments,0.0,text__interest payment
interest national,0.0,text__interest nation
intended,0.0,text__intend
intelligence agency,0.0,text__intellig agenc
insurance program,0.0,text__insur program
insurance policy,0.0,text__insur polici
insurance obamacare,0.0,text__insur obamacar
insurance new,0.0,text__insur new
insurance industry,0.0,text__insur industri
interest spending,0.0,text__interest spend
help pay,0.0,text__help pay
ineffective,0.0,text__ineffect
individual market,0.0,text__individu market
including million,0.0,text__includ million
including abortion,0.0,text__includ abort
inches away,0.0,text__inch away
inches,0.0,text__inch
incentives program,0.0,text__incent program
incentives,0.0,text__incent
incarceration rate,0.0,text__incarcer rate
inaction,0.0,text__inact
improve school,0.0,text__improv school
imprisonment,0.0,text__imprison
bargaining change,0.0,text__bargain chang
important bank,0.0,text__import bank
implications,0.0,text__implic
impeachment president,0.0,text__impeach presid
immunity,0.0,text__immun
immigration status,0.0,text__immigr statu
immigration policy,0.0,text__immigr polici
immigration people,0.0,text__immigr peopl
immigration pay,0.0,text__immigr pay
immigration mexico,0.0,text__immigr mexico
immigration legislation,0.0,text__immigr legisl
income america,0.0,text__incom america
income country,0.0,text__incom countri
income families,0.0,text__incom famili
barbara boxer,0.0,text__barbara boxer
individual health,0.0,text__individu health
indiana gov,0.0,text__indiana gov
india,0.0,text__india
index,0.0,text__index
indefinitely,0.0,text__indefinit
indeed,0.0,text__inde
incredibly,0.0,text__incred
increase tuition,0.0,text__increas tuition
increase syrian,0.0,text__increas syrian
increase risk,0.0,text__increas risk
industry country,0.0,text__industri countri
barack hussein,0.0,text__barack hussein
increase number,0.0,text__increas number
increase minimum,0.0,text__increas minimum
increase million,0.0,text__increas million
increase funding,0.0,text__increas fund
increase federal,0.0,text__increas feder
increase employers,0.0,text__increas employ
increase debt,0.0,text__increas debt
increase cost,0.0,text__increas cost
increase budget,0.0,text__increas budget
increase americans,0.0,text__increas american
increase per,0.0,text__increas per
give million,0.0,text__give million
help passed,0.0,text__help pass
help get,0.0,text__help get
bill ban,0.0,text__bill ban
government sponsored,0.0,text__govern sponsor
government shutdown,0.0,text__govern shutdown
government send,0.0,text__govern send
government right,0.0,text__govern right
government owned,0.0,text__govern own
bill congress,0.0,text__bill congress
government officials,0.0,text__govern offici
government make,0.0,text__govern make
bill created,0.0,text__bill creat
government issue,0.0,text__govern issu
government health,0.0,text__govern health
government funding,0.0,text__govern fund
government employees,0.0,text__govern employe
government debt,0.0,text__govern debt
government control,0.0,text__govern control
government charge,0.0,text__govern charg
government borrowing,0.0,text__govern borrow
government benefits,0.0,text__govern benefit
government assistance,0.0,text__govern assist
gov walker,0.0,text__gov walker
government workers,0.0,text__govern worker
gov terry,0.0,text__gov terri
bill ayers,0.0,text__bill ayer
governor country,0.0,text__governor countri
grayson,0.0,text__grayson
granite staters,0.0,text__granit stater
granite,0.0,text__granit
grandchildren,0.0,text__grandchildren
grand valley,0.0,text__grand valley
graham,0.0,text__graham
graduation high,0.0,text__graduat high
graders,0.0,text__grader
grade level,0.0,text__grade level
grab,0.0,text__grab
govt,0.0,text__govt
governor took,0.0,text__governor took
governor texas,0.0,text__governor texa
bill allow,0.0,text__bill allow
governor proposed,0.0,text__governor propos
governor office,0.0,text__governor offic
governor nathan,0.0,text__governor nathan
governor mitt,0.0,text__governor mitt
governor massachusetts,0.0,text__governor massachusett
governor mansion,0.0,text__governor mansion
governor election,0.0,text__governor elect
governor christie,0.0,text__governor christi
bill cut,0.0,text__bill cut
gov perry,0.0,text__gov perri
gov john,0.0,text__gov john
going lose,0.0,text__go lose
going look,0.0,text__go look
going increase,0.0,text__go increas
going going,0.0,text__go go
going forward,0.0,text__go forward
going cut,0.0,text__go cut
going come,0.0,text__go come
going college,0.0,text__go colleg
america get,0.0,text__america get
going bankrupt,0.0,text__go bankrupt
bill signed,0.0,text__bill sign
bill take,0.0,text__bill take
goes far,0.0,text__goe far
goes effect,0.0,text__goe effect
bill young,0.0,text__bill young
globe,0.0,text__globe
glass,0.0,text__glass
glad,0.0,text__glad
billion additional,0.0,text__billion addit
give social,0.0,text__give social
give new,0.0,text__give new
going percent,0.0,text__go percent
going prison,0.0,text__go prison
going raise,0.0,text__go rais
going run,0.0,text__go run
gov jim,0.0,text__gov jim
gov bob,0.0,text__gov bob
bill delayed,0.0,text__bill delay
got voted,0.0,text__got vote
got people,0.0,text__got peopl
got paid,0.0,text__got paid
got million,0.0,text__got million
gore,0.0,text__gore
gop senate,0.0,text__gop senat
gop presidential,0.0,text__gop presidenti
great britain,0.0,text__great britain
bill didnt,0.0,text__bill didnt
gonna,0.0,text__gonna
bill give,0.0,text__bill give
gone far,0.0,text__gone far
goldman sachs,0.0,text__goldman sach
goldman,0.0,text__goldman
bill going,0.0,text__bill go
bill make,0.0,text__bill make
going work,0.0,text__go work
going war,0.0,text__go war
bill million,0.0,text__bill million
bill end,0.0,text__bill end
great lake,0.0,text__great lake
great recession,0.0,text__great recess
bike,0.0,text__bike
hard work,0.0,text__hard work
hard get,0.0,text__hard get
benghazi attacks,0.0,text__benghazi attack
benjamin,0.0,text__benjamin
happen year,0.0,text__happen year
happen people,0.0,text__happen peopl
benjamin netanyahu,0.0,text__benjamin netanyahu
handguns,0.0,text__handgun
handel,0.0,text__handel
bennet,0.0,text__bennet
bernardino,0.0,text__bernardino
half time,0.0,text__half time
half percent,0.0,text__half percent
half kids,0.0,text__half kid
half end,0.0,text__half end
half come,0.0,text__half come
half americans,0.0,text__half american
haiti,0.0,text__haiti
hagel,0.0,text__hagel
habits,0.0,text__habit
gym,0.0,text__gym
hardest,0.0,text__hardest
hardly,0.0,text__hardli
benefits year,0.0,text__benefit year
harry truman,0.0,text__harri truman
help democrats,0.0,text__help democrat
help bring,0.0,text__help bring
help balanced,0.0,text__help balanc
hell,0.0,text__hell
behind poll,0.0,text__behind poll
heavily,0.0,text__heavili
heart,0.0,text__heart
heard,0.0,text__heard
belonged,0.0,text__belong
healthier,0.0,text__healthier
gwinnett county,0.0,text__gwinnett counti
healthcare gov,0.0,text__healthcar gov
health program,0.0,text__health program
bench,0.0,text__bench
health benefits,0.0,text__health benefit
benefits every,0.0,text__benefit everi
hca,0.0,text__hca
benefits illegal,0.0,text__benefit illeg
havent raise,0.0,text__havent rais
hate crime,0.0,text__hate crime
benefits seniors,0.0,text__benefit senior
harvey,0.0,text__harvey
health reform,0.0,text__health reform
beheaded,0.0,text__behead
gwinnett,0.0,text__gwinnett
gutted medicare,0.0,text__gut medicar
growth since,0.0,text__growth sinc
growth rate,0.0,text__growth rate
biennium,0.0,text__biennium
big city,0.0,text__big citi
growing faster,0.0,text__grow faster
big oil,0.0,text__big oil
ground zero,0.0,text__ground zero
ground law,0.0,text__ground law
gross domestic,0.0,text__gross domest
gross,0.0,text__gross
grew percent,0.0,text__grew percent
grew,0.0,text__grew
greenlight pinellas,0.0,text__greenlight pinella
greenlight,0.0,text__greenlight
greenhouse gases,0.0,text__greenhous gase
greenhouse gas,0.0,text__greenhous ga
greenhouse,0.0,text__greenhous
green card,0.0,text__green card
biggest city,0.0,text__biggest citi
greece,0.0,text__greec
greatest,0.0,text__greatest
growth virginia,0.0,text__growth virginia
growth year,0.0,text__growth year
bidder,0.0,text__bidder
guantanamo bay,0.0,text__guantanamo bay
gutted,0.0,text__gut
best jobs,0.0,text__best job
gun sales,0.0,text__gun sale
gun registry,0.0,text__gun registri
gun people,0.0,text__gun peopl
gun ownership,0.0,text__gun ownership
best state,0.0,text__best state
gun manufacturing,0.0,text__gun manufactur
beverage,0.0,text__beverag
gun dealers,0.0,text__gun dealer
guy,0.0,text__guy
gun bill,0.0,text__gun bill
gulf coast,0.0,text__gulf coast
guinta,0.0,text__guinta
guilty,0.0,text__guilti
guevara,0.0,text__guevara
guest workers,0.0,text__guest worker
guest,0.0,text__guest
guess,0.0,text__guess
bible,0.0,text__bibl
bicycle,0.0,text__bicycl
guantanamo detainees,0.0,text__guantanamo detaine
gulf mexico,0.0,text__gulf mexico
even going,0.0,text__even go
even get,0.0,text__even get
even come,0.0,text__even come
cost workers,0.0,text__cost worker
cost us,0.0,text__cost us
candidate state,0.0,text__candid state
cost seniors,0.0,text__cost senior
cost save,0.0,text__cost save
candidate steve,0.0,text__candid steve
cost nearly,0.0,text__cost nearli
candidate tammy,0.0,text__candid tammi
candidate thom,0.0,text__candid thom
cost health,0.0,text__cost health
cost georgia,0.0,text__cost georgia
cost florida,0.0,text__cost florida
cost families,0.0,text__cost famili
cost every,0.0,text__cost everi
cost effect,0.0,text__cost effect
cost college,0.0,text__cost colleg
cost average,0.0,text__cost averag
cost associated,0.0,text__cost associ
cost another,0.0,text__cost anoth
cost americans,0.0,text__cost american
cosponsored bill,0.0,text__cosponsor bill
costly,0.0,text__costli
cosponsored,0.0,text__cosponsor
candidate republican,0.0,text__candid republican
could become,0.0,text__could becom
country without,0.0,text__countri without
country thats,0.0,text__countri that
country tax,0.0,text__countri tax
country percent,0.0,text__countri percent
country million,0.0,text__countri million
country last,0.0,text__countri last
country illegal,0.0,text__countri illeg
country history,0.0,text__countri histori
country earth,0.0,text__countri earth
country doesnt,0.0,text__countri doesnt
country could,0.0,text__countri could
countless,0.0,text__countless
council members,0.0,text__council member
couldnt get,0.0,text__couldnt get
couldnt,0.0,text__couldnt
could make,0.0,text__could make
could lose,0.0,text__could lose
could keep,0.0,text__could keep
could gotten,0.0,text__could gotten
could going,0.0,text__could go
could cut,0.0,text__could cut
candidate race,0.0,text__candid race
cory gardner,0.0,text__cori gardner
cory booker,0.0,text__cori booker
cory,0.0,text__cori
contributions billion,0.0,text__contribut billion
contrary,0.0,text__contrari
contractors,0.0,text__contractor
continue increase,0.0,text__continu increas
continue,0.0,text__continu
cannot get,0.0,text__cannot get
consumer protect,0.0,text__consum protect
consumer product,0.0,text__consum product
cant affordable,0.0,text__cant afford
cant find,0.0,text__cant find
consult,0.0,text__consult
consulate,0.0,text__consul
construction project,0.0,text__construct project
construction jobs,0.0,text__construct job
constitution amendment,0.0,text__constitut amend
cant get,0.0,text__cant get
constituents,0.0,text__constitu
constant,0.0,text__constant
cant give,0.0,text__cant give
cantor,0.0,text__cantor
consequences,0.0,text__consequ
contributions pension,0.0,text__contribut pension
control congress,0.0,text__control congress
control health,0.0,text__control health
control house,0.0,text__control hous
candidate tommy,0.0,text__candid tommi
corridor,0.0,text__corridor
cannon,0.0,text__cannon
corporate profit,0.0,text__corpor profit
corporate income,0.0,text__corpor incom
corp,0.0,text__corp
cornyn,0.0,text__cornyn
cornilles,0.0,text__cornil
corner,0.0,text__corner
corn,0.0,text__corn
country women,0.0,text__countri women
core education,0.0,text__core educ
cops,0.0,text__cop
cooking,0.0,text__cook
cookies,0.0,text__cooki
convicted felons,0.0,text__convict felon
convicted child,0.0,text__convict child
convert,0.0,text__convert
controversial,0.0,text__controversi
control senate,0.0,text__control senat
control prevent,0.0,text__control prevent
control law,0.0,text__control law
cordrays,0.0,text__cordray
county city,0.0,text__counti citi
county commission,0.0,text__counti commiss
county commissioner,0.0,text__counti commission
campaign funding,0.0,text__campaign fund
cut budget,0.0,text__cut budget
cut back,0.0,text__cut back
cut almost,0.0,text__cut almost
campaign president,0.0,text__campaign presid
current tax,0.0,text__current tax
current retirees,0.0,text__current retire
current health,0.0,text__current health
currency,0.0,text__currenc
curbing,0.0,text__curb
curbelo support,0.0,text__curbelo support
campaign promised,0.0,text__campaign promis
campbell,0.0,text__campbel
cumberland,0.0,text__cumberland
cuccinelli,0.0,text__cuccinelli
camps,0.0,text__camp
cuba,0.0,text__cuba
crushing,0.0,text__crush
cruise,0.0,text__cruis
crow,0.0,text__crow
crops,0.0,text__crop
cut education,0.0,text__cut educ
cut expire,0.0,text__cut expir
cut florida,0.0,text__cut florida
cut history,0.0,text__cut histori
dallas cowboys,0.0,text__dalla cowboy
campaign finance,0.0,text__campaign financ
daily,0.0,text__daili
cuyahoga county,0.0,text__cuyahoga counti
cuyahoga,0.0,text__cuyahoga
cut unemployment,0.0,text__cut unemploy
cut state,0.0,text__cut state
cut social,0.0,text__cut social
cut service,0.0,text__cut servic
cut rich,0.0,text__cut rich
campuses,0.0,text__campus
cut property,0.0,text__cut properti
cut one,0.0,text__cut one
cut number,0.0,text__cut number
cut nearly,0.0,text__cut nearli
cut national,0.0,text__cut nation
cut millionaires,0.0,text__cut millionair
cut million,0.0,text__cut million
cut military,0.0,text__cut militari
cut medicare,0.0,text__cut medicar
cut last,0.0,text__cut last
cut income,0.0,text__cut incom
cut percent,0.0,text__cut percent
consecutive year,0.0,text__consecut year
criteria,0.0,text__criteria
cancer research,0.0,text__cancer research
covered insurance,0.0,text__cover insur
coverage pre,0.0,text__coverag pre
coverage birth,0.0,text__coverag birth
cousin,0.0,text__cousin
court rules,0.0,text__court rule
court order,0.0,text__court order
candidate governor,0.0,text__candid governor
court martial,0.0,text__court martial
court judge,0.0,text__court judg
court confirmed,0.0,text__court confirm
court appeals,0.0,text__court appeal
couple year,0.0,text__coupl year
county united,0.0,text__counti unit
county unemployment,0.0,text__counti unemploy
candidate joni,0.0,text__candid joni
county tax,0.0,text__counti tax
county sheriffs,0.0,text__counti sheriff
county residents,0.0,text__counti resid
county parks,0.0,text__counti park
county government,0.0,text__counti govern
candidate michelle,0.0,text__candid michel
cowboys,0.0,text__cowboy
crackdown,0.0,text__crackdown
cracking,0.0,text__crack
craft,0.0,text__craft
crippling,0.0,text__crippl
criminal background,0.0,text__crimin background
criminal aliens,0.0,text__crimin alien
crimea,0.0,text__crimea
crime statistics,0.0,text__crime statist
crime rise,0.0,text__crime rise
crime bill,0.0,text__crime bill
crime across,0.0,text__crime across
credit union,0.0,text__credit union
credit rate,0.0,text__credit rate
crist signed,0.0,text__crist sign
created zero,0.0,text__creat zero
created since,0.0,text__creat sinc
created private,0.0,text__creat privat
created one,0.0,text__creat one
cancer screenings,0.0,text__cancer screen
created flat,0.0,text__creat flat
created billion,0.0,text__creat billion
crct,0.0,text__crct
crash,0.0,text__crash
cranston,0.0,text__cranston
craig,0.0,text__craig
created state,0.0,text__creat state
campaign barack,0.0,text__campaign barack
consecutive months,0.0,text__consecut month
connecticut,0.0,text__connecticut
citizenship undocumented,0.0,text__citizenship undocu
citizenship illegal,0.0,text__citizenship illeg
cited,0.0,text__cite
citation,0.0,text__citat
circuit,0.0,text__circuit
cio,0.0,text__cio
cigarette,0.0,text__cigarett
care option,0.0,text__care option
care overhaul,0.0,text__care overhaul
chuck hagel,0.0,text__chuck hagel
chuck,0.0,text__chuck
chronic,0.0,text__chronic
christmas trees,0.0,text__christma tree
christie vetoed,0.0,text__christi veto
christ,0.0,text__christ
chose,0.0,text__chose
care program,0.0,text__care program
choice candidate,0.0,text__choic candid
china south,0.0,text__china south
china owned,0.0,text__china own
china india,0.0,text__china india
city across,0.0,text__citi across
children raise,0.0,text__children rais
city austin,0.0,text__citi austin
city county,0.0,text__citi counti
cliff,0.0,text__cliff
clearly,0.0,text__clearli
clear,0.0,text__clear
cleanups,0.0,text__cleanup
clean power,0.0,text__clean power
care exchange,0.0,text__care exchang
care health,0.0,text__care health
care legislation,0.0,text__care legisl
class size,0.0,text__class size
care life,0.0,text__care life
clarke,0.0,text__clark
care mandate,0.0,text__care mandat
care marketplaces,0.0,text__care marketplac
city texas,0.0,text__citi texa
city state,0.0,text__citi state
city provide,0.0,text__citi provid
city national,0.0,text__citi nation
care million,0.0,text__care million
city million,0.0,text__citi million
city hall,0.0,text__citi hall
city government,0.0,text__citi govern
city council,0.0,text__citi council
children percent,0.0,text__children percent
care save,0.0,text__care save
care service,0.0,text__care servic
cervical cancer,0.0,text__cervic cancer
cervical,0.0,text__cervic
ceremony,0.0,text__ceremoni
cents sales,0.0,text__cent sale
cents gallon,0.0,text__cent gallon
cents every,0.0,text__cent everi
cents dollars,0.0,text__cent dollar
casey,0.0,text__casey
central fall,0.0,text__central fall
center disease,0.0,text__center diseas
cast decided,0.0,text__cast decid
castro,0.0,text__castro
casualties,0.0,text__casualti
cat,0.0,text__cat
catastrophic,0.0,text__catastroph
ceiling increase,0.0,text__ceil increas
ceiling deal,0.0,text__ceil deal
cayman,0.0,text__cayman
cause million,0.0,text__caus million
cause death,0.0,text__caus death
catholic church,0.0,text__cathol church
carry permit,0.0,text__carri permit
chamber commerce,0.0,text__chamber commerc
chambliss,0.0,text__chambliss
change address,0.0,text__chang address
childless,0.0,text__childless
child state,0.0,text__child state
child left,0.0,text__child left
child abuse,0.0,text__child abus
chicago,0.0,text__chicago
check immigration,0.0,text__check immigr
check gun,0.0,text__check gun
cheaper,0.0,text__cheaper
cheap,0.0,text__cheap
che guevara,0.0,text__che guevara
cliff deal,0.0,text__cliff deal
che,0.0,text__che
carol shea,0.0,text__carol shea
charlie bass,0.0,text__charli bass
carolina republican,0.0,text__carolina republican
charleston,0.0,text__charleston
charles,0.0,text__charl
carriers,0.0,text__carrier
charitable,0.0,text__charit
charge crime,0.0,text__charg crime
change rules,0.0,text__chang rule
change climate,0.0,text__chang climat
carol,0.0,text__carol
climbed,0.0,text__climb
care decision,0.0,text__care decis
clinton administration,0.0,text__clinton administr
comprehensive immigration,0.0,text__comprehens immigr
comprehensive,0.0,text__comprehens
component,0.0,text__compon
comply tax,0.0,text__compli tax
complicated,0.0,text__complic
compliance,0.0,text__complianc
complex,0.0,text__complex
capitol,0.0,text__capitol
compilation,0.0,text__compil
competitors,0.0,text__competitor
competitive,0.0,text__competit
compete,0.0,text__compet
compensation,0.0,text__compens
compared state,0.0,text__compar state
companies make,0.0,text__compani make
companies deny,0.0,text__compani deni
commonwealth,0.0,text__commonwealth
commonly,0.0,text__commonli
common form,0.0,text__common form
common cause,0.0,text__common caus
committee set,0.0,text__committe set
comprised,0.0,text__compris
compromise,0.0,text__compromis
computer,0.0,text__comput
con,0.0,text__con
capita country,0.0,text__capita countri
capita health,0.0,text__capita health
congressional candidate,0.0,text__congression candid
capita spending,0.0,text__capita spend
congress voted,0.0,text__congress vote
congress required,0.0,text__congress requir
congress received,0.0,text__congress receiv
congress percent,0.0,text__congress percent
capita state,0.0,text__capita state
confrontation,0.0,text__confront
committee hearing,0.0,text__committe hear
capital investment,0.0,text__capit invest
confirmed presidential,0.0,text__confirm presidenti
confines,0.0,text__confin
confidence,0.0,text__confid
confederate battle,0.0,text__confeder battl
confederate,0.0,text__confeder
condoms,0.0,text__condom
condemning,0.0,text__condemn
conception,0.0,text__concept
concentrated,0.0,text__concentr
concede,0.0,text__conced
capital world,0.0,text__capit world
connection,0.0,text__connect
car crash,0.0,text__car crash
car get,0.0,text__car get
clothing,0.0,text__cloth
closer,0.0,text__closer
close plant,0.0,text__close plant
close percent,0.0,text__close percent
close million,0.0,text__close million
close guantanamo,0.0,text__close guantanamo
close door,0.0,text__close door
clips,0.0,text__clip
clinton voted,0.0,text__clinton vote
clinton support,0.0,text__clinton support
clinton says,0.0,text__clinton say
clinton raise,0.0,text__clinton rais
clinton president,0.0,text__clinton presid
care country,0.0,text__care countri
clinton one,0.0,text__clinton one
clinton health,0.0,text__clinton health
clinton gave,0.0,text__clinton gave
clinton democrats,0.0,text__clinton democrat
clinton campaign,0.0,text__clinton campaign
clinton barack,0.0,text__clinton barack
clinton agreed,0.0,text__clinton agre
club growth,0.0,text__club growth
care companies,0.0,text__care compani
cnbc,0.0,text__cnbc
co pay,0.0,text__co pay
commander chief,0.0,text__command chief
commander,0.0,text__command
comey,0.0,text__comey
come united,0.0,text__come unit
come legal,0.0,text__come legal
come court,0.0,text__come court
come close,0.0,text__come close
combat,0.0,text__combat
com,0.0,text__com
columbus,0.0,text__columbu
commerce secretary,0.0,text__commerc secretari
columbia hca,0.0,text__columbia hca
college education,0.0,text__colleg educ
college campuses,0.0,text__colleg campus
college affordable,0.0,text__colleg afford
carcieri,0.0,text__carcieri
cold,0.0,text__cold
card maxed,0.0,text__card max
cocaine,0.0,text__cocain
coast guard,0.0,text__coast guard
coach,0.0,text__coach
care center,0.0,text__care center
carbon emissions,0.0,text__carbon emiss
dan branch,0.0,text__dan branch
dan sullivan,0.0,text__dan sullivan
danced,0.0,text__danc
economic activity,0.0,text__econom activ
eclipse entire,0.0,text__eclips entir
eclipse,0.0,text__eclips
ebay,0.0,text__ebay
eat,0.0,text__eat
easy,0.0,text__easi
eastern,0.0,text__eastern
ease,0.0,text__eas
budget repair,0.0,text__budget repair
earth warming,0.0,text__earth warm
earth doesnt,0.0,text__earth doesnt
earners pay,0.0,text__earner pay
earn year,0.0,text__earn year
earn percent,0.0,text__earn percent
earn minimum,0.0,text__earn minimum
earn men,0.0,text__earn men
earn little,0.0,text__earn littl
budget row,0.0,text__budget row
earn cents,0.0,text__earn cent
budget surplus,0.0,text__budget surplu
earmarks pork,0.0,text__earmark pork
economic adviser,0.0,text__econom advis
budget without,0.0,text__budget without
budget plan,0.0,text__budget plan
economic indicate,0.0,text__econom indic
eight state,0.0,text__eight state
eight million,0.0,text__eight million
egypt,0.0,text__egypt
efficiency standards,0.0,text__effici standard
efficiency,0.0,text__effici
effect created,0.0,text__effect creat
edwards snowden,0.0,text__edward snowden
education would,0.0,text__educ would
education spending,0.0,text__educ spend
education percent,0.0,text__educ percent
education health,0.0,text__educ health
budget less,0.0,text__budget less
education agency,0.0,text__educ agenc
budget million,0.0,text__budget million
edition,0.0,text__edit
ed gillespie,0.0,text__ed gillespi
economy since,0.0,text__economi sinc
economy combined,0.0,text__economi combin
budget percent,0.0,text__budget percent
economic policy,0.0,text__econom polici
economic plan,0.0,text__econom plan
economic impact,0.0,text__econom impact
early childhood,0.0,text__earli childhood
budget would,0.0,text__budget would
earliest,0.0,text__earliest
doubled size,0.0,text__doubl size
bulk,0.0,text__bulk
doubled rick,0.0,text__doubl rick
doubled percent,0.0,text__doubl percent
doubled obama,0.0,text__doubl obama
doubled digit,0.0,text__doubl digit
doubled deficit,0.0,text__doubl deficit
dorm,0.0,text__dorm
bullets,0.0,text__bullet
dont work,0.0,text__dont work
dont tell,0.0,text__dont tell
dont support,0.0,text__dont support
dont super,0.0,text__dont super
dont see,0.0,text__dont see
dont need,0.0,text__dont need
dont know,0.0,text__dont know
dont going,0.0,text__dont go
dont get,0.0,text__dont get
dont buy,0.0,text__dont buy
dont believe,0.0,text__dont believ
dont asked,0.0,text__dont ask
doubt,0.0,text__doubt
doug,0.0,text__doug
downgrades,0.0,text__downgrad
downtown,0.0,text__downtown
earlier year,0.0,text__earlier year
earlier,0.0,text__earlier
dwight eisenhower,0.0,text__dwight eisenhow
dwight,0.0,text__dwight
drying,0.0,text__dri
drunken driving,0.0,text__drunken drive
drunken,0.0,text__drunken
drug prices,0.0,text__drug price
drug overdoses,0.0,text__drug overdos
drug dealers,0.0,text__drug dealer
eight time,0.0,text__eight time
buffett rules,0.0,text__buffett rule
build code,0.0,text__build code
drone strikes,0.0,text__drone strike
drone,0.0,text__drone
driving influence,0.0,text__drive influenc
driving death,0.0,text__drive death
driven,0.0,text__driven
drawn,0.0,text__drawn
draw,0.0,text__draw
drastically cut,0.0,text__drastic cut
drastically,0.0,text__drastic
drug benefits,0.0,text__drug benefit
budget end,0.0,text__budget end
eisenhower president,0.0,text__eisenhow presid
budget doubled,0.0,text__budget doubl
environmental impact,0.0,text__environment impact
environment,0.0,text__environ
entry level,0.0,text__entri level
entry,0.0,text__entri
entities,0.0,text__entiti
entire year,0.0,text__entir year
broke promised,0.0,text__broke promis
entire united,0.0,text__entir unit
entire state,0.0,text__entir state
entire national,0.0,text__entir nation
entire country,0.0,text__entir countri
enterprises,0.0,text__enterpris
ensure,0.0,text__ensur
enrichment,0.0,text__enrich
enough money,0.0,text__enough money
enormous,0.0,text__enorm
brotherhood,0.0,text__brotherhood
brown voted,0.0,text__brown vote
enforcement law,0.0,text__enforc law
bruce braley,0.0,text__bruce braley
energy source,0.0,text__energi sourc
broad,0.0,text__broad
britain,0.0,text__britain
equipment,0.0,text__equip
equivalent percent,0.0,text__equival percent
bridge nowhere,0.0,text__bridg nowher
briefing,0.0,text__brief
ethnicity,0.0,text__ethnic
ethics violations,0.0,text__ethic violat
ethics reform,0.0,text__ethic reform
ethics law,0.0,text__ethic law
ethics investigation,0.0,text__ethic investig
bright,0.0,text__bright
estimated million,0.0,text__estim million
estimated billion,0.0,text__estim billion
bruun,0.0,text__bruun
essentially,0.0,text__essenti
espionage,0.0,text__espionag
especially,0.0,text__especi
escaped,0.0,text__escap
ernst,0.0,text__ernst
erie,0.0,text__eri
eric hovde,0.0,text__eric hovd
bring back,0.0,text__bring back
eric cantor,0.0,text__eric cantor
erased,0.0,text__eras
era tax,0.0,text__era tax
espionage act,0.0,text__espionag act
dont agreed,0.0,text__dont agre
energy bill,0.0,text__energi bill
end world,0.0,text__end world
eliminate funding,0.0,text__elimin fund
eliminate department,0.0,text__elimin depart
elevated,0.0,text__elev
elena kagan,0.0,text__elena kagan
elena,0.0,text__elena
elementary school,0.0,text__elementari school
elementary,0.0,text__elementari
electronic,0.0,text__electron
electric utility,0.0,text__electr util
electric rate,0.0,text__electr rate
election year,0.0,text__elect year
election would,0.0,text__elect would
election state,0.0,text__elect state
election scott,0.0,text__elect scott
election republican,0.0,text__elect republican
election president,0.0,text__elect presid
election office,0.0,text__elect offic
election congress,0.0,text__elect congress
el paso,0.0,text__el paso
el,0.0,text__el
either party,0.0,text__either parti
eliminate state,0.0,text__elimin state
elsewhere,0.0,text__elsewher
embargo,0.0,text__embargo
embassy,0.0,text__embassi
end term,0.0,text__end term
end life,0.0,text__end life
end first,0.0,text__end first
end become,0.0,text__end becom
encounters,0.0,text__encount
enacted law,0.0,text__enact law
enabled,0.0,text__enabl
empty,0.0,text__empti
employees wisconsin,0.0,text__employe wisconsin
budged,0.0,text__budg
endangered,0.0,text__endang
employees state,0.0,text__employe state
employees make,0.0,text__employe make
employees benefits,0.0,text__employe benefit
budget amendment,0.0,text__budget amend
emissions,0.0,text__emiss
emirates,0.0,text__emir
eminent domain,0.0,text__emin domain
eminent,0.0,text__emin
budget biggest,0.0,text__budget biggest
embryonic stem,0.0,text__embryon stem
embrace,0.0,text__embrac
employees retirement,0.0,text__employe retir
dont access,0.0,text__dont access
donna campbell,0.0,text__donna campbel
donna,0.0,text__donna
deleted,0.0,text__delet
delayed health,0.0,text__delay health
delano roosevelt,0.0,text__delano roosevelt
delano,0.0,text__delano
del,0.0,text__del
dekalb county,0.0,text__dekalb counti
dekalb,0.0,text__dekalb
definition,0.0,text__definit
defined,0.0,text__defin
defies,0.0,text__defi
deficit project,0.0,text__deficit project
business created,0.0,text__busi creat
deficit federal,0.0,text__deficit feder
deficit billion,0.0,text__deficit billion
deferred,0.0,text__defer
defense spending,0.0,text__defens spend
defense marriage,0.0,text__defens marriag
defense department,0.0,text__defens depart
defense cut,0.0,text__defens cut
business pay,0.0,text__busi pay
business percent,0.0,text__busi percent
business climate,0.0,text__busi climat
delta,0.0,text__delta
delta air,0.0,text__delta air
dem,0.0,text__dem
dental,0.0,text__dental
dennis kucinich,0.0,text__denni kucinich
dennis,0.0,text__denni
demonstrated,0.0,text__demonstr
democrats white,0.0,text__democrat white
democrats went,0.0,text__democrat went
democrats state,0.0,text__democrat state
democrats socialists,0.0,text__democrat socialist
democrats sen,0.0,text__democrat sen
bush took,0.0,text__bush took
defazio,0.0,text__defazio
democrats recall,0.0,text__democrat recal
democrats primary,0.0,text__democrat primari
democrats president,0.0,text__democrat presid
democrats plan,0.0,text__democrat plan
democrats party,0.0,text__democrat parti
bush vetoed,0.0,text__bush veto
democrats interview,0.0,text__democrat interview
democrats house,0.0,text__democrat hous
democrats control,0.0,text__democrat control
busiest,0.0,text__busiest
democracy world,0.0,text__democraci world
democrats proposed,0.0,text__democrat propos
denver,0.0,text__denver
busted,0.0,text__bust
deep,0.0,text__deep
deal would,0.0,text__deal would
deal increase,0.0,text__deal increas
calculated,0.0,text__calcul
deadline,0.0,text__deadlin
day since,0.0,text__day sinc
day prayer,0.0,text__day prayer
day one,0.0,text__day one
day moved,0.0,text__day move
day ago,0.0,text__day ago
david jolly,0.0,text__david jolli
david clarke,0.0,text__david clark
dave brat,0.0,text__dave brat
daugherty,0.0,text__daugherti
date back,0.0,text__date back
data show,0.0,text__data show
darryl,0.0,text__darryl
darling,0.0,text__darl
danny,0.0,text__danni
came voted,0.0,text__came vote
dane county,0.0,text__dane counti
dane,0.0,text__dane
dealers,0.0,text__dealer
dean,0.0,text__dean
death panel,0.0,text__death panel
death penalty,0.0,text__death penalti
deemed,0.0,text__deem
dedicated,0.0,text__dedic
decriminalize,0.0,text__decrimin
decreased percent,0.0,text__decreas percent
decorated,0.0,text__decor
buy americans,0.0,text__buy american
declared war,0.0,text__declar war
declared independent,0.0,text__declar independ
decision whether,0.0,text__decis whether
decided voted,0.0,text__decid vote
deeper,0.0,text__deeper
december,0.0,text__decemb
debunked,0.0,text__debunk
debt percent,0.0,text__debt percent
debt per,0.0,text__debt per
debt increase,0.0,text__debt increas
debt gdp,0.0,text__debt gdp
debt crisis,0.0,text__debt crisi
deborah,0.0,text__deborah
buyers,0.0,text__buyer
debate voted,0.0,text__debat vote
death tax,0.0,text__death tax
decade state,0.0,text__decad state
ipad,0.0,text__ipad
deny care,0.0,text__deni care
deny women,0.0,text__deni women
dna,0.0,text__dna
division,0.0,text__divis
diverting,0.0,text__divert
district give,0.0,text__district give
distributed,0.0,text__distribut
disrupt,0.0,text__disrupt
burger,0.0,text__burger
dispute,0.0,text__disput
disposable,0.0,text__dispos
disparity,0.0,text__dispar
disney,0.0,text__disney
dismissed,0.0,text__dismiss
dismantle,0.0,text__dismantl
disgrace,0.0,text__disgrac
disenfranchised,0.0,text__disenfranchis
disease control,0.0,text__diseas control
disease,0.0,text__diseas
burke,0.0,text__burk
discretion,0.0,text__discret
discovered,0.0,text__discov
disclosure,0.0,text__disclosur
doctors hospitals,0.0,text__doctor hospit
dodd frank,0.0,text__dodd frank
doesnt believe,0.0,text__doesnt believ
doesnt even,0.0,text__doesnt even
done without,0.0,text__done without
bureau labor,0.0,text__bureau labor
done last,0.0,text__done last
domestic product,0.0,text__domest product
dome,0.0,text__dome
domain,0.0,text__domain
dolphins,0.0,text__dolphin
dollars tax,0.0,text__dollar tax
dollars surplus,0.0,text__dollar surplu
dollars spending,0.0,text__dollar spend
disclose,0.0,text__disclos
dollars men,0.0,text__dollar men
dollars funding,0.0,text__dollar fund
dollars every,0.0,text__dollar everi
dollars earn,0.0,text__dollar earn
dollars back,0.0,text__dollar back
dole,0.0,text__dole
doherty,0.0,text__doherti
dog cat,0.0,text__dog cat
doesnt required,0.0,text__doesnt requir
doesnt pay,0.0,text__doesnt pay
doesnt happen,0.0,text__doesnt happen
dollars man,0.0,text__dollar man
deny coverage,0.0,text__deni coverag
discharge,0.0,text__discharg
disaster relief,0.0,text__disast relief
bush last,0.0,text__bush last
destabilize middle,0.0,text__destabil middl
destabilize,0.0,text__destabil
deserved,0.0,text__deserv
desert,0.0,text__desert
described,0.0,text__describ
derivatives,0.0,text__deriv
derail,0.0,text__derail
deputies,0.0,text__deputi
bush president,0.0,text__bush presid
deportation illegal,0.0,text__deport illeg
deportation everybody,0.0,text__deport everybodi
bush said,0.0,text__bush said
deployed,0.0,text__deploy
depicting,0.0,text__depict
depend social,0.0,text__depend social
depend foreign,0.0,text__depend foreign
department veterans,0.0,text__depart veteran
department justice,0.0,text__depart justic
bush spent,0.0,text__bush spent
department business,0.0,text__depart busi
detailed,0.0,text__detail
detainees swapped,0.0,text__detaine swap
detention,0.0,text__detent
detroit,0.0,text__detroit
burke commerce,0.0,text__burk commerc
disappeared,0.0,text__disappear
disagrees,0.0,text__disagre
dirty,0.0,text__dirti
director james,0.0,text__director jame
burr,0.0,text__burr
burr voted,0.0,text__burr vote
dipped,0.0,text__dip
difficult,0.0,text__difficult
different things,0.0,text__differ thing
disastrous,0.0,text__disastr
die every,0.0,text__die everi
didnt like,0.0,text__didnt like
didnt get,0.0,text__didnt get
buses,0.0,text__buse
dictator,0.0,text__dictat
devoted,0.0,text__devot
devils,0.0,text__devil
bush eight,0.0,text__bush eight
development national,0.0,text__develop nation
development charge,0.0,text__develop charg
bush era,0.0,text__bush era
didnt pay,0.0,text__didnt pay
iran deal,0.0,text__iran deal
going buy,0.0,text__go buy
million less,0.0,text__million less
mccain campaign,0.0,text__mccain campaign
kenosha,0.0,text__kenosha
arctic,0.0,text__arctic
kentuckians,0.0,text__kentuckian
arena,0.0,text__arena
mayor provide,0.0,text__mayor provid
mayor candidate,0.0,text__mayor candid
argued,0.0,text__argu
maximum,0.0,text__maximum
maxed,0.0,text__max
kenya,0.0,text__kenya
average students,0.0,text__averag student
kept stand,0.0,text__kept stand
matter fact,0.0,text__matter fact
key,0.0,text__key
maternity mortality,0.0,text__matern mortal
kicker,0.0,text__kicker
average private,0.0,text__averag privat
match,0.0,text__match
average person,0.0,text__averag person
kidnapping capital,0.0,text__kidnap capit
kids come,0.0,text__kid come
master,0.0,text__master
mccain health,0.0,text__mccain health
mccain stood,0.0,text__mccain stood
kendrick meek,0.0,text__kendrick meek
kendrick,0.0,text__kendrick
median household,0.0,text__median household
media report,0.0,text__media report
kay bailey,0.0,text__kay bailey
kean,0.0,text__kean
average time,0.0,text__averag time
medal,0.0,text__medal
mechanism,0.0,text__mechan
meat,0.0,text__meat
keep current,0.0,text__keep current
measles,0.0,text__measl
keep gun,0.0,text__keep gun
massive tax,0.0,text__massiv tax
keep health,0.0,text__keep health
keep unemployment,0.0,text__keep unemploy
meant,0.0,text__meant
means million,0.0,text__mean million
meals,0.0,text__meal
mccrory,0.0,text__mccrori
mccollum voted,0.0,text__mccollum vote
arabia oil,0.0,text__arabia oil
mccain would,0.0,text__mccain would
ken,0.0,text__ken
architect,0.0,text__architect
ken cuccinelli,0.0,text__ken cuccinelli
meanwhile,0.0,text__meanwhil
massive increase,0.0,text__massiv increas
kids graduation,0.0,text__kid graduat
kids take,0.0,text__kid take
kkk,0.0,text__kkk
married couple,0.0,text__marri coupl
klein,0.0,text__klein
average cost,0.0,text__averag cost
average americans,0.0,text__averag american
marriage would,0.0,text__marriag would
know much,0.0,text__know much
marriage licenses,0.0,text__marriag licens
marriage act,0.0,text__marriag act
armor,0.0,text__armor
marketplaces,0.0,text__marketplac
arizona law,0.0,text__arizona law
arms force,0.0,text__arm forc
mark kirk,0.0,text__mark kirk
around country,0.0,text__around countri
marine,0.0,text__marin
koch industry,0.0,text__koch industri
marijuana use,0.0,text__marijuana use
korean,0.0,text__korean
kucinich,0.0,text__kucinich
kucinich voted,0.0,text__kucinich vote
automobile accidents,0.0,text__automobil accid
kuster,0.0,text__kuster
arriving,0.0,text__arriv
mark pryor,0.0,text__mark pryor
katrina,0.0,text__katrina
kitzhaber,0.0,text__kitzhab
martin,0.0,text__martin
killed americans,0.0,text__kill american
killed black,0.0,text__kill black
killed gun,0.0,text__kill gun
average percent,0.0,text__averag percent
average people,0.0,text__averag peopl
killed people,0.0,text__kill peopl
average middle,0.0,text__averag middl
massaged,0.0,text__massag
massachusetts th,0.0,text__massachusett th
average less,0.0,text__averag less
massachusetts republican,0.0,text__massachusett republican
kits,0.0,text__kit
massachusetts lost,0.0,text__massachusett lost
kindergarten,0.0,text__kindergarten
massachusetts health,0.0,text__massachusett health
massachusetts governor,0.0,text__massachusett governor
maryland,0.0,text__maryland
king,0.0,text__king
mary landrieu,0.0,text__mari landrieu
king jr,0.0,text__king jr
mary burke,0.0,text__mari burk
mary,0.0,text__mari
marxist,0.0,text__marxist
martin luther,0.0,text__martin luther
average federal,0.0,text__averag feder
map,0.0,text__map
katie,0.0,text__kati
median income,0.0,text__median incom
judge sotomayor,0.0,text__judg sotomayor
migrants,0.0,text__migrant
judgment,0.0,text__judgment
midterm,0.0,text__midterm
judicial experience,0.0,text__judici experi
midnight,0.0,text__midnight
judicial nominee,0.0,text__judici nomine
apprehensions,0.0,text__apprehens
juice,0.0,text__juic
michelle obama,0.0,text__michel obama
july parrish,0.0,text__juli parrish
avoid pay,0.0,text__avoid pay
michelle nunn,0.0,text__michel nunn
michael brown,0.0,text__michael brown
michael bennet,0.0,text__michael bennet
appropriations,0.0,text__appropri
junket,0.0,text__junket
mich,0.0,text__mich
mica,0.0,text__mica
appropriations bill,0.0,text__appropri bill
jurisdictions,0.0,text__jurisdict
mexican government,0.0,text__mexican govern
mexican border,0.0,text__mexican border
appraises,0.0,text__apprais
apply jobs,0.0,text__appli job
military action,0.0,text__militari action
json pants,0.0,text__json pant
million funding,0.0,text__million fund
million fewer,0.0,text__million fewer
joni,0.0,text__joni
apartment,0.0,text__apart
million families,0.0,text__million famili
million every,0.0,text__million everi
joni ernst,0.0,text__joni ernst
million education,0.0,text__million educ
million earmarks,0.0,text__million earmark
apology tour,0.0,text__apolog tour
awaiting,0.0,text__await
justice rebecca,0.0,text__justic rebecca
million day,0.0,text__million day
million build,0.0,text__million build
jr,0.0,text__jr
million annual,0.0,text__million annual
appeals,0.0,text__appeal
millennials,0.0,text__millenni
millage rate,0.0,text__millag rate
millage,0.0,text__millag
military recruiting,0.0,text__militari recruit
military personnel,0.0,text__militari personnel
jr republican,0.0,text__jr republican
military installed,0.0,text__militari instal
million contributions,0.0,text__million contribut
metro region,0.0,text__metro region
justice supreme,0.0,text__justic suprem
metro atlanta,0.0,text__metro atlanta
medicare voucher,0.0,text__medicar voucher
medicare system,0.0,text__medicar system
medicare social,0.0,text__medicar social
medicare seniors,0.0,text__medicar senior
medicare plan,0.0,text__medicar plan
medicare part,0.0,text__medicar part
arab emirates,0.0,text__arab emir
medicare guarantee,0.0,text__medicar guarante
medicare going,0.0,text__medicar go
medicare fraud,0.0,text__medicar fraud
medicare benefits,0.0,text__medicar benefit
kasich budget,0.0,text__kasich budget
medicare affect,0.0,text__medicar affect
medical school,0.0,text__medic school
medical devices,0.0,text__medic devic
medicaid would,0.0,text__medicaid would
kathleen falk,0.0,text__kathleen falk
medicaid state,0.0,text__medicaid state
medicaid program,0.0,text__medicaid program
medicaid patients,0.0,text__medicaid patient
kathryn,0.0,text__kathryn
medicaid fraud,0.0,text__medicaid fraud
medicaid cost,0.0,text__medicaid cost
kathryn starkey,0.0,text__kathryn starkey
kathleen,0.0,text__kathleen
kathy,0.0,text__kathi
april,0.0,text__april
average wage,0.0,text__averag wage
metric,0.0,text__metric
merrick,0.0,text__merrick
merger,0.0,text__merger
mercury,0.0,text__mercuri
attitude,0.0,text__attitud
mention,0.0,text__mention
approved number,0.0,text__approv number
average workers,0.0,text__averag worker
juvenile,0.0,text__juvenil
approximately billion,0.0,text__approxim billion
men women,0.0,text__men women
meek,0.0,text__meek
men make,0.0,text__men make
memo,0.0,text__memo
membership,0.0,text__membership
members voted,0.0,text__member vote
members senate,0.0,text__member senat
members party,0.0,text__member parti
kander,0.0,text__kander
members house,0.0,text__member hous
kansas,0.0,text__kansa
meltdown,0.0,text__meltdown
megyn kelly,0.0,text__megyn kelli
megyn,0.0,text__megyn
men earn,0.0,text__men earn
lab,0.0,text__lab
automatic weapons,0.0,text__automat weapon
many state,0.0,text__mani state
least one,0.0,text__least one
auditor,0.0,text__auditor
atf,0.0,text__atf
loan debt,0.0,text__loan debt
loaded,0.0,text__load
atheists,0.0,text__atheist
live wage,0.0,text__live wage
live texas,0.0,text__live texa
leave us,0.0,text__leav us
live outside,0.0,text__live outsid
live long,0.0,text__live long
live americans,0.0,text__live american
live adjusted,0.0,text__live adjust
little known,0.0,text__littl known
led efforts,0.0,text__led effort
listening,0.0,text__listen
liquor,0.0,text__liquor
lee leffingwell,0.0,text__lee leffingwel
atlanta braves,0.0,text__atlanta brave
line duty,0.0,text__line duti
atlanta million,0.0,text__atlanta million
limit number,0.0,text__limit number
leffingwell,0.0,text__leffingwel
local jobs,0.0,text__local job
least four,0.0,text__least four
local school,0.0,text__local school
local tax,0.0,text__local tax
lose insurance,0.0,text__lose insur
lose health,0.0,text__lose health
law would,0.0,text__law would
lose current,0.0,text__lose current
austin mayor,0.0,text__austin mayor
los angeles,0.0,text__lo angel
lax,0.0,text__lax
austin city,0.0,text__austin citi
los,0.0,text__lo
loretta lynch,0.0,text__loretta lynch
looming,0.0,text__loom
limbaugh,0.0,text__limbaugh
look work,0.0,text__look work
look tax,0.0,text__look tax
league,0.0,text__leagu
look like,0.0,text__look like
look jobs,0.0,text__look job
learn,0.0,text__learn
longer hours,0.0,text__longer hour
associated press,0.0,text__associ press
assure,0.0,text__assur
lois frankel,0.0,text__loi frankel
lois,0.0,text__loi
asthma,0.0,text__asthma
lead national,0.0,text__lead nation
left behind,0.0,text__left behind
left million,0.0,text__left million
left office,0.0,text__left offic
legislation would,0.0,text__legisl would
library district,0.0,text__librari district
libertarian party,0.0,text__libertarian parti
libertarian,0.0,text__libertarian
attributed,0.0,text__attribut
legislature passed,0.0,text__legislatur pass
liberia,0.0,text__liberia
liberal group,0.0,text__liber group
attacks united,0.0,text__attack unit
liability,0.0,text__liabil
legitimate,0.0,text__legitim
licenses gun,0.0,text__licens gun
lewis,0.0,text__lewi
level since,0.0,text__level sinc
let people,0.0,text__let peopl
lending,0.0,text__lend
let insurance,0.0,text__let insur
length,0.0,text__length
attorney office,0.0,text__attorney offic
let hook,0.0,text__let hook
less year,0.0,text__less year
less like,0.0,text__less like
less today,0.0,text__less today
less popular,0.0,text__less popular
level year,0.0,text__level year
law take,0.0,text__law take
licenses illegal,0.0,text__licens illeg
legislation support,0.0,text__legisl support
audit,0.0,text__audit
left wisconsin,0.0,text__left wisconsin
like health,0.0,text__like health
like graduation,0.0,text__like graduat
audience,0.0,text__audienc
like get,0.0,text__like get
like die,0.0,text__like die
like arrested,0.0,text__like arrest
atlanta public,0.0,text__atlanta public
legal abortion,0.0,text__legal abort
legal country,0.0,text__legal countri
lieberman,0.0,text__lieberman
legal illegal,0.0,text__legal illeg
legal immigration,0.0,text__legal immigr
atlantic,0.0,text__atlant
legal visa,0.0,text__legal visa
legislation cut,0.0,text__legisl cut
lifted,0.0,text__lift
legislation ever,0.0,text__legisl ever
legislation help,0.0,text__legisl help
legislation passed,0.0,text__legisl pass
lieutenant house,0.0,text__lieuten hous
lieutenant governor,0.0,text__lieuten governor
lieutenant,0.0,text__lieuten
light rail,0.0,text__light rail
law school,0.0,text__law school
law right,0.0,text__law right
law representatives,0.0,text__law repres
make difficult,0.0,text__make difficult
lake michigan,0.0,text__lake michigan
make clear,0.0,text__make clear
lamar,0.0,text__lamar
make cents,0.0,text__make cent
lamar smith,0.0,text__lamar smith
landrieu,0.0,text__landrieu
make america,0.0,text__make america
make abortion,0.0,text__make abort
majority republican,0.0,text__major republican
large majority,0.0,text__larg major
make easier,0.0,text__make easier
majority public,0.0,text__major public
large number,0.0,text__larg number
majority hispanic,0.0,text__major hispan
large scale,0.0,text__larg scale
auto companies,0.0,text__auto compani
majority democrats,0.0,text__major democrat
majority country,0.0,text__major countri
largest bank,0.0,text__largest bank
majority congress,0.0,text__major congress
largest employers,0.0,text__largest employ
largest military,0.0,text__largest militari
majority city,0.0,text__major citi
majority party,0.0,text__major parti
maintained,0.0,text__maintain
make harder,0.0,text__make harder
make money,0.0,text__make money
labor shortage,0.0,text__labor shortag
many jobs,0.0,text__mani job
labor statistics,0.0,text__labor statist
articles,0.0,text__articl
mansion,0.0,text__mansion
labor union,0.0,text__labor union
manipulated,0.0,text__manipul
manhattan,0.0,text__manhattan
asked dont,0.0,text__ask dont
asked tell,0.0,text__ask tell
man woman,0.0,text__man woman
make million,0.0,text__make million
automatic,0.0,text__automat
auto rescue,0.0,text__auto rescu
man earn,0.0,text__man earn
man accused,0.0,text__man accus
aspects,0.0,text__aspect
make state,0.0,text__make state
laid workers,0.0,text__laid worker
assault rifle,0.0,text__assault rifl
make percent,0.0,text__make percent
make per,0.0,text__make per
make one,0.0,text__make one
lake erie,0.0,text__lake eri
man jobs,0.0,text__man job
million gallon,0.0,text__million gallon
mail,0.0,text__mail
mahmoud,0.0,text__mahmoud
lowest decade,0.0,text__lowest decad
lower rate,0.0,text__lower rate
laughing,0.0,text__laugh
launched,0.0,text__launch
low wage,0.0,text__low wage
lavish,0.0,text__lavish
assessments,0.0,text__assess
louie,0.0,text__louie
law add,0.0,text__law add
law could,0.0,text__law could
law country,0.0,text__law countri
lowest level,0.0,text__lowest level
law firm,0.0,text__law firm
lottery,0.0,text__lotteri
law like,0.0,text__law like
lot people,0.0,text__lot peopl
law model,0.0,text__law model
lot money,0.0,text__lot money
lost year,0.0,text__lost year
lost war,0.0,text__lost war
lost state,0.0,text__lost state
lost percent,0.0,text__lost percent
law protect,0.0,text__law protect
lost jobs,0.0,text__lost job
law government,0.0,text__law govern
auto bailout,0.0,text__auto bailout
latest,0.0,text__latest
lowest tax,0.0,text__lowest tax
maggie hassan,0.0,text__maggi hassan
maggie,0.0,text__maggi
autism,0.0,text__autism
madigan,0.0,text__madigan
made wisconsin,0.0,text__made wisconsin
made significant,0.0,text__made signific
last budget,0.0,text__last budget
made million,0.0,text__made million
made great,0.0,text__made great
last election,0.0,text__last elect
last five,0.0,text__last five
austin water,0.0,text__austin water
last four,0.0,text__last four
made china,0.0,text__made china
assertion,0.0,text__assert
last quarter,0.0,text__last quarter
last six,0.0,text__last six
lynn,0.0,text__lynn
last time,0.0,text__last time
lynch,0.0,text__lynch
luxury car,0.0,text__luxuri car
luther king,0.0,text__luther king
luther,0.0,text__luther
austinites,0.0,text__austinit
made clear,0.0,text__made clear
anywhere world,0.0,text__anywher world
mercedes,0.0,text__merced
less men,0.0,text__less men
bachmann said,0.0,text__bachmann said
jobs country,0.0,text__job countri
multiple time,0.0,text__multipl time
americans energy,0.0,text__american energi
ive got,0.0,text__ive got
analysis show,0.0,text__analysi show
nickel,0.0,text__nickel
ive ever,0.0,text__ive ever
much per,0.0,text__much per
bain capital,0.0,text__bain capit
jobs ever,0.0,text__job ever
jobs federal,0.0,text__job feder
much lower,0.0,text__much lower
much less,0.0,text__much less
jobs first,0.0,text__job first
jobs gains,0.0,text__job gain
baker,0.0,text__baker
much better,0.0,text__much better
babies born,0.0,text__babi born
multnomah,0.0,text__multnomah
multnomah county,0.0,text__multnomah counti
ive gotten,0.0,text__ive gotten
murder rate,0.0,text__murder rate
among people,0.0,text__among peopl
among things,0.0,text__among thing
back every,0.0,text__back everi
among top,0.0,text__among top
nascar,0.0,text__nascar
narrowed,0.0,text__narrow
next five,0.0,text__next five
jobs accomplishments,0.0,text__job accomplish
nafta,0.0,text__nafta
analysts,0.0,text__analyst
jobs almost,0.0,text__job almost
muslim country,0.0,text__muslim countri
ive governor,0.0,text__ive governor
muslim brotherhood,0.0,text__muslim brotherhood
museum,0.0,text__museum
jobs bill,0.0,text__job bill
murray,0.0,text__murray
murphy voted,0.0,text__murphi vote
next president,0.0,text__next presid
amtrak,0.0,text__amtrak
muslim outreach,0.0,text__muslim outreach
analysts says,0.0,text__analyst say
mph,0.0,text__mph
movie,0.0,text__movi
ann,0.0,text__ann
jobs past,0.0,text__job past
island tax,0.0,text__island tax
mortality rate,0.0,text__mortal rate
island second,0.0,text__island second
morris,0.0,text__morri
non defense,0.0,text__non defens
ann kuster,0.0,text__ann kuster
jobs per,0.0,text__job per
mosquito,0.0,text__mosquito
island percent,0.0,text__island percent
jobs rate,0.0,text__job rate
mormon,0.0,text__mormon
jobs record,0.0,text__job record
non discrimination,0.0,text__non discrimin
morgan carroll,0.0,text__morgan carrol
morgan,0.0,text__morgan
island highest,0.0,text__island highest
jobs recovery,0.0,text__job recoveri
anniversary,0.0,text__anniversari
jobs private,0.0,text__job privat
ive never,0.0,text__ive never
island voters,0.0,text__island voter
motion,0.0,text__motion
anchor babies,0.0,text__anchor babi
moved people,0.0,text__move peopl
jobs killed,0.0,text__job kill
moved jobs,0.0,text__move job
nine time,0.0,text__nine time
ninety five,0.0,text__nineti five
israeli,0.0,text__isra
moved forward,0.0,text__move forward
jobs last,0.0,text__job last
nomination confirmed,0.0,text__nomin confirm
new drilling,0.0,text__new drill
angeles,0.0,text__angel
nj,0.0,text__nj
angle,0.0,text__angl
jobs manufacturing,0.0,text__job manufactur
mountain,0.0,text__mountain
jobs number,0.0,text__job number
angry,0.0,text__angri
motorists,0.0,text__motorist
motivation,0.0,text__motiv
nixon,0.0,text__nixon
islamist,0.0,text__islamist
among highest,0.0,text__among highest
back tax,0.0,text__back tax
jerry,0.0,text__jerri
jerry brown,0.0,text__jerri brown
never going,0.0,text__never go
badly,0.0,text__badli
never get,0.0,text__never get
never called,0.0,text__never call
jersey highest,0.0,text__jersey highest
never asked,0.0,text__never ask
neutral,0.0,text__neutral
network,0.0,text__network
new manufacturing,0.0,text__new manufactur
netanyahu,0.0,text__netanyahu
neither,0.0,text__neither
neighborhoods,0.0,text__neighborhood
negotiations iran,0.0,text__negoti iran
jersey one,0.0,text__jersey one
james comey,0.0,text__jame comey
new medicaid,0.0,text__new medicaid
jersey since,0.0,text__jersey sinc
never gone,0.0,text__never gone
americans lose,0.0,text__american lose
jeopardize,0.0,text__jeopard
americans lost,0.0,text__american lost
americans oil,0.0,text__american oil
new atlanta,0.0,text__new atlanta
new federal,0.0,text__new feder
jason,0.0,text__jason
jason carter,0.0,text__jason carter
bailey hutchison,0.0,text__bailey hutchison
americans pay,0.0,text__american pay
jason kander,0.0,text__jason kander
jay,0.0,text__jay
needy,0.0,text__needi
jeanne,0.0,text__jeann
jeanne shaheen,0.0,text__jeann shaheen
jan,0.0,text__jan
new income,0.0,text__new incom
americans president,0.0,text__american presid
never received,0.0,text__never receiv
never passed,0.0,text__never pass
never paid,0.0,text__never paid
never held,0.0,text__never held
never happen,0.0,text__never happen
never support,0.0,text__never support
new national,0.0,text__new nation
new orleans,0.0,text__new orlean
new republican,0.0,text__new republican
national unemployment,0.0,text__nation unemploy
jihadists,0.0,text__jihadist
national sales,0.0,text__nation sale
national rifle,0.0,text__nation rifl
next couple,0.0,text__next coupl
national rate,0.0,text__nation rate
bain,0.0,text__bain
backlog,0.0,text__backlog
national poll,0.0,text__nation poll
national whole,0.0,text__nation whole
national pay,0.0,text__nation pay
national parks,0.0,text__nation park
jim doyle,0.0,text__jim doyl
national institutions,0.0,text__nation institut
jim marshall,0.0,text__jim marshal
jim renacci,0.0,text__jim renacci
national history,0.0,text__nation histori
national get,0.0,text__nation get
ive said,0.0,text__ive said
national day,0.0,text__nation day
jim crow,0.0,text__jim crow
back state,0.0,text__back state
national work,0.0,text__nation work
national world,0.0,text__nation world
americans troops,0.0,text__american troop
james,0.0,text__jame
newborn,0.0,text__newborn
jesus,0.0,text__jesu
nearly new,0.0,text__nearli new
nearly jobs,0.0,text__nearli job
newly,0.0,text__newli
nearly half,0.0,text__nearli half
nearly every,0.0,text__nearli everi
americans get,0.0,text__american get
americans voters,0.0,text__american voter
jet fuel,0.0,text__jet fuel
americans wants,0.0,text__american want
americans youth,0.0,text__american youth
navigators,0.0,text__navig
news broke,0.0,text__news broke
bad idea,0.0,text__bad idea
native,0.0,text__nativ
nationwide,0.0,text__nationwid
backroom,0.0,text__backroom
jackson,0.0,text__jackson
moon,0.0,text__moon
babies boomers,0.0,text__babi boomer
americans community,0.0,text__american commun
john mica,0.0,text__john mica
ireland,0.0,text__ireland
notes,0.0,text__note
missed percent,0.0,text__miss percent
months year,0.0,text__month year
misdemeanor,0.0,text__misdemeanor
misconduct,0.0,text__misconduct
northern wisconsin,0.0,text__northern wisconsin
johnny,0.0,text__johnni
mirrors,0.0,text__mirror
americans billion,0.0,text__american billion
minority leader,0.0,text__minor leader
minority business,0.0,text__minor busi
johnson opposed,0.0,text__johnson oppos
anything else,0.0,text__anyth els
minister benjamin,0.0,text__minist benjamin
johnny isakson,0.0,text__johnni isakson
minister,0.0,text__minist
away public,0.0,text__away public
americans could,0.0,text__american could
john cornyn,0.0,text__john cornyn
moderate,0.0,text__moder
baldwin support,0.0,text__baldwin support
model national,0.0,text__model nation
model,0.0,text__model
irresponsible,0.0,text__irrespons
mode,0.0,text__mode
northern,0.0,text__northern
mobil,0.0,text__mobil
normandy,0.0,text__normandi
mo,0.0,text__mo
mixed,0.0,text__mix
ayers,0.0,text__ayer
north america,0.0,text__north america
mitchell,0.0,text__mitchel
john kitzhaber,0.0,text__john kitzhab
mob,0.0,text__mob
isakson,0.0,text__isakson
nowhere,0.0,text__nowher
nsa,0.0,text__nsa
million voted,0.0,text__million vote
million teach,0.0,text__million teach
number jobs,0.0,text__number job
number new,0.0,text__number new
million tax,0.0,text__million tax
million stimulus,0.0,text__million stimulu
million private,0.0,text__million privat
number going,0.0,text__number go
away health,0.0,text__away health
jones,0.0,text__jone
america great,0.0,text__america great
million pay,0.0,text__million pay
million middle,0.0,text__million middl
number uninsured,0.0,text__number uninsur
zombie,0.0,text__zombi
anywhere percent,0.0,text__anywher percent
baldwin voted,0.0,text__baldwin vote
minimize,0.0,text__minim
jolly,0.0,text__jolli
millionaires like,0.0,text__millionair like
minerals,0.0,text__miner
iraq syria,0.0,text__iraq syria
johnson voted,0.0,text__johnson vote
mine northern,0.0,text__mine northern
america percent,0.0,text__america percent
iraq afghanistan,0.0,text__iraq afghanistan
nuclear plant,0.0,text__nuclear plant
million work,0.0,text__million work
milwaukie light,0.0,text__milwauki light
milwaukie,0.0,text__milwauki
milwaukee public,0.0,text__milwauke public
america lost,0.0,text__america lost
milwaukee bucks,0.0,text__milwauke buck
mills,0.0,text__mill
america killed,0.0,text__america kill
number americans,0.0,text__number american
away medicare,0.0,text__away medicar
normal,0.0,text__normal
americans men,0.0,text__american men
money pay,0.0,text__money pay
balanced federal,0.0,text__balanc feder
answer,0.0,text__answer
money away,0.0,text__money away
money come,0.0,text__money come
money washington,0.0,text__money washington
money education,0.0,text__money educ
money going,0.0,text__money go
americans depend,0.0,text__american depend
noncitizens,0.0,text__noncitizen
months obama,0.0,text__month obama
jobs year,0.0,text__job year
nonprofit,0.0,text__nonprofit
john barrow,0.0,text__john barrow
money funding,0.0,text__money fund
joe sestak,0.0,text__joe sestak
money wall,0.0,text__money wall
money state,0.0,text__money state
months president,0.0,text__month presid
months last,0.0,text__month last
norm,0.0,text__norm
balanced state,0.0,text__balanc state
jobs training,0.0,text__job train
money live,0.0,text__money live
months months,0.0,text__month month
john boehner,0.0,text__john boehner
molesting,0.0,text__molest
money would,0.0,text__money would
annual budget,0.0,text__annual budget
jobs thats,0.0,text__job that
anti choice,0.0,text__anti choic
jobs united,0.0,text__job unit
modified,0.0,text__modifi
announced would,0.0,text__announc would
months since,0.0,text__month sinc
joe straus,0.0,text__joe strau
islamic terrorism,0.0,text__islam terror
state tuition,5.889703516850157e-08,text__state tuition
lady,7.373511616112972e-08,text__ladi
law give,1.173424942633755e-07,text__law give
life,1.6048481231452687e-07,text__life
enforcement office,3.578145921355525e-07,text__enforc offic
trial,4.171298065949352e-07,text__trial
use,6.753393673749983e-07,text__use
us,7.894360925377768e-07,text__us
percent today,8.710990610438425e-07,text__percent today
admission,9.091002040499506e-07,text__admiss
energy,1.032954564308629e-06,text__energi
since passage,1.2902727811031405e-06,text__sinc passag
permit,1.4396479546632497e-06,text__permit
dewhurst,1.698322579729759e-06,text__dewhurst
david dewhurst,1.698322579729759e-06,text__david dewhurst
gone,1.996613771094698e-06,text__gone
bay,2.1235282766759536e-06,text__bay
commuters,2.159721447973218e-06,text__commut
insurance exchange,2.1842966483753666e-06,text__insur exchang
interview json,2.254962652742779e-06,text__interview json
jobs creation,2.4017440667711953e-06,text__job creation
deregulation,2.5570658946362384e-06,text__deregul
bush governor,2.8471354795611156e-06,text__bush governor
law allow,2.8796638617405006e-06,text__law allow
county school,3.0139799806922263e-06,text__counti school
reinstated,3.06607819736246e-06,text__reinstat
aliens,3.133185737133552e-06,text__alien
texas jobs,3.3725819916469076e-06,text__texa job
ever history,3.3834636243349847e-06,text__ever histori
million people,3.392386392500049e-06,text__million peopl
lower tax,3.439959415570309e-06,text__lower tax
die,3.4722818681043084e-06,text__die
cap trade,3.541146572780208e-06,text__cap trade
json false,3.629529215558502e-06,text__json fals
big,3.784771246563083e-06,text__big
weapons,3.869202226851543e-06,text__weapon
hawaii,3.893740756200712e-06,text__hawaii
chosen,3.897337105183985e-06,text__chosen
bernie sanders,4.06667010314104e-06,text__berni sander
round,4.364715482565973e-06,text__round
lose,4.432969489639121e-06,text__lose
unlimited,4.5450558548748445e-06,text__unlimit
july,4.614345004356543e-06,text__juli
todd akin,4.802982275462144e-06,text__todd akin
repeatedly,4.8456303675056985e-06,text__repeatedli
bernanke,4.914129397164293e-06,text__bernank
foreign,5.074534993047991e-06,text__foreign
business close,5.139896688361896e-06,text__busi close
cobb,5.328300784187463e-06,text__cobb
end,5.381318257778515e-06,text__end
south korea,5.6156170019068235e-06,text__south korea
handling,5.665096602960749e-06,text__handl
passed law,5.795262577018111e-06,text__pass law
exams,6.047115588086655e-06,text__exam
jobs people,6.208332902974314e-06,text__job peopl
resources,6.2126687656461234e-06,text__resourc
lesbian,6.418266253423273e-06,text__lesbian
truth,6.494335327111987e-06,text__truth
judge,6.51276060083665e-06,text__judg
says million,6.517663859088455e-06,text__say million
tax loophole,6.650806305049309e-06,text__tax loophol
wisconsin law,6.676074724908338e-06,text__wisconsin law
kirk,6.83068922632643e-06,text__kirk
took,6.922616440764199e-06,text__took
prosecuted,7.100555280053114e-06,text__prosecut
brothers,7.1142741012243805e-06,text__brother
care cost,7.114816034788296e-06,text__care cost
resistance,7.189681041216806e-06,text__resist
buffett,7.2959466908706165e-06,text__buffett
tens thousands,7.628635502775091e-06,text__ten thousand
stem,7.68906557785127e-06,text__stem
invasive,7.760800118105026e-06,text__invas
wage workers,7.773932623732756e-06,text__wage worker
finance,8.100378962883588e-06,text__financ
paid billion,8.414933636621952e-06,text__paid billion
meet,8.424370587265113e-06,text__meet
percent campaign,8.516147470851505e-06,text__percent campaign
bell,8.696587587387796e-06,text__bell
says sen,8.71175645329797e-06,text__say sen
levy,8.751798322240987e-06,text__levi
fifty,9.319314977438644e-06,text__fifti
voted yes,9.524884808082226e-06,text__vote ye
americans live,9.667741765397061e-06,text__american live
cost,9.775125427776779e-06,text__cost
immigration state,9.790824978002615e-06,text__immigr state
Speaker's job title: Governor,1.0027378799193476e-05,job__Speaker's job title_Governor
federal employees,1.0267907143748641e-05,text__feder employe
look,1.028259144079715e-05,text__look
street bailout,1.0736002802210444e-05,text__street bailout
donations,1.0746700918548778e-05,text__donat
power plant,1.0801066009018793e-05,text__power plant
lower income,1.08178406159449e-05,text__lower incom
eligible,1.0845009827673338e-05,text__elig
task force,1.0871820906660641e-05,text__task forc
surveillance,1.0975715847516938e-05,text__surveil
many year,1.1006991249620976e-05,text__mani year
exchange,1.101729187915826e-05,text__exchang
save,1.1068537351934216e-05,text__save
payroll tax,1.1085783608045125e-05,text__payrol tax
low income,1.1149148038889008e-05,text__low incom
congested,1.1253770242043602e-05,text__congest
flow,1.129028764213146e-05,text__flow
passage,1.129723589361433e-05,text__passag
source,1.1559137853050083e-05,text__sourc
called,1.1560802760794712e-05,text__call
george allen,1.1569301139775804e-05,text__georg allen
become,1.1740978064812955e-05,text__becom
ants,1.1825709074606007e-05,text__ant
fancy,1.2102698479144386e-05,text__fanci
iraq war,1.2117184392491857e-05,text__iraq war
immigration bill,1.2167829510080632e-05,text__immigr bill
ticket,1.2512023821825277e-05,text__ticket
day year,1.2674234876978116e-05,text__day year
average age,1.2836596000509942e-05,text__averag age
unpaid,1.3017631932589277e-05,text__unpaid
majority,1.3099145890651249e-05,text__major
federal government,1.3322455607655902e-05,text__feder govern
insurance rate,1.3878583774648644e-05,text__insur rate
firm,1.3946608878000241e-05,text__firm
penalty,1.3976643419486716e-05,text__penalti
five state,1.399001959726337e-05,text__five state
impact,1.4008788591928607e-05,text__impact
monitor,1.4039064898821328e-05,text__monitor
radio,1.4359565208593413e-05,text__radio
fewer,1.438083777055055e-05,text__fewer
says tennessee,1.4382774952077772e-05,text__say tennesse
matter,1.442539875984632e-05,text__matter
people make,1.461873864303535e-05,text__peopl make
catch,1.4646878797837862e-05,text__catch
independent,1.4728162069953414e-05,text__independ
one best,1.473161968567495e-05,text__one best
kelly,1.4775482028619975e-05,text__kelli
percent declined,1.5017949327957938e-05,text__percent declin
pasco county,1.5036536399962372e-05,text__pasco counti
pasco,1.5036536399962372e-05,text__pasco
chris christie,1.5169143559570729e-05,text__chri christi
magazine,1.5367182345199555e-05,text__magazin
executive,1.5561880081841742e-05,text__execut
people voted,1.5581141472299985e-05,text__peopl vote
negative,1.5670978857994603e-05,text__neg
hate,1.575663727052682e-05,text__hate
buy health,1.595859079962578e-05,text__buy health
partisan,1.6234520864536165e-05,text__partisan
aig,1.631750299925366e-05,text__aig
could get,1.636737540975074e-05,text__could get
profit,1.6368847088261755e-05,text__profit
expansion,1.6500660313056875e-05,text__expans
financial aid,1.650827391702507e-05,text__financi aid
would leave,1.653280506995852e-05,text__would leav
self defense,1.6580028423059015e-05,text__self defens
employees would,1.6589313346020975e-05,text__employe would
Subject: environment,1.663823419798624e-05,subject__environment
public finance,1.6786977336193395e-05,text__public financ
across board,1.6897434817834348e-05,text__across board
mass,1.6932060642809462e-05,text__mass
plan would,1.7065329452535246e-05,text__plan would
sewer,1.7174072845542693e-05,text__sewer
red light,1.7351050726370726e-05,text__red light
walmart,1.741096635576534e-05,text__walmart
raise,1.7558651411565938e-05,text__rais
consecutive,1.7674540409184596e-05,text__consecut
machines,1.770926857659471e-05,text__machin
election officials,1.77117811296396e-05,text__elect offici
Context: a column,1.798304680759339e-05,context__Context_a column
street,1.801239803287924e-05,text__street
president george,1.8103311560017178e-05,text__presid georg
country trade,1.8244661983671486e-05,text__countri trade
cut public,1.8349585836231228e-05,text__cut public
theyll,1.834963364208485e-05,text__theyll
classified,1.8357730280186675e-05,text__classifi
guarantee benefits,1.8362740318255068e-05,text__guarante benefit
americans children,1.854147129052922e-05,text__american children
equal work,1.8601277518590784e-05,text__equal work
pay equal,1.8601277518590784e-05,text__pay equal
chicken,1.8647262544668392e-05,text__chicken
latina,1.8662830326030956e-05,text__latina
identity,1.8731865065084945e-05,text__ident
couple,1.8796982024395274e-05,text__coupl
doesnt make,1.913328939111403e-05,text__doesnt make
undocumented immigration,1.915245289455308e-05,text__undocu immigr
act,1.96954850918462e-05,text__act
games,1.974638146988371e-05,text__game
higher state,1.9847480917103776e-05,text__higher state
Subject: public-health,1.9910811360965194e-05,subject__public-health
marriage,1.9941597375585922e-05,text__marriag
year age,2.005333468912389e-05,text__year age
implemented,2.021054364983592e-05,text__implement
free trade,2.0262692432866294e-05,text__free trade
support expand,2.0329072713167686e-05,text__support expand
chapter,2.045695963223127e-05,text__chapter
teachers get,2.0456974427397995e-05,text__teacher get
task,2.0711520602689998e-05,text__task
year florida,2.0762782108051946e-05,text__year florida
career,2.079771864914072e-05,text__career
state like,2.093828131403231e-05,text__state like
initially,2.0964748485693158e-05,text__initi
employers mandate,2.1213824406996067e-05,text__employ mandat
kim,2.1706484536438016e-05,text__kim
rival tommy,2.1815473945503832e-05,text__rival tommi
sanctuary city,2.1877822613026424e-05,text__sanctuari citi
walker proposed,2.219573073855743e-05,text__walker propos
roosevelt,2.230466405358803e-05,text__roosevelt
walker cut,2.2439302482300373e-05,text__walker cut
percent higher,2.2534136866446583e-05,text__percent higher
except,2.2560113778273472e-05,text__except
fannie mae,2.270681791893425e-05,text__fanni mae
mae,2.270681791893425e-05,text__mae
billion dollars,2.2829958860646873e-05,text__billion dollar
military percent,2.286369080415802e-05,text__militari percent
two time,2.2943516063385192e-05,text__two time
electric,2.3079233864789907e-05,text__electr
jobs state,2.3154904785737772e-05,text__job state
effect,2.326740109389289e-05,text__effect
declared,2.3319512782047396e-05,text__declar
encouraged,2.3489213249778043e-05,text__encourag
says ron,2.35194157248864e-05,text__say ron
rate women,2.3769115457496397e-05,text__rate women
role,2.3951441096033998e-05,text__role
renewable,2.4731084757876164e-05,text__renew
country state,2.491068093922672e-05,text__countri state
extending,2.4914939823704387e-05,text__extend
voted passed,2.496476695226391e-05,text__vote pass
care dollars,2.508645686052714e-05,text__care dollar
cut would,2.523671234471945e-05,text__cut would
highway,2.5511831585128978e-05,text__highway
fisher,2.5749453209101e-05,text__fisher
Subject: legal-issues,2.5762712501194903e-05,subject__legal-issues
gas pump,2.5802626620060813e-05,text__ga pump
tax revenue,2.588852632315543e-05,text__tax revenu
deficit trillion,2.5915224352388838e-05,text__deficit trillion
lose million,2.5936533008302236e-05,text__lose million
percent less,2.6063089922897085e-05,text__percent less
americans taxpayers,2.6148778954504846e-05,text__american taxpay
tax year,2.649080267595885e-05,text__tax year
city st,2.652258911218193e-05,text__citi st
percent house,2.6639477358876294e-05,text__percent hous
people,2.6678968882531243e-05,text__peopl
san,2.6776020933143286e-05,text__san
eleven,2.6815710069979093e-05,text__eleven
kentucky,2.6844779543733874e-05,text__kentucki
trump wants,2.692430209076734e-05,text__trump want
apply,2.6935315089317873e-05,text__appli
venture,2.6962922812061785e-05,text__ventur
plot,2.70270933708616e-05,text__plot
created first,2.713217740335688e-05,text__creat first
percent per,2.7160962328629247e-05,text__percent per
concealed carry,2.7297698655128904e-05,text__conceal carri
force women,2.7353874120321946e-05,text__forc women
doesnt,2.740616996802454e-05,text__doesnt
didnt wants,2.749423444926872e-05,text__didnt want
trump plan,2.7522530358653843e-05,text__trump plan
cut benefits,2.7537241887600537e-05,text__cut benefit
state right,2.7615602251101727e-05,text__state right
bush policy,2.7652553776863466e-05,text__bush polici
fire,2.7776787051352557e-05,text__fire
greg abbott,2.787500319050971e-05,text__greg abbott
reached,2.7933122898216226e-05,text__reach
hassan,2.8403021333672166e-05,text__hassan
married,2.8420286965551493e-05,text__marri
proportion,2.8422727642312564e-05,text__proport
crime percent,2.8442268829580202e-05,text__crime percent
almost year,2.848714555470321e-05,text__almost year
year increase,2.8888160352236713e-05,text__year increas
wants ban,2.890386720523924e-05,text__want ban
streams,2.8933870678720334e-05,text__stream
state jobs,2.9025656522738217e-05,text__state job
would first,2.9258842084674418e-05,text__would first
yard,2.929894625847041e-05,text__yard
two year,2.9308821594350968e-05,text__two year
one americans,2.9529822479289534e-05,text__one american
term jobs,2.9674194861205823e-05,text__term job
Context: a post on Facebook,2.9763354792342243e-05,context__Context_a post on Facebook
open,2.9893782378868184e-05,text__open
cobb county,3.007646098130166e-05,text__cobb counti
beer,3.015142106118153e-05,text__beer
layoffs,3.0361435914825703e-05,text__layoff
giuliani,3.0448107334238903e-05,text__giuliani
says budget,3.067015476064363e-05,text__say budget
speaker,3.07347304421365e-05,text__speaker
add new,3.083288137357239e-05,text__add new
bit,3.111863741271146e-05,text__bit
theyre,3.129198389289824e-05,text__theyr
reed,3.1507050643981184e-05,text__reed
things,3.161720456135883e-05,text__thing
front,3.18208996662756e-05,text__front
support allow,3.205096891569718e-05,text__support allow
jennifer,3.20742753524445e-05,text__jennif
ron,3.218767482251574e-05,text__ron
"Speaker's job title: Chairman, Republican National Committee",3.242453090003687e-05,"job__Speaker's job title_Chairman, Republican National Committee"
immigration law,3.292163020968883e-05,text__immigr law
percent america,3.293945536122545e-05,text__percent america
stem cell,3.302810836031325e-05,text__stem cell
trillion,3.347881057496284e-05,text__trillion
abbott,3.380247415545845e-05,text__abbott
antonio,3.3975973735688895e-05,text__antonio
san antonio,3.3975973735688895e-05,text__san antonio
threatened,3.4010042723912917e-05,text__threaten
bigger,3.4147925090245025e-05,text__bigger
justice department,3.4235966253719655e-05,text__justic depart
pro,3.434928128601669e-05,text__pro
budget,3.442232805887789e-05,text__budget
limit,3.4656785525683286e-05,text__limit
multiple,3.468588550144131e-05,text__multipl
would bring,3.4788853655492905e-05,text__would bring
activists,3.491780716823978e-05,text__activist
media,3.5368913159106427e-05,text__media
work legislation,3.539715616571552e-05,text__work legisl
phone,3.572019637002207e-05,text__phone
specifically,3.57965756579073e-05,text__specif
firefighters,3.598943794863132e-05,text__firefight
nomination,3.602232041938304e-05,text__nomin
track,3.603807299536918e-05,text__track
roughly,3.62113065596973e-05,text__roughli
tax wealthy,3.6322377565675064e-05,text__tax wealthi
budget proposed,3.636281249297992e-05,text__budget propos
president bush,3.647615866779254e-05,text__presid bush
greg,3.693317775937953e-05,text__greg
including billion,3.726407633552195e-05,text__includ billion
figures,3.7283699724285555e-05,text__figur
existing conditions,3.730534989379738e-05,text__exist condit
year keep,3.741231466880343e-05,text__year keep
school diploma,3.7763609026963203e-05,text__school diploma
little bit,3.777200002119004e-05,text__littl bit
th congressional,3.808224202611097e-05,text__th congression
way,3.815099750340426e-05,text__way
house republican,3.816445157823413e-05,text__hous republican
wife,3.826418690927011e-05,text__wife
carbon pollution,3.8764815441890956e-05,text__carbon pollut
wrongly,3.88925534775582e-05,text__wrongli
mccain support,3.9195608343385154e-05,text__mccain support
unlike,3.950150984580799e-05,text__unlik
romney plan,3.9521389140961055e-05,text__romney plan
pages,3.965337800374386e-05,text__page
pay raise,3.9737964567063004e-05,text__pay rais
year old,4.0061227519032336e-05,text__year old
assistance,4.013177856788747e-05,text__assist
sued,4.0142642536194575e-05,text__su
registered,4.0383139981438824e-05,text__regist
mac,4.054119484879842e-05,text__mac
director,4.0649605770771215e-05,text__director
government made,4.072300014933494e-05,text__govern made
every five,4.083554115062646e-05,text__everi five
calendar,4.114228379615178e-05,text__calendar
project,4.1178205036232104e-05,text__project
john kasich,4.1438025966647335e-05,text__john kasich
louisiana,4.154504768680042e-05,text__louisiana
appeared,4.156120622562451e-05,text__appear
tires,4.176275151860417e-05,text__tire
balanced budget,4.188163109439203e-05,text__balanc budget
zika,4.213141979860982e-05,text__zika
healthcare,4.214398449498099e-05,text__healthcar
every majority,4.231286119100382e-05,text__everi major
life save,4.233918258418813e-05,text__life save
sea level,4.234244957039781e-05,text__sea level
sixty percent,4.2639196361777156e-05,text__sixti percent
demographic,4.27302460589022e-05,text__demograph
teenage,4.3007399623204364e-05,text__teenag
support donald,4.314462897380958e-05,text__support donald
texas democrats,4.323035895725886e-05,text__texa democrat
lost nearly,4.3267723591772686e-05,text__lost nearli
season,4.326852988013141e-05,text__season
seven percent,4.333924508297301e-05,text__seven percent
taken money,4.341228126577893e-05,text__taken money
overhead,4.4206012030667197e-05,text__overhead
million texans,4.457452756981632e-05,text__million texan
one worst,4.4640005735041016e-05,text__one worst
iraqi,4.4676524542044766e-05,text__iraqi
seventy percent,4.4818432504341806e-05,text__seventi percent
released guantanamo,4.4832928887463414e-05,text__releas guantanamo
qualify,4.5261210184007805e-05,text__qualifi
punishment,4.528350827234459e-05,text__punish
bull,4.531596404031654e-05,text__bull
associated,4.53583277957369e-05,text__associ
jobs pay,4.540785395542776e-05,text__job pay
toll,4.5410347262905627e-05,text__toll
estimated,4.5534324005737646e-05,text__estim
office january,4.5967641028886326e-05,text__offic januari
line item,4.5984315382242375e-05,text__line item
perry texas,4.612798242239151e-05,text__perri texa
sexual orientation,4.6145191644243985e-05,text__sexual orient
orientation,4.6145191644243985e-05,text__orient
funding per,4.637669436005947e-05,text__fund per
carolina,4.668968735702051e-05,text__carolina
companies got,4.6759809412231844e-05,text__compani got
state average,4.680795472132011e-05,text__state averag
dead,4.710253448222254e-05,text__dead
date,4.7102795390968066e-05,text__date
correct,4.714382348961083e-05,text__correct
pro choice,4.720803629030905e-05,text__pro choic
ford,4.732629426719698e-05,text__ford
certainly,4.7448322322919356e-05,text__certainli
approved,4.749182935418671e-05,text__approv
gm,4.751333397439227e-05,text__gm
could save,4.790819493915131e-05,text__could save
university,4.7937206664029225e-05,text__univers
marriage equal,4.811365342549577e-05,text__marriag equal
health human,4.811466340552308e-05,text__health human
reagan administration,4.813917306060864e-05,text__reagan administr
result billion,4.8141793521519197e-05,text__result billion
detained,4.834757662341744e-05,text__detain
broken,4.835320236491152e-05,text__broken
unsafe,4.844294142415766e-05,text__unsaf
million million,4.8698069475877166e-05,text__million million
involved,4.882238359365152e-05,text__involv
hotel,4.885749015290856e-05,text__hotel
funneled million,4.8971735674262254e-05,text__funnel million
lot,4.915148842843703e-05,text__lot
sixty,4.937169072892937e-05,text__sixti
local government,4.9419432574434134e-05,text__local govern
week ago,4.9665824738221476e-05,text__week ago
christie,4.972432123587607e-05,text__christi
dream,5.004856882015447e-05,text__dream
sen,5.017385076873328e-05,text__sen
diploma,5.0186367235527134e-05,text__diploma
behind,5.0278501505600816e-05,text__behind
says connie,5.049475931028948e-05,text__say conni
sort,5.050563688198397e-05,text__sort
says scott,5.060775300090396e-05,text__say scott
trans pacific,5.0629456904935245e-05,text__tran pacif
raise campaign,5.078183438311574e-05,text__rais campaign
identification,5.0782150096789045e-05,text__identif
alone,5.0807747650651455e-05,text__alon
proposed,5.085900525858776e-05,text__propos
suzanne bonamici,5.087297133459536e-05,text__suzann bonamici
suzanne,5.087297133459536e-05,text__suzann
bonamici,5.087297133459536e-05,text__bonamici
increase,5.088672350768612e-05,text__increas
butte,5.1004878454357536e-05,text__butt
war,5.111803651196904e-05,text__war
headquarters,5.1149908067106265e-05,text__headquart
video show,5.1234004097509466e-05,text__video show
representatives voted,5.134199818044576e-05,text__repres vote
paul ryan,5.1509280418444105e-05,text__paul ryan
cases,5.1723545364611915e-05,text__case
cases rape,5.173736454151561e-05,text__case rape
tool,5.1816505989910913e-05,text__tool
wisconsin dead,5.186052091873128e-05,text__wisconsin dead
wants get,5.203662276444082e-05,text__want get
percent approved,5.203706859772861e-05,text__percent approv
recession,5.2062023500176195e-05,text__recess
interstate,5.2187769918199555e-05,text__interst
trend,5.223575942944392e-05,text__trend
new private,5.225822736319148e-05,text__new privat
says jobs,5.235610555759692e-05,text__say job
john kennedy,5.2461522771170656e-05,text__john kennedi
says support,5.247929137854576e-05,text__say support
dropped,5.2482000638068574e-05,text__drop
skills,5.286463751577062e-05,text__skill
gas companies,5.291188012213377e-05,text__ga compani
fully implemented,5.3068945801586776e-05,text__fulli implement
cbo,5.3280056828539844e-05,text__cbo
budget cut,5.3339445002654875e-05,text__budget cut
bring,5.338264680577316e-05,text__bring
measure,5.3432045191984e-05,text__measur
percent unemployment,5.3468859281360235e-05,text__percent unemploy
tribe,5.389023944202429e-05,text__tribe
federal tax,5.391296242184261e-05,text__feder tax
america,5.3999655163642795e-05,text__america
obamacare would,5.416949658854545e-05,text__obamacar would
president united,5.4346288688104974e-05,text__presid unit
state local,5.445262281116926e-05,text__state local
mcdonnell,5.445579258498017e-05,text__mcdonnel
lock,5.457889575599388e-05,text__lock
jobs jobs,5.4758886564727366e-05,text__job job
overwhelming,5.490923121110117e-05,text__overwhelm
purge,5.497387999536174e-05,text__purg
Context: a press release,5.5517313418211696e-05,context__Context_a press release
japanese,5.5529320723932204e-05,text__japanes
chemical weapons,5.608916704964655e-05,text__chemic weapon
chair,5.617616199915331e-05,text__chair
infant,5.6403233426307846e-05,text__infant
pay percent,5.647060580454631e-05,text__pay percent
Speaker's job title: consultant,5.6477842422467235e-05,job__Speaker's job title_consultant
Speaker's job title: Lieutenant governor,5.6477842422467784e-05,job__Speaker's job title_Lieutenant governor
adjusted,5.6750500804854594e-05,text__adjust
cut deal,5.686839870881285e-05,text__cut deal
screenings,5.693864620825026e-05,text__screen
congressmen,5.694869812535041e-05,text__congressmen
blow,5.695168672793089e-05,text__blow
trillion next,5.7140663600000225e-05,text__trillion next
birth,5.733317970330152e-05,text__birth
dr,5.754183360901536e-05,text__dr
government workforce,5.758885646208164e-05,text__govern workforc
balanced,5.7909067789804956e-05,text__balanc
soldiers,5.822790151889934e-05,text__soldier
would voted,5.8425160812833783e-05,text__would vote
care people,5.8427773645400857e-05,text__care peopl
ray,5.855018498467965e-05,text__ray
walk,5.855579556770329e-05,text__walk
negotiations,5.862150885798854e-05,text__negoti
says kids,5.869648698656963e-05,text__say kid
republic,5.8946297753104434e-05,text__republ
homicide,5.920543803660596e-05,text__homicid
sen ron,5.948524985456951e-05,text__sen ron
says gov,5.960271767658864e-05,text__say gov
eisenhower,5.969484208751425e-05,text__eisenhow
says jon,6.02010970923187e-05,text__say jon
jobs china,6.0264225525968375e-05,text__job china
george,6.031355763918219e-05,text__georg
state history,6.067871059350935e-05,text__state histori
th state,6.0807665348110404e-05,text__th state
suspected,6.103755178878488e-05,text__suspect
evaluates,6.128584894736603e-05,text__evalu
state america,6.160515315452706e-05,text__state america
literally,6.173625941823483e-05,text__liter
barely,6.179833129200656e-05,text__bare
put billion,6.21135811430442e-05,text__put billion
would help,6.212442068105786e-05,text__would help
advanced,6.221736820009696e-05,text__advanc
strength,6.232742397307701e-05,text__strength
evidence,6.256360212829117e-05,text__evid
ohio one,6.260971120262691e-05,text__ohio one
transportation tax,6.266322593057573e-05,text__transport tax
principles,6.27094270453257e-05,text__principl
obama attacks,6.288008187246251e-05,text__obama attack
community college,6.294281908179137e-05,text__commun colleg
truck,6.303691455972843e-05,text__truck
documented,6.306515161291757e-05,text__document
carry gun,6.314724220309892e-05,text__carri gun
agriculture,6.325456705641719e-05,text__agricultur
lyndon johnson,6.34125388097674e-05,text__lyndon johnson
lyndon,6.34125388097674e-05,text__lyndon
enacted,6.349977174392946e-05,text__enact
pork,6.35642646164168e-05,text__pork
one half,6.356426747109572e-05,text__one half
switched,6.368089147559183e-05,text__switch
thompson,6.381772339138046e-05,text__thompson
union state,6.42207384970162e-05,text__union state
bus,6.434963851230969e-05,text__bu
permanent,6.436502713708179e-05,text__perman
million last,6.442971516816428e-05,text__million last
million year,6.456582640944576e-05,text__million year
make average,6.500094283884334e-05,text__make averag
every poll,6.501363270392725e-05,text__everi poll
isnt,6.519451156575745e-05,text__isnt
nd,6.544985500916621e-05,text__nd
school,6.555910311440109e-05,text__school
representatives,6.558763758259204e-05,text__repres
toomey,6.565382602760621e-05,text__toomey
tax payroll,6.576547268703763e-05,text__tax payrol
ship,6.597981246469231e-05,text__ship
contributions,6.60982860217246e-05,text__contribut
gubernatorial,6.642231697235386e-05,text__gubernatori
democrats congress,6.645091662770241e-05,text__democrat congress
clean energy,6.649461088194521e-05,text__clean energi
health plan,6.669349756471936e-05,text__health plan
prior,6.689905923671025e-05,text__prior
"Context: comments on ""Fox News Sunday""",6.725809594631907e-05,"context__Context_comments on ""Fox News Sunday"""
safe,6.726108799838632e-05,text__safe
wisconsin governor,6.727609560321658e-05,text__wisconsin governor
pay tax,6.742928725464021e-05,text__pay tax
paycheck,6.764144272054696e-05,text__paycheck
bureaucracy,6.772138758262327e-05,text__bureaucraci
grant,6.839875985988198e-05,text__grant
lunch,6.847360214458733e-05,text__lunch
legal required,6.895483971354452e-05,text__legal requir
state public,6.89984780802604e-05,text__state public
color,6.90089692359001e-05,text__color
gov mike,6.902742978266973e-05,text__gov mike
rise,6.918956032078072e-05,text__rise
mississippi,6.944106307167706e-05,text__mississippi
happen,6.956733755307587e-05,text__happen
percent new,6.961733095979132e-05,text__percent new
gubernatorial candidate,6.974802062015638e-05,text__gubernatori candid
serious,7.028669973008615e-05,text__seriou
future,7.029703430485374e-05,text__futur
americans soldiers,7.044495136341988e-05,text__american soldier
election governor,7.057729944634265e-05,text__elect governor
spending bill,7.058514385268378e-05,text__spend bill
house would,7.083372783204162e-05,text__hous would
enemies,7.083848435040755e-05,text__enemi
going back,7.094315630898302e-05,text__go back
government program,7.101040518931015e-05,text__govern program
delegates,7.107698189588545e-05,text__deleg
reflect,7.137719963952803e-05,text__reflect
sixth highest,7.148755444248632e-05,text__sixth highest
professional,7.16738633826002e-05,text__profession
luxury,7.176825426122313e-05,text__luxuri
coverage,7.19049182806062e-05,text__coverag
Speaker's job title: Milwaukee County Executive,7.207420798000258e-05,job__Speaker's job title_Milwaukee County Executive
committed crime,7.210481844236091e-05,text__commit crime
sea,7.245336507310578e-05,text__sea
citizens,7.272173640424143e-05,text__citizen
dont take,7.276346137642064e-05,text__dont take
help,7.287068821149739e-05,text__help
republican budget,7.296266786924265e-05,text__republican budget
percent rate,7.357143678879135e-05,text__percent rate
obama election,7.357703556569391e-05,text__obama elect
gun without,7.398559596514695e-05,text__gun without
kasich,7.418560524259741e-05,text__kasich
host,7.438085505582087e-05,text__host
percent graduation,7.440738317956625e-05,text__percent graduat
troops,7.442847445074605e-05,text__troop
equal,7.453792639968172e-05,text__equal
lost million,7.477676679923782e-05,text__lost million
lead,7.482961310221595e-05,text__lead
percent every,7.483584434149845e-05,text__percent everi
oversee,7.525662863671727e-05,text__overse
first lady,7.547221499593388e-05,text__first ladi
drivers licenses,7.58086233262666e-05,text__driver licens
adam,7.586299925679214e-05,text__adam
hundreds,7.589078779122324e-05,text__hundr
error,7.603793416870272e-05,text__error
leadership,7.605523258849164e-05,text__leadership
police office,7.614857941279355e-05,text__polic offic
south carolina,7.61869988376454e-05,text__south carolina
Context: a legislative hearing,7.6204159861745e-05,context__Context_a legislative hearing
nasa,7.642441684573032e-05,text__nasa
win,7.672460882211865e-05,text__win
became law,7.684965805443003e-05,text__becam law
stood,7.69894809974381e-05,text__stood
thanks,7.704256858810059e-05,text__thank
contraception,7.710560685274198e-05,text__contracept
reduce deficit,7.721362273832015e-05,text__reduc deficit
cost billion,7.722641258587471e-05,text__cost billion
discretionary spending,7.727428792654309e-05,text__discretionari spend
explicitly,7.734551293602432e-05,text__explicitli
item,7.770364489955207e-05,text__item
thousands,7.802976925268345e-05,text__thousand
chance,7.830872671058813e-05,text__chanc
end federal,7.842655361811363e-05,text__end feder
defended,7.90035990565158e-05,text__defend
would,7.90823058761361e-05,text__would
history country,7.908333211625002e-05,text__histori countri
incest,7.91160846640128e-05,text__incest
office million,7.91960320368103e-05,text__offic million
gun purchase,7.925312275652858e-05,text__gun purchas
Subject: recreation,7.931934052158789e-05,subject__recreation
standards,7.941255678212117e-05,text__standard
surrounding,7.947866930621772e-05,text__surround
minimum,7.957594067731145e-05,text__minimum
mexico border,7.979544342430075e-05,text__mexico border
even cases,7.984719405799588e-05,text__even case
stage,7.99312181550082e-05,text__stage
election cycle,8.00238743217234e-05,text__elect cycl
last several,8.005296149457333e-05,text__last sever
large,8.006075862915991e-05,text__larg
young people,8.022960765160185e-05,text__young peopl
buffalo,8.026938133141295e-05,text__buffalo
struck,8.040210541021294e-05,text__struck
Speaker's job title: MSNBC host,8.053115394490726e-05,job__Speaker's job title_MSNBC host
dream act,8.099339518489135e-05,text__dream act
strong,8.105145350490269e-05,text__strong
says climate,8.113835472521823e-05,text__say climat
joking,8.149688486788181e-05,text__joke
pro life,8.160389544679984e-05,text__pro life
worst country,8.179761556754593e-05,text__worst countri
star,8.193405213061224e-05,text__star
members,8.212714655005239e-05,text__member
every families,8.216193298694625e-05,text__everi famili
pizza,8.231228869477316e-05,text__pizza
take credit,8.233346894640693e-05,text__take credit
bailey,8.237514449892333e-05,text__bailey
state rep,8.281255912801035e-05,text__state rep
come state,8.322703050186478e-05,text__come state
driving,8.328557570928692e-05,text__drive
clinton said,8.350452048295144e-05,text__clinton said
tax time,8.35212388120494e-05,text__tax time
lowest unemployment,8.352729554236123e-05,text__lowest unemploy
Subject: bush-administration,8.36200220674009e-05,subject__bush-administration
seems,8.41144027321406e-05,text__seem
rely,8.411448373861946e-05,text__reli
utility rate,8.43100231499575e-05,text__util rate
platform,8.43708814944525e-05,text__platform
predators,8.439912396370076e-05,text__predat
argument,8.450428927254498e-05,text__argument
fort worth,8.478300106336014e-05,text__fort worth
women health,8.479820303007616e-05,text__women health
person,8.51580925458448e-05,text__person
internet,8.535292974854476e-05,text__internet
relatively,8.548630143519475e-05,text__rel
state spending,8.571662638608032e-05,text__state spend
im,8.575264600684385e-05,text__im
hours year,8.580448205621017e-05,text__hour year
judicial,8.625702613296879e-05,text__judici
Speaker's job title: Documentary filmmaker,8.628212918022107e-05,job__Speaker's job title_Documentary filmmaker
tax country,8.634929459822469e-05,text__tax countri
library,8.638686282783447e-05,text__librari
taken,8.639893124592561e-05,text__taken
amongst,8.640784551534443e-05,text__amongst
pre existing,8.669470484880653e-05,text__pre exist
champion,8.68662889275658e-05,text__champion
means,8.687143560841027e-05,text__mean
kasim reed,8.704412616561115e-05,text__kasim reed
kasim,8.704412616561115e-05,text__kasim
according,8.709366431875163e-05,text__accord
neglected,8.712585709104361e-05,text__neglect
dont even,8.714383664050826e-05,text__dont even
adjusted inflation,8.718982870456623e-05,text__adjust inflat
one third,8.804651806669201e-05,text__one third
spent percent,8.815664719431676e-05,text__spent percent
insurance premiums,8.829942560723677e-05,text__insur premium
statement,8.864281574854088e-05,text__statement
virginia,8.882058339606063e-05,text__virginia
clinton state,8.885083128374983e-05,text__clinton state
defund plan,8.887721149948337e-05,text__defund plan
would required,8.90666704563258e-05,text__would requir
resolve,8.919172956729505e-05,text__resolv
Speaker's job title: member of Congress,8.929006437702673e-05,job__Speaker's job title_member of Congress
republican democrats,8.933828935615563e-05,text__republican democrat
surpassed,8.943935352550197e-05,text__surpass
sacrificed,8.959742786147272e-05,text__sacrif
Subject: polls,9.00460956574843e-05,subject__polls
kay,9.019649153467002e-05,text__kay
gop,9.023495365856697e-05,text__gop
county board,9.029259113336464e-05,text__counti board
hours,9.034042053588988e-05,text__hour
born,9.049468892287038e-05,text__born
funding,9.055487090045919e-05,text__fund
acres,9.080611630051247e-05,text__acr
rand paul,9.081020892419524e-05,text__rand paul
rand,9.081020892419524e-05,text__rand
president john,9.108368890456166e-05,text__presid john
house speaker,9.134816308995454e-05,text__hous speaker
would add,9.155264135085809e-05,text__would add
congress passed,9.169889785585031e-05,text__congress pass
romney,9.205318757547698e-05,text__romney
romney says,9.215878870497365e-05,text__romney say
absentee,9.225114929515632e-05,text__absente
era,9.233225324050736e-05,text__era
home,9.240551766594752e-05,text__home
private,9.243732049425351e-05,text__privat
says senate,9.251274247387222e-05,text__say senat
bill passed,9.26568758324542e-05,text__bill pass
work law,9.267462922302214e-05,text__work law
state business,9.323380366628266e-05,text__state busi
many,9.351777430400507e-05,text__mani
session,9.353256284843645e-05,text__session
rate going,9.395819009987776e-05,text__rate go
gun show,9.451306839951571e-05,text__gun show
approach,9.457165002869008e-05,text__approach
tax last,9.514840476818687e-05,text__tax last
given,9.529033937182314e-05,text__given
clinton foundation,9.53272111073186e-05,text__clinton foundat
percent since,9.543109532108759e-05,text__percent sinc
digit,9.556545005101044e-05,text__digit
rent,9.603162209074609e-05,text__rent
possible,9.64766688544731e-05,text__possibl
Subject: women,9.674206321288874e-05,subject__women
remove,9.691002041489585e-05,text__remov
Speaker's job title: Philadelphia Mayor,9.697551607119566e-05,job__Speaker's job title_Philadelphia Mayor
Speaker's job title: Financial adviser,9.697551607119566e-05,job__Speaker's job title_Financial adviser
Context: a gubernatorial debate,9.697551607119566e-05,context__Context_a gubernatorial debate
Context: a radio address,9.697551607119566e-05,context__Context_a radio address
Speaker's job title: U.S. House Representative,9.697551607119566e-05,job__Speaker's job title_U.S. House Representative
Context: debate comments,9.697551607119566e-05,context__Context_debate comments
"Context: an interview on ""Meet the Press.""",9.697551607119566e-05,"context__Context_an interview on ""Meet the Press."""
Context: a speech on the House floor.,9.697551607119566e-05,context__Context_a speech on the House floor.
Context: the third presidential debate,9.697551607119566e-05,context__Context_the third presidential debate
"Context: an interview on ""State of the Union""",9.697551607119566e-05,"context__Context_an interview on ""State of the Union"""
Speaker's job title: U.S. Secretary of Education,9.697551607119566e-05,job__Speaker's job title_U.S. Secretary of Education
"Speaker's job title: U.S. Representative, Florida District 2",9.697551607119566e-05,"job__Speaker's job title_U.S. Representative, Florida District 2"
rubio,9.767399341126853e-05,text__rubio
structural,9.769648252248603e-05,text__structur
department agriculture,9.792026229856287e-05,text__depart agricultur
one bill,9.794907178691174e-05,text__one bill
embryonic,9.814839751301934e-05,text__embryon
tourism,9.821371751345038e-05,text__tourism
dont health,9.858911590507852e-05,text__dont health
record number,9.886268727645085e-05,text__record number
civilian,9.989508029492891e-05,text__civilian
system,0.00010008086513398964,text__system
list,0.00010060233239544095,text__list
tap,0.00010077495736761221,text__tap
military budget,0.00010092121793994786,text__militari budget
line,0.00010093476557989044,text__line
federal,0.00010094349820670243,text__feder
signed obamacare,0.00010102827630713457,text__sign obamacar
advantage,0.00010106557221787052,text__advantag
pounds,0.00010108766431610849,text__pound
funding level,0.00010120153503410346,text__fund level
cheney,0.00010124702625412915,text__cheney
Speaker's job title: Governor of New Jersey,0.00010187336116872998,job__Speaker's job title_Governor of New Jersey
interest,0.0001018885186348898,text__interest
frisk,0.00010218865818997399,text__frisk
stop frisk,0.00010218865818997399,text__stop frisk
tax credit,0.00010218914449122727,text__tax credit
proper,0.00010225566178836084,text__proper
wage hours,0.00010257100605584919,text__wage hour
youve seen,0.00010264692923880666,text__youv seen
value,0.000102920734363173,text__valu
would force,0.00010299657738075814,text__would forc
would make,0.00010306550048964299,text__would make
strickland,0.00010326953188423559,text__strickland
state texas,0.00010329011963643453,text__state texa
Subject: state-budget,0.00010342054315949099,subject__state-budget
fema,0.00010357329366616572,text__fema
shown,0.00010370590931697944,text__shown
flip,0.00010379244165793494,text__flip
consent,0.00010410678174482158,text__consent
budget including,0.00010449546156010061,text__budget includ
attorney,0.00010457317864682714,text__attorney
says chris,0.00010469135536057912,text__say chri
deadly,0.00010470745345678029,text__deadli
americans flag,0.00010487767557142124,text__american flag
use federal,0.00010503747734362969,text__use feder
ohio turnpike,0.00010508718064673775,text__ohio turnpik
pay played,0.00010516217681335381,text__pay play
voted amendment,0.00010555862495930629,text__vote amend
panhandling,0.00010585948323947367,text__panhandl
funneled,0.00010628354330978258,text__funnel
interest debt,0.0001063218270681438,text__interest debt
requested,0.00010639619800843792,text__request
life expected,0.00010665816146515819,text__life expect
sunset,0.00010677182384410688,text__sunset
pilots,0.00010727891509966384,text__pilot
one first,0.00010764295943876437,text__one first
nominee,0.00010779139218229403,text__nomine
physician,0.00010801425077203758,text__physician
year college,0.00010806907636779886,text__year colleg
drug companies,0.0001081715319042259,text__drug compani
main,0.00010827392297549006,text__main
fourth,0.00010885232143788749,text__fourth
complaints,0.00010923121431887479,text__complaint
richest people,0.00010986499523015567,text__richest peopl
billion day,0.00010986849447762085,text__billion day
concerns,0.00011002827584135488,text__concern
commerce,0.00011019851930520508,text__commerc
around world,0.00011025523157679586,text__around world
every months,0.00011032815295901369,text__everi month
friendly,0.00011045720861526286,text__friendli
lee fisher,0.00011095198880994381,text__lee fisher
activity duty,0.0001110114408865944,text__activ duti
secretary clinton,0.00011119257531263354,text__secretari clinton
allocate,0.00011138938454939805,text__alloc
total,0.00011155657825998037,text__total
auto,0.0001115599142938154,text__auto
forty five,0.00011177699058457489,text__forti five
lawyer,0.00011198284625913761,text__lawyer
reproductive,0.00011198746836831655,text__reproduct
next decade,0.00011212228706879142,text__next decad
earn less,0.00011212338800161838,text__earn less
foreclosure,0.00011223117782545623,text__foreclosur
three day,0.00011224550515902847,text__three day
pac,0.00011259730994450728,text__pac
nfl,0.00011270145599772923,text__nfl
investigation,0.00011271502123424065,text__investig
election,0.00011272637607536856,text__elect
assad,0.00011280286487404756,text__assad
recall,0.00011335381532891705,text__recal
become eligible,0.00011341189263598702,text__becom elig
significantly,0.00011371503300191176,text__significantli
third,0.00011380874484032411,text__third
merit,0.0001139248727381926,text__merit
transfer,0.00011397779440416812,text__transfer
outsourcing,0.00011425878900427832,text__outsourc
chairman,0.00011438691002989766,text__chairman
male,0.0001145369357591219,text__male
special interest,0.00011504854559224896,text__special interest
film,0.00011505471774328512,text__film
jail,0.00011516904703394563,text__jail
jon corzine,0.0001156726017121072,text__jon corzin
kennedy,0.0001156982280827154,text__kennedi
read,0.00011594615224649352,text__read
almost million,0.00011609932553397091,text__almost million
refused,0.0001163229112166565,text__refus
potential,0.00011694315872719288,text__potenti
jon,0.00011703370610700761,text__jon
current,0.00011704141640325158,text__current
justice,0.00011707614204325104,text__justic
able,0.00011728977933847621,text__abl
lgbt,0.00011796561855526,text__lgbt
creator,0.00011806590371595606,text__creator
adam hasner,0.0001181080164392798,text__adam hasner
hasner,0.0001181080164392798,text__hasner
otherwise,0.0001181110704918301,text__otherwis
children born,0.00011816504612031567,text__children born
race,0.00011881515714123021,text__race
Subject: trade,0.00011909161952978015,subject__trade
row,0.00011968526274104958,text__row
pell,0.00011979444271505099,text__pell
nelson,0.00012004152069454577,text__nelson
thats,0.00012004602892835785,text__that
billion tax,0.00012007789941650149,text__billion tax
barbara buono,0.00012015974439836704,text__barbara buono
eighth,0.00012108861504561157,text__eighth
dollars year,0.00012110198247380377,text__dollar year
utility,0.00012130634328403631,text__util
existing,0.00012136963754697284,text__exist
federal debt,0.00012149035431591832,text__feder debt
Context: a guest column,0.00012164208552984006,context__Context_a guest column
percent jobs,0.00012170322245519376,text__percent job
age,0.0001219072869871684,text__age
state one,0.00012206038761384,text__state one
one highest,0.00012233344112345693,text__one highest
community,0.00012258808288859483,text__commun
sponsored,0.00012290190915388173,text__sponsor
domestic violence,0.00012296660334886427,text__domest violenc
orlando,0.00012338719617156055,text__orlando
id,0.00012350787488670854,text__id
thomas jefferson,0.00012371348237037987,text__thoma jefferson
jefferson,0.00012371348237037987,text__jefferson
hole,0.00012377144537092057,text__hole
five percent,0.00012393479369997632,text__five percent
abraham,0.0001239922457450597,text__abraham
abraham lincoln,0.0001239922457450597,text__abraham lincoln
year higher,0.00012444337032349554,text__year higher
depression,0.00012449453422823387,text__depress
dan patrick,0.00012472675494809563,text__dan patrick
year thats,0.00012498898510712194,text__year that
avoid,0.00012529238510451842,text__avoid
says year,0.00012551559607760192,text__say year
suggested,0.00012560005800596515,text__suggest
amnesty,0.00012569834275703975,text__amnesti
dozens,0.00012582862508024893,text__dozen
last three,0.0001263144416314217,text__last three
every single,0.00012653688537848814,text__everi singl
Context: a news release.,0.00012698182266389455,context__Context_a news release.
milwaukee police,0.0001269991273083127,text__milwauke polic
tuesday,0.0001275701630099319,text__tuesday
older,0.00012758140767102854,text__older
criminal record,0.00012803340635165358,text__crimin record
majority people,0.00012809012757022042,text__major peopl
state lawmakers,0.00012839195978159193,text__state lawmak
women earn,0.00012840044161030917,text__women earn
sanders,0.00012842297338255855,text__sander
etc,0.00012848503399997445,text__etc
taliban,0.00012849909804742268,text__taliban
legislation session,0.00012863037742010235,text__legisl session
work almost,0.0001289860076144379,text__work almost
added,0.00012917237547910426,text__ad
fill,0.00012976937114325912,text__fill
town,0.00012984353022635965,text__town
item vetoed,0.00013013413585750706,text__item veto
tarp,0.00013023422309796118,text__tarp
called president,0.00013046095965053424,text__call presid
democrats voted,0.00013086160843848256,text__democrat vote
cheating,0.00013102540177314,text__cheat
transportation bill,0.00013106136340095866,text__transport bill
analysis,0.00013166367027611599,text__analysi
math,0.00013206268964932586,text__math
oldest,0.00013208504641307916,text__oldest
warrant,0.0001321783956153147,text__warrant
reform,0.00013221046297619827,text__reform
percent income,0.00013267116319216012,text__percent incom
whole,0.00013271853039212316,text__whole
trump says,0.0001327765694096323,text__trump say
background,0.0001329566389148244,text__background
violations,0.00013303828928392704,text__violat
approximately,0.00013313951882490323,text__approxim
one three,0.00013316142796830624,text__one three
says average,0.00013319410753028982,text__say averag
mandatory,0.0001334359487370661,text__mandatori
pack,0.00013355093901141842,text__pack
regulatory,0.00013401742616468308,text__regulatori
filed,0.00013413547333312233,text__file
unintended,0.00013417102620010316,text__unintend
century,0.00013436440344726238,text__centuri
previous president,0.00013439406733763232,text__previou presid
nearly trillion,0.0001346749398250465,text__nearli trillion
claims,0.0001347641436445648,text__claim
says austin,0.00013486894828124366,text__say austin
played,0.00013518232105581685,text__play
highest state,0.00013518250610531507,text__highest state
state assembly,0.00013524076333024874,text__state assembl
thom tillis,0.00013555157694494557,text__thom tilli
tillis,0.00013555157694494557,text__tilli
thom,0.00013555157694494557,text__thom
bond rate,0.00013576054793748238,text__bond rate
Speaker's job title: Former Ohio governor,0.00013579970248853734,job__Speaker's job title_Former Ohio governor
obama voted,0.00013608518403565516,text__obama vote
cycle,0.0001361960221719205,text__cycl
college degree,0.000136421429099894,text__colleg degre
credit,0.00013657367606746912,text__credit
texas republican,0.00013679500808651743,text__texa republican
identify,0.00013679686212077934,text__identifi
august,0.00013696302296762925,text__august
gun law,0.00013707284508781458,text__gun law
school dropout,0.00013732564282642663,text__school dropout
partner,0.00013735380197794062,text__partner
economic stimulus,0.00013742200502096943,text__econom stimulu
state new,0.00013758741128713282,text__state new
great,0.00013822602790380673,text__great
people die,0.00013842289525461954,text__peopl die
counterparts,0.0001385770624280744,text__counterpart
says virginia,0.0001386232117668818,text__say virginia
theyve,0.00013881904704749685,text__theyv
voucher system,0.00013909738975243,text__voucher system
art,0.00013913297388212903,text__art
republican candidate,0.000139382945983159,text__republican candid
admitted,0.0001395637861386204,text__admit
basically health,0.00013977638042478834,text__basic health
Context: the second presidential debate,0.00013997886995094786,context__Context_the second presidential debate
customers,0.00014002570518474594,text__custom
enrolled,0.00014053295623802918,text__enrol
trade agreement,0.0001405993149513246,text__trade agreement
says marco,0.00014082830728321768,text__say marco
oil companies,0.00014084963448860946,text__oil compani
mccain says,0.000141699827737963,text__mccain say
funding campaign,0.00014188256495124098,text__fund campaign
virtually,0.00014195569113363422,text__virtual
honduras,0.0001419738813084899,text__hondura
corzine,0.00014216624436373283,text__corzin
per,0.0001421960718718361,text__per
mexico,0.00014288085731535438,text__mexico
great depression,0.0001437077196733888,text__great depress
care bill,0.00014391825183422504,text__care bill
president obama,0.00014395187383165343,text__presid obama
twice like,0.00014449175013965827,text__twice like
homeowners,0.00014449444184034386,text__homeown
prohibited,0.00014462967620333542,text__prohibit
resign,0.00014478612113667195,text__resign
support supreme,0.00014512824618546235,text__support suprem
cut spending,0.00014524717828176884,text__cut spend
governorship,0.00014542790770884142,text__governorship
missouri,0.00014545246949642878,text__missouri
lake,0.0001459392292655913,text__lake
school students,0.000146085348029394,text__school student
next two,0.00014636857004834186,text__next two
residents,0.0001464772120004543,text__resid
year high,0.0001466198044180301,text__year high
portland public,0.00014697886088088524,text__portland public
college university,0.00014706557820593643,text__colleg univers
individual mandate,0.00014742570475917606,text__individu mandat
paul,0.00014777060037170225,text__paul
voted republican,0.0001477838555368435,text__vote republican
victims,0.00014809860554698763,text__victim
registered voters,0.00014810877706529022,text__regist voter
school received,0.0001483081458913124,text__school receiv
chief,0.0001485375310395821,text__chief
wrong,0.0001491113839184885,text__wrong
ranks third,0.0001492101641485735,text__rank third
pregnancy,0.0001495554000909007,text__pregnanc
mcconnell,0.0001498508722636729,text__mcconnel
tax wisconsin,0.00015003922475947902,text__tax wisconsin
State: Virginia,0.00015039238589476488,state__State_Virginia
false,0.0001511008279505583,text__fals
defund,0.0001511631216887058,text__defund
share,0.00015129805134504005,text__share
chamber,0.0001513491309594308,text__chamber
revenue,0.0001514251157506869,text__revenu
save million,0.0001514325004311159,text__save million
death row,0.00015157142127070252,text__death row
dominates,0.00015168436442920978,text__domin
million acres,0.00015170347293658656,text__million acr
metropolitan,0.0001519832327952015,text__metropolitan
drilling,0.00015209467576264945,text__drill
eliminate,0.00015252992526757484,text__elimin
right choose,0.00015276060677954793,text__right choos
pipeline,0.0001528568239828691,text__pipelin
general funding,0.00015320125142599192,text__gener fund
million children,0.00015327312125249814,text__million children
hasnt,0.00015351607544175286,text__hasnt
never,0.00015357395774118763,text__never
tax holiday,0.00015372236438950722,text__tax holiday
take office,0.0001541508519603896,text__take offic
scholarship,0.0001550949827787311,text__scholarship
women act,0.00015511183785822097,text__women act
fall,0.00015520451008970635,text__fall
republican governor,0.0001554911498693487,text__republican governor
substantial,0.00015592061277283363,text__substanti
beyond,0.000156060952849998,text__beyond
somewhere,0.00015618887929199517,text__somewher
suspended,0.00015643449538255578,text__suspend
language,0.00015677602735639446,text__languag
families pay,0.00015687496365790452,text__famili pay
size entire,0.00015743802998803523,text__size entir
abuse,0.00015775716207601365,text__abus
dropout rate,0.00015785182628372322,text__dropout rate
plan give,0.0001582717164883774,text__plan give
cut wealthy,0.00015835994955191134,text__cut wealthi
state ohio,0.00015885524342884233,text__state ohio
says cut,0.0001591112274534893,text__say cut
hed,0.00015914467450159065,text__hed
paint,0.00015934904671712394,text__paint
affect,0.00015953730899716505,text__affect
slots machines,0.0001595817572643929,text__slot machin
equivalent,0.0001598893725575647,text__equival
business tax,0.0001600796755840605,text__busi tax
medicare,0.00016009221982282837,text__medicar
Subject: tourism,0.00016018435498166668,subject__tourism
crist,0.00016139851020783794,text__crist
former,0.00016152454220047752,text__former
decreased,0.0001616231144687317,text__decreas
must,0.0001617376108895415,text__must
highest level,0.00016180129997273257,text__highest level
human service,0.00016238630208254798,text__human servic
fair,0.000162643449284293,text__fair
poor people,0.00016270324011193995,text__poor peopl
factor,0.00016305072548677242,text__factor
earth,0.00016315791014246368,text__earth
caught,0.0001634733883796306,text__caught
worth americans,0.00016383165519746204,text__worth american
superintendent,0.0001638632390184513,text__superintend
incidents,0.0001641446465629272,text__incid
across america,0.0001645868357257234,text__across america
year percent,0.00016465700202289755,text__year percent
sellers,0.00016476695779746282,text__seller
says portland,0.00016482374616628718,text__say portland
state treasurer,0.0001648948103693075,text__state treasur
percent health,0.00016509537516403707,text__percent health
would let,0.0001651480200146649,text__would let
dollars state,0.00016587986936172225,text__dollar state
dollars,0.00016596063762562384,text__dollar
underfunding,0.00016598887508906805,text__underfund
widely,0.0001660602472702701,text__wide
earners,0.00016610827985277305,text__earner
mortality,0.00016612064014566536,text__mortal
lowest since,0.00016699104833272613,text__lowest sinc
masto,0.00016714260254447293,text__masto
cortez,0.00016714260254447293,text__cortez
cortez masto,0.00016714260254447293,text__cortez masto
sales tax,0.0001674709697574921,text__sale tax
czar,0.00016754198393022798,text__czar
believe,0.00016773914144736435,text__believ
based,0.00016789362016478,text__base
made,0.00016795764469546554,text__made
last decade,0.00016820719720618186,text__last decad
rate worst,0.00016826908519471998,text__rate worst
extra,0.00016867169007415725,text__extra
says oregon,0.00016874043870072515,text__say oregon
trouble,0.00017000830239243152,text__troubl
support bill,0.0001701158877649137,text__support bill
americans people,0.00017057647283613144,text__american peopl
keystone xl,0.00017081700931646302,text__keyston xl
xl,0.00017081700931646302,text__xl
rolls,0.00017103304266126651,text__roll
staff,0.0001717979191000376,text__staff
premiums,0.00017201999160938332,text__premium
new jerseyans,0.00017204010697361965,text__new jerseyan
jerseyans,0.00017204010697361965,text__jerseyan
fees,0.00017212839370140052,text__fee
took money,0.0001725474884872663,text__took money
flopped,0.00017254856573860656,text__flop
flip flopped,0.00017254856573860656,text__flip flop
year office,0.0001726209712439707,text__year offic
tv,0.00017269507534705108,text__tv
back work,0.00017276897589480473,text__back work
less half,0.0001728149247568603,text__less half
domestic,0.00017336222229661553,text__domest
poverty line,0.0001733947075520062,text__poverti line
funding percent,0.0001734303331228097,text__fund percent
retirement,0.00017368279161595669,text__retir
may,0.00017375840768985937,text__may
kelly ayotte,0.00017426260253234445,text__kelli ayott
budget increase,0.0001743132686784239,text__budget increas
early voted,0.00017471038573940815,text__earli vote
concealed weapons,0.00017479406301154434,text__conceal weapon
Context: a U.S. Senate debate,0.00017499117087516628,context__Context_a U.S. Senate debate
licenses,0.00017516790151332598,text__licens
auto industry,0.00017556229483887877,text__auto industri
state pension,0.00017619787203223636,text__state pension
percent last,0.00017639896463604221,text__percent last
inherited,0.00017711709909455238,text__inherit
drinking water,0.00017719422148065232,text__drink water
support families,0.00017791978658155048,text__support famili
violence women,0.0001779744624790537,text__violenc women
hampshire,0.00017804126360353728,text__hampshir
new hampshire,0.00017804126360353728,text__new hampshir
without,0.0001781389522048363,text__without
democracy,0.000178406742848205,text__democraci
much money,0.00017844971931128327,text__much money
assault,0.0001785393202734316,text__assault
tune,0.00017889439376379674,text__tune
residents florida,0.00017914320450992531,text__resid florida
Subject: elections,0.0001794660433845772,subject__elections
average year,0.0001797721862341053,text__averag year
still think,0.0001798903236279419,text__still think
expenditures,0.0001800165345597479,text__expenditur
raise federal,0.0001801123000413671,text__rais feder
congressional,0.00018036828451962103,text__congression
republican congress,0.00018052243642465785,text__republican congress
rate twice,0.000180654184378669,text__rate twice
failed school,0.00018067064915937812,text__fail school
kagan,0.0001808471344540812,text__kagan
precedent,0.00018107496296803057,text__preced
adopted,0.00018135130147664083,text__adopt
first term,0.0001814979888060857,text__first term
rules,0.0001819558774507887,text__rule
welfare reform,0.00018265503278474794,text__welfar reform
voted record,0.00018306562141318835,text__vote record
jet,0.00018328971695343602,text__jet
core,0.000183442630057963,text__core
tax passed,0.00018371352612211824,text__tax pass
choice program,0.0001838764288543076,text__choic program
eight year,0.0001840954688706548,text__eight year
higher rate,0.0001841023856048666,text__higher rate
syria,0.00018446458085455983,text__syria
fact,0.000184616401924645,text__fact
lack,0.000184623923007255,text__lack
texas department,0.0001847710554588662,text__texa depart
higher unemployment,0.00018490154805894475,text__higher unemploy
lowest country,0.0001850692312151753,text__lowest countri
nuclear,0.0001851697142137416,text__nuclear
pay less,0.00018532377025808647,text__pay less
overwhelming majority,0.00018541045273311107,text__overwhelm major
plant,0.00018551068226662246,text__plant
obligations,0.00018588969202381557,text__oblig
weak,0.00018637306084701624,text__weak
state law,0.00018641499895502355,text__state law
year became,0.00018652525936099207,text__year becam
mccain opposed,0.00018671873254243564,text__mccain oppos
force participation,0.0001873546285530117,text__forc particip
usa,0.0001875580173195139,text__usa
"Context: comments on CBS' ""Face the Nation""",0.00018814590843255587,"context__Context_comments on CBS' ""Face the Nation"""
percent increase,0.00018847643217048451,text__percent increas
typical,0.00018897283745222246,text__typic
people employers,0.00018905157670117586,text__peopl employ
state lose,0.00018912615450928624,text__state lose
miami dade,0.00018934949761725418,text__miami dade
wal,0.00018958009153859494,text__wal
wal mart,0.00018958009153859494,text__wal mart
mart,0.00018958009153859494,text__mart
reform plan,0.0001896305565107209,text__reform plan
voted percent,0.00018985187048682514,text__vote percent
support gun,0.0001899171766050097,text__support gun
discretionary,0.0001903840984493316,text__discretionari
flat,0.00019063238830198837,text__flat
natural,0.00019079763764031412,text__natur
bucks,0.00019079868886121525,text__buck
year including,0.00019095964649249613,text__year includ
fine,0.00019150489256954706,text__fine
city america,0.00019184347085808053,text__citi america
youth,0.00019229826865644413,text__youth
lobbied,0.00019231054595862174,text__lobbi
rape incest,0.00019231188344574833,text__rape incest
police,0.00019256869875373828,text__polic
voted two,0.00019344944398249405,text__vote two
americans die,0.0001935261054042125,text__american die
nra,0.0001935890527268752,text__nra
million kids,0.00019362451198582704,text__million kid
individual,0.00019383146251496667,text__individu
Speaker's job title: Host of MSNBC's Hardball,0.00019395103214239133,job__Speaker's job title_Host of MSNBC's Hardball
Context: a website post,0.00019395103214239133,context__Context_a website post
Context: a speech at CPAC,0.00019395103214239133,context__Context_a speech at CPAC
neighbors,0.0001945947704535326,text__neighbor
contact,0.00019470820207662822,text__contact
police department,0.00019489471074775937,text__polic depart
public land,0.00019543786440161294,text__public land
river,0.0001958691734060909,text__river
thats percent,0.0001966899690666674,text__that percent
alter,0.00019700744068187727,text__alter
taxpayers subsidies,0.00019798764169233197,text__taxpay subsidi
historic,0.00019836550737071455,text__histor
harassment,0.0001984012406012135,text__harass
use tax,0.00019871218372637635,text__use tax
stimulus,0.0001987150885592049,text__stimulu
candidate president,0.00019873166904935702,text__candid presid
wage jobs,0.0001992380135213834,text__wage job
common core,0.00019939366420864565,text__common core
ayotte,0.00019985474197220307,text__ayott
daughter,0.00020051709183038067,text__daughter
graduation four,0.0002010629536898967,text__graduat four
rate president,0.00020112823620119856,text__rate presid
Speaker's job title: Presidential candidate,0.00020116559656724995,job__Speaker's job title_Presidential candidate
music,0.00020120755745233398,text__music
aid,0.0002012351815203348,text__aid
wake,0.00020136240116977694,text__wake
work government,0.00020186020768696834,text__work govern
numerous,0.00020186453024285478,text__numer
public,0.00020199122693085982,text__public
central texas,0.00020233647816962467,text__central texa
leases,0.0002029277182713151,text__leas
says hes,0.0002029958131439839,text__say he
year million,0.00020350612732433564,text__year million
percent pay,0.0002036600859046875,text__percent pay
one person,0.00020372591365019267,text__one person
capital,0.00020423226538584459,text__capit
percent people,0.00020518433102664912,text__percent peopl
started business,0.00020523455613784272,text__start busi
would spending,0.00020539688668254558,text__would spend
visa,0.00020541996947357686,text__visa
less money,0.00020607008302468707,text__less money
trail,0.00020636209227397253,text__trail
give,0.00020658576415329133,text__give
single,0.00020672641878361153,text__singl
school choice,0.00020682098919343558,text__school choic
highest country,0.00020683689756379007,text__highest countri
technology,0.00020747227650787155,text__technolog
mitt,0.00020760816902134235,text__mitt
mitt romney,0.00020760816902134235,text__mitt romney
time greater,0.00020772642413396838,text__time greater
year weve,0.00020869819004596925,text__year weve
Subject: florida,0.00020879983368930633,subject__florida
half people,0.0002089841952620849,text__half peopl
state largest,0.00020985411056208695,text__state largest
Context: a statement.,0.0002099201440433128,context__Context_a statement.
time year,0.000210233079659735,text__time year
americans hispanic,0.0002102628048441399,text__american hispan
world percent,0.00021028199502408362,text__world percent
Subject: children,0.00021075373319027262,subject__children
money spending,0.00021082971041381485,text__money spend
nearly doubled,0.00021154435722059466,text__nearli doubl
says illegal,0.00021193313806522064,text__say illeg
turn economy,0.00021212193324390288,text__turn economi
hit,0.00021213672423667638,text__hit
alcohol,0.00021214044547660896,text__alcohol
house representatives,0.00021214243551270702,text__hous repres
support legislation,0.0002123723685729623,text__support legisl
spending increase,0.00021247912311383164,text__spend increas
abortion right,0.00021288822687507266,text__abort right
fed,0.0002129481492930451,text__fed
far,0.0002131016182680262,text__far
taylor,0.00021311657319771036,text__taylor
dont pay,0.0002132042023658627,text__dont pay
get,0.0002132063621141021,text__get
different,0.00021414689243102108,text__differ
office,0.00021417195938185787,text__offic
thousands americans,0.0002144905775702758,text__thousand american
per day,0.00021463721477933182,text__per day
fiorina,0.0002146889031641266,text__fiorina
folks,0.00021509182892103602,text__folk
top percent,0.00021530454654368407,text__top percent
texas created,0.0002153051870565848,text__texa creat
help created,0.00021586400676599363,text__help creat
overall,0.00021587253547284161,text__overal
plus,0.00021612038964909352,text__plu
campaign money,0.00021639964315063563,text__campaign money
safest,0.00021687382338489832,text__safest
authority,0.00021688639767102644,text__author
year school,0.00021716743837531548,text__year school
mcdonalds,0.00021782358912517022,text__mcdonald
recall challenger,0.00021884464463143612,text__recal challeng
year term,0.00021900471696311439,text__year term
oregon,0.00021902875056558225,text__oregon
jobs growth,0.00021933712831336314,text__job growth
Subject: income,0.0002195656709389686,subject__income
bond,0.0002196878906539605,text__bond
single year,0.00021975501276012355,text__singl year
trump support,0.00021980588483040456,text__trump support
assembly,0.00022025847853977465,text__assembl
overturning,0.00022063474217215545,text__overturn
gallup,0.00022079274935469668,text__gallup
done,0.00022171261496426578,text__done
brady,0.00022173284334432491,text__bradi
budget billion,0.0002220136491836994,text__budget billion
tax state,0.00022205456560993913,text__tax state
arrested,0.00022210150501806458,text__arrest
one six,0.00022234918661381026,text__one six
much wealth,0.00022256736340727884,text__much wealth
guidelines,0.00022304361953911592,text__guidelin
saw income,0.00022320660385368216,text__saw incom
year make,0.00022335436482342404,text__year make
surviving,0.00022336337009341712,text__surviv
says thom,0.0002241244162945775,text__say thom
ceiling,0.00022467574351020842,text__ceil
debt ceiling,0.00022467574351020842,text__debt ceil
says majority,0.00022510394919126564,text__say major
federal agency,0.00022524159941893516,text__feder agenc
would cause,0.00022549021296234514,text__would caus
hundreds thousands,0.0002256841609190842,text__hundr thousand
republican senate,0.0002264163157673062,text__republican senat
infant mortality,0.00022649615167881447,text__infant mortal
waiting list,0.0002267770730514921,text__wait list
trust,0.0002270838809362148,text__trust
right act,0.00022712264602846178,text__right act
biggest,0.00022762320315994897,text__biggest
cannot,0.0002278823186967596,text__cannot
Subject: economy,0.00022794012501991056,subject__economy
home state,0.0002279786015394733,text__home state
spread,0.00022856616320636816,text__spread
midwest,0.0002285827077032362,text__midwest
raging,0.00022875343199019188,text__rage
people poverty,0.00022880739682381397,text__peopl poverti
weapons ban,0.00022984132541097431,text__weapon ban
science technology,0.00023065099304753293,text__scienc technolog
rush hours,0.00023102993397493109,text__rush hour
workers country,0.0002310631189142063,text__worker countri
paid,0.0002315878436649125,text__paid
six percent,0.00023167877321617555,text__six percent
north americans,0.0002318642845172781,text__north american
poor,0.00023201315459761793,text__poor
every state,0.000232682502777877,text__everi state
largest city,0.0002327508606462636,text__largest citi
percent young,0.00023277738781039178,text__percent young
climate change,0.000233015112604011,text__climat chang
jobs creator,0.000233427084148504,text__job creator
struggling,0.0002334976739137946,text__struggl
poll found,0.00023371726910204144,text__poll found
woman right,0.00023376173783411924,text__woman right
suburbs,0.00023389469778076002,text__suburb
Subject: kagan-nomination,0.0002345867135019586,subject__kagan-nomination
Context: comments on CNN,0.0002345867135019586,context__Context_comments on CNN
twenty five,0.00023498489486504872,text__twenti five
anything,0.00023516307280521735,text__anyth
americans,0.00023517752059097586,text__american
government account,0.0002353671734095131,text__govern account
office state,0.0002358599856365608,text__offic state
whats,0.00023591381781724942,text__what
Subject: medicaid,0.00023620067130622894,subject__medicaid
square,0.00023633484221834353,text__squar
beach,0.0002363864531561211,text__beach
primary,0.00023640472083430702,text__primari
run,0.00023691201208555072,text__run
quality,0.00023740529380967025,text__qualiti
forty,0.00023771468354700083,text__forti
bermuda,0.0002378355506166729,text__bermuda
tax breaks,0.0002379197079502601,text__tax break
designed,0.00023793770056789235,text__design
previous year,0.00023796605737462278,text__previou year
says military,0.00023885959776398483,text__say militari
money put,0.00023957106965970192,text__money put
since great,0.0002400146803905962,text__sinc great
ranks last,0.00024003647633579227,text__rank last
whos,0.0002402138672632917,text__who
drunk,0.0002403252391038899,text__drunk
tried buy,0.00024101921960614157,text__tri buy
issue,0.00024123743689893727,text__issu
last year,0.00024162698796024665,text__last year
australia,0.00024173159800172758,text__australia
leave million,0.00024211249529230145,text__leav million
prison,0.0002422711455039103,text__prison
default,0.00024286948419607925,text__default
school close,0.00024291061939733474,text__school close
time last,0.0002436761854568292,text__time last
demand,0.0002441532051529709,text__demand
mathematically,0.00024442647097560715,text__mathemat
depend,0.0002447310296118315,text__depend
would disproportionately,0.0002449253668196581,text__would disproportion
portland,0.0002452123959376385,text__portland
restrictions,0.00024615662744469096,text__restrict
obama use,0.0002462913322264508,text__obama use
roadside,0.0002469223806739325,text__roadsid
nearly million,0.00024788156683172135,text__nearli million
urban,0.00024800814606646136,text__urban
says four,0.000248437556377933,text__say four
despite,0.0002484972189160636,text__despit
direct jobs,0.0002485234505700681,text__direct job
full time,0.0002485669502933166,text__full time
progressive,0.0002491775686302598,text__progress
range,0.00024975202997150504,text__rang
says secretary,0.0002503074650352246,text__say secretari
deadly force,0.00025128789291934116,text__deadli forc
use deadly,0.00025128789291934116,text__use deadli
leaks,0.0002517200285518433,text__leak
turnpike,0.000252441622177804,text__turnpik
republican presidential,0.0002526107243141391,text__republican presidenti
consumer percent,0.00025268708239271724,text__consum percent
repeated,0.0002532167019613006,text__repeat
commercial,0.00025326239856084733,text__commerci
affordable,0.0002538147884331135,text__afford
transportation,0.0002538240036618684,text__transport
millionaires billionaires,0.0002538505944223508,text__millionair billionair
plain,0.0002546504346649182,text__plain
could force,0.0002550481252735109,text__could forc
Subject: bipartisanship,0.00025548343217441624,subject__bipartisanship
health service,0.0002555705774983585,text__health servic
freedom,0.0002558461823193783,text__freedom
amendment would,0.0002562615994070838,text__amend would
charlie crist,0.00025695883204803085,text__charli crist
property tax,0.00025706359494793855,text__properti tax
cut half,0.0002574408362305634,text__cut half
says tim,0.0002577730968526374,text__say tim
voted bush,0.00025807900991195253,text__vote bush
speculators,0.00025813251214212884,text__specul
debt every,0.0002583098228119897,text__debt everi
murder,0.0002586298761811454,text__murder
st,0.00025891657014018993,text__st
eighty,0.00025929250855906264,text__eighti
went percent,0.0002594066208697987,text__went percent
mission,0.0002594953647571143,text__mission
provisional ballot,0.00026047458696070174,text__provision ballot
provisional,0.00026047458696070174,text__provision
country term,0.0002605718290964927,text__countri term
governor cut,0.00026140033126872324,text__governor cut
attempted,0.0002614511121772648,text__attempt
koch brothers,0.0002614848154047728,text__koch brother
income top,0.000261699060329523,text__incom top
grade,0.0002618461385335641,text__grade
Subject: space,0.0002618553495594239,subject__space
wasnt,0.0002623539415877293,text__wasnt
state country,0.00026259606523972007,text__state countri
university system,0.0002627793860262661,text__univers system
survey,0.00026310201178502855,text__survey
extra year,0.0002633049255856418,text__extra year
entire economy,0.0002633645297041736,text__entir economi
hide,0.0002634708318961181,text__hide
three decade,0.0002640027220650641,text__three decad
catherine,0.0002646921194392701,text__catherin
catherine cortez,0.0002646921194392701,text__catherin cortez
near bottom,0.00026495562212663015,text__near bottom
joint,0.00026505842544054703,text__joint
cost less,0.0002652381574321557,text__cost less
georgia one,0.00026614345700667295,text__georgia one
three people,0.0002662368560004875,text__three peopl
percent children,0.00026639825022670973,text__percent children
three four,0.0002664230802527478,text__three four
amendment,0.0002664747361746146,text__amend
americans household,0.0002679314582782368,text__american household
function,0.0002684514468028741,text__function
sales,0.00026846673787364486,text__sale
chain,0.00026860750053263826,text__chain
overseas,0.0002687874115264368,text__oversea
country higher,0.00026898329739201036,text__countri higher
americans spending,0.00026905622865513155,text__american spend
texas higher,0.0002691297889263814,text__texa higher
workers dont,0.000269332087044518,text__worker dont
still allow,0.0002693533326123351,text__still allow
says jeb,0.0002694542134067793,text__say jeb
conditions,0.0002699525075523335,text__condit
house,0.000270074921512012,text__hous
ron johnson,0.0002703162491901468,text__ron johnson
companies,0.00027052217912525324,text__compani
tell,0.0002712501036308756,text__tell
"Context: comments on NBC's ""Meet the Press""",0.0002715994049770747,"context__Context_comments on NBC's ""Meet the Press"""
obamacare could,0.0002717500056867287,text__obamacar could
average,0.00027181897566331046,text__averag
industry national,0.0002721738655294496,text__industri nation
pell grant,0.00027255269305594083,text__pell grant
would prevent,0.0002727259081740766,text__would prevent
covered cost,0.0002732218314034261,text__cover cost
state senate,0.0002737317010418465,text__state senat
weve created,0.0002740068187340835,text__weve creat
weve seen,0.0002741990942276385,text__weve seen
post,0.0002742368702922142,text__post
count,0.00027467914553187806,text__count
missile,0.00027631269362208546,text__missil
created net,0.00027637529131294646,text__creat net
lenders,0.00027649616246012233,text__lender
russia,0.0002765509253853967,text__russia
nearly percent,0.00027750476748789055,text__nearli percent
workforce,0.00027755224672532667,text__workforc
one lowest,0.0002777340109849792,text__one lowest
madison,0.00027781472900221746,text__madison
without background,0.0002778187893412796,text__without background
put forward,0.0002778339220307446,text__put forward
think,0.00027789689597965605,text__think
highly,0.0002779416420835382,text__highli
current state,0.00027796063609306017,text__current state
subcommittee,0.0002783533267249719,text__subcommitte
scholarship program,0.00027921463383262843,text__scholarship program
mccain said,0.00027961752666526816,text__mccain said
budget bill,0.00028031500252300557,text__budget bill
romney flip,0.00028058608663914707,text__romney flip
lost manufacturing,0.0002807425410000058,text__lost manufactur
make less,0.0002817560462155589,text__make less
percent americans,0.0002824985276041726,text__percent american
regime,0.0002828862979535817,text__regim
failure,0.0002839161262271573,text__failur
medicare pay,0.000284407394778013,text__medicar pay
medicare medicaid,0.00028446031954166087,text__medicar medicaid
Speaker's job title: Attorney General,0.00028460935745553025,job__Speaker's job title_Attorney General
net new,0.0002855298915249207,text__net new
year ago,0.00028553867691190696,text__year ago
decade ago,0.00028564529090602107,text__decad ago
today new,0.0002860614824751313,text__today new
permission,0.0002861122915514297,text__permiss
coal,0.0002863204388478341,text__coal
election democrats,0.0002868821386341737,text__elect democrat
spending million,0.00028699957724701865,text__spend million
second largest,0.0002873734302439399,text__second largest
parents,0.0002878617554688062,text__parent
duty,0.0002878993989967619,text__duti
massive,0.0002881450736553378,text__massiv
invaded iraq,0.00028844502138073314,text__invad iraq
quote,0.0002888064435208618,text__quot
started,0.0002889490013113322,text__start
drug program,0.00028948866002997573,text__drug program
would eliminate,0.00028948921235927565,text__would elimin
debt doubled,0.00028970240369760136,text__debt doubl
medical marijuana,0.0002898149560701178,text__medic marijuana
remain,0.0002902216007405718,text__remain
cost much,0.00029044852922962124,text__cost much
use taxpayers,0.0002906013596719865,text__use taxpay
children health,0.00029085162866965465,text__children health
Context: an advertisement,0.00029092654821358276,context__Context_an advertisement
State: Missouri,0.0002913602995071599,state__State_Missouri
support immigration,0.0002918829642800189,text__support immigr
suicide,0.000292505973906709,text__suicid
temporary,0.00029279434804577653,text__temporari
public sector,0.0002929705212712066,text__public sector
median,0.0002931652046288701,text__median
practice,0.0002932224111668707,text__practic
troops afghanistan,0.0002943424782019196,text__troop afghanistan
conversation,0.0002953088885928552,text__convers
Context: a press statement,0.0002953294452589672,context__Context_a press statement
Speaker's job title: U.S. Health and Human Services Secretary,0.0002953294452589672,job__Speaker's job title_U.S. Health and Human Services Secretary
Context: a speech in the Ohio Senate,0.0002953294452589672,context__Context_a speech in the Ohio Senate
Context: a presentation,0.0002953294452589672,context__Context_a presentation
"Context: a speech in Washington, D.C.",0.0002953294452589672,"context__Context_a speech in Washington, D.C."
Context: a speech at the Republican National Convention in Cleveland,0.0002953294452589672,context__Context_a speech at the Republican National Convention in Cleveland
tax spending,0.0002955772472554459,text__tax spend
war crime,0.0002957926894017468,text__war crime
carry,0.00029633452853299074,text__carri
doesnt guarantee,0.00029687831686466513,text__doesnt guarante
fertile,0.00029710108364424564,text__fertil
time history,0.00029741579475975723,text__time histori
promised,0.0002975407845418983,text__promis
bankruptcy,0.0002979868786225321,text__bankruptci
ninety percent,0.000298034155654244,text__nineti percent
allen voted,0.00029813744523443745,text__allen vote
nearly one,0.00029861141617086383,text__nearli one
press,0.00029954383006318425,text__press
bush tax,0.0002995687592875443,text__bush tax
since hes,0.0002998717335581633,text__sinc he
gov chris,0.00030137097772217814,text__gov chri
republican voted,0.0003050355771100995,text__republican vote
piece,0.00030577784600105195,text__piec
girls,0.00030625963053165404,text__girl
general assembly,0.0003064124735544359,text__gener assembl
tragedies,0.00030712456975566537,text__tragedi
jumped,0.00030719791214377907,text__jump
expand background,0.00030827316627406724,text__expand background
first year,0.0003086932072791319,text__first year
chinese,0.00030892160975086854,text__chines
built,0.00030894122839971366,text__built
dade,0.0003120604167547953,text__dade
among,0.0003125970791891969,text__among
economic recovery,0.0003131778900481398,text__econom recoveri
rate percent,0.00031319278006893616,text__rate percent
value home,0.000313513597112137,text__valu home
republican party,0.00031357961023095054,text__republican parti
seven state,0.0003138938955151239,text__seven state
presidential election,0.0003144147460817473,text__presidenti elect
contracts,0.0003145225877651065,text__contract
year state,0.00031482378689698555,text__year state
says mccain,0.0003149222340261218,text__say mccain
tommy,0.00031500509548755665,text__tommi
tommy thompson,0.00031500509548755665,text__tommi thompson
nearly two,0.00031513506597818263,text__nearli two
vet,0.00031576302092650623,text__vet
indiana,0.00031587902981293053,text__indiana
senate clinton,0.0003159318820104064,text__senat clinton
illegal immigration,0.00031623459155970306,text__illeg immigr
ninety,0.0003172964056857835,text__nineti
donald,0.0003185695665985731,text__donald
sooner,0.00031870596439125416,text__sooner
violent crime,0.0003187060087734057,text__violent crime
rick santorum,0.0003189174907356391,text__rick santorum
slash,0.0003194946118785938,text__slash
grand,0.00031988653699504584,text__grand
year business,0.0003201077895571759,text__year busi
one five,0.00032021799506580403,text__one five
fight,0.0003207302112162216,text__fight
perhaps,0.0003207997741312931,text__perhap
mid,0.00032081482087879283,text__mid
undocumented workers,0.0003213592612015741,text__undocu worker
child,0.0003218778504177656,text__child
Subject: gays-and-lesbians,0.00032242005194761474,subject__gays-and-lesbians
state get,0.0003224802154860682,text__state get
subsidies,0.00032264588007792887,text__subsidi
cleveland,0.00032272407225086765,text__cleveland
popular voted,0.000323165090097072,text__popular vote
around,0.000323885682644991,text__around
net worth,0.0003247454953835052,text__net worth
gov nathan,0.000325158128921311,text__gov nathan
make year,0.00032556290706607725,text__make year
property,0.00032574039787323336,text__properti
ayotte voted,0.0003261557219568295,text__ayott vote
county executive,0.00032680585739500786,text__counti execut
liberty,0.0003275577892876418,text__liberti
senate race,0.00032809232598657784,text__senat race
year budget,0.0003281850889991788,text__year budget
sick,0.00032890126732794243,text__sick
income growth,0.00032951202294786443,text__incom growth
rate since,0.0003296671350636957,text__rate sinc
obama percent,0.0003298566256326967,text__obama percent
country like,0.0003299678380690788,text__countri like
africa,0.0003300014898966434,text__africa
year paid,0.00033038548699321544,text__year paid
million deficit,0.00033097948668183244,text__million deficit
voted defund,0.00033108090081058377,text__vote defund
began,0.0003313644547048704,text__began
short,0.0003327273242580779,text__short
sixth,0.0003332872368264827,text__sixth
statehouse,0.00033340721900115177,text__statehous
city atlanta,0.0003335868381173063,text__citi atlanta
percent hispanic,0.00033484255987996456,text__percent hispan
influence,0.00033494429976141024,text__influenc
smallest,0.00033519470530311233,text__smallest
drunk driving,0.0003352802419127983,text__drunk drive
seen,0.00033678937397752564,text__seen
worse,0.00033792573726574253,text__wors
taxation,0.00033867788429050807,text__taxat
gun violence,0.0003386843172284226,text__gun violenc
members congress,0.0003391421051484582,text__member congress
tens million,0.0003394016808845649,text__ten million
people moved,0.00033956333130770233,text__peopl move
general election,0.0003405052680750386,text__gener elect
religious,0.00034059287238253396,text__religi
district,0.0003422232022377079,text__district
gun background,0.00034260293561907506,text__gun background
poland,0.000343020943860486,text__poland
says people,0.00034337382979127395,text__say peopl
pink,0.000343393631212831,text__pink
cut tax,0.00034448494748770287,text__cut tax
black children,0.00034461237664329874,text__black children
award,0.000344674606494046,text__award
apprehended,0.00034532600182013185,text__apprehend
manufacturing,0.00034532617387128143,text__manufactur
since recovery,0.00034576867482922927,text__sinc recoveri
says proposed,0.00034587386669594875,text__say propos
rate entire,0.00034663234983972927,text__rate entir
name,0.00034848766421474573,text__name
almost billion,0.00034906496936123544,text__almost billion
know,0.0003491983828161348,text__know
forward,0.00034957509940500205,text__forward
yet,0.0003499438671719035,text__yet
related,0.0003500000544442718,text__relat
anytime,0.00035018511120916745,text__anytim
vetoed,0.0003503114838816432,text__veto
santorum,0.00035076543319371924,text__santorum
pension funding,0.000351313336426482,text__pension fund
period,0.00035134337719941195,text__period
within,0.0003523628492062201,text__within
Speaker's job title: Small business owner,0.00035251707059168115,job__Speaker's job title_Small business owner
sell,0.00035383978042881163,text__sell
city,0.0003539833623694317,text__citi
system country,0.0003540565027596732,text__system countri
next,0.00035460361507051833,text__next
system one,0.0003550944734103656,text__system one
overwhelmingly,0.00035553265522995,text__overwhelmingli
mass shootings,0.0003560745242891553,text__mass shoot
trump,0.00035683299929150313,text__trump
annual,0.0003586429556369332,text__annual
dewine,0.0003595686325667941,text__dewin
stevens,0.0003601292528576344,text__steven
percent gdp,0.000360613556326229,text__percent gdp
dollars spent,0.00036062701353617595,text__dollar spent
harvard,0.0003609310906171587,text__harvard
dividend,0.0003617167995405577,text__dividend
moved texas,0.00036189214872064214,text__move texa
werent,0.00036248227805964363,text__werent
second highest,0.00036298355334237045,text__second highest
percent federal,0.00036309286845561143,text__percent feder
law says,0.00036336241659818476,text__law say
voters turnout,0.0003639974313694088,text__voter turnout
puerto,0.00036434337344127475,text__puerto
puerto rico,0.00036434337344127475,text__puerto rico
rico,0.00036434337344127475,text__rico
percent gun,0.0003649403276360383,text__percent gun
fifth,0.0003650948357144528,text__fifth
sports,0.0003657651118280666,text__sport
delivered billion,0.0003664120387205797,text__deliv billion
says paul,0.0003677400985668283,text__say paul
two decade,0.0003682500534752333,text__two decad
iron ore,0.0003692497272319575,text__iron ore
ore mine,0.0003692497272319575,text__ore mine
Subject: unions,0.0003694504387295414,subject__unions
havent,0.00036953739259283554,text__havent
youre like,0.00036989767326448263,text__your like
public university,0.00037017395084403205,text__public univers
past year,0.0003704203322316926,text__past year
courage,0.00037051307534271855,text__courag
colleagues,0.00037110234698937663,text__colleagu
failed,0.00037173832693776374,text__fail
year federal,0.00037387051135084567,text__year feder
Speaker's job title: Columnist for the New York Times,0.00037629181686511175,job__Speaker's job title_Columnist for the New York Times
make decision,0.0003763795768486655,text__make decis
says federal,0.0003772321776233035,text__say feder
turn,0.0003777049320440409,text__turn
photo id,0.0003780113065344504,text__photo id
libya,0.0003785824896313743,text__libya
gallon,0.0003800056299875821,text__gallon
twice many,0.0003816574474803403,text__twice mani
federal income,0.0003820383596383539,text__feder incom
Party: journalist,0.0003822044958396989,party__Party_journalist
assault weapons,0.0003822897230317033,text__assault weapon
lemieux,0.0003824215773715635,text__lemieux
george lemieux,0.0003824215773715635,text__georg lemieux
people actually,0.0003826584697067335,text__peopl actual
donald trump,0.000382993102955173,text__donald trump
bags,0.0003835193313796609,text__bag
sanders voted,0.00038388764283658417,text__sander vote
transit,0.0003844798194945606,text__transit
rate enrolled,0.00038471554648727903,text__rate enrol
cooper,0.0003852713980117378,text__cooper
behalf,0.0003853955630649545,text__behalf
mess,0.0003857251137876417,text__mess
public education,0.00038593727344402316,text__public educ
missed,0.000386455128277924,text__miss
two three,0.0003872275844997983,text__two three
says david,0.0003876380869292257,text__say david
stadium,0.00038810722078259696,text__stadium
minority,0.0003900286663581062,text__minor
else,0.0003901779385550139,text__els
twenty,0.0003906239043882135,text__twenti
household,0.0003907662261926803,text__household
university students,0.0003911494841922082,text__univers student
fox,0.0003912407531936933,text__fox
incarceration,0.0003912488721659852,text__incarcer
faster rate,0.0003912937326562169,text__faster rate
anywhere else,0.00039157250360208513,text__anywher els
spending next,0.0003920368475612957,text__spend next
slavery,0.00039252021542495114,text__slaveri
weapons mass,0.00039287481949475605,text__weapon mass
mass destruction,0.00039287481949475605,text__mass destruct
fracking,0.0003928770690517411,text__frack
three week,0.0003930470485634867,text__three week
mortgage,0.0003939730757020311,text__mortgag
Context: an ad,0.0003941164562723885,context__Context_an ad
capacity,0.00039544256477608953,text__capac
eighty percent,0.0003954660605685827,text__eighti percent
phone called,0.0003957412558077255,text__phone call
added jobs,0.0003963579174744404,text__ad job
marijuana,0.00039681825792215424,text__marijuana
also,0.0003969226368548875,text__also
three months,0.00039732516566737036,text__three month
kids,0.0003990265995599902,text__kid
country,0.000400983062802778,text__countri
one million,0.0004010270215482611,text__one million
middle income,0.0004011459715038039,text__middl incom
new government,0.0004022134501597033,text__new govern
attracted,0.000402600989198281,text__attract
says national,0.00040282310406763257,text__say nation
Context: a news release,0.00040336646678686003,context__Context_a news release
average families,0.00040444695646995764,text__averag famili
solely,0.0004050857393102148,text__sole
college graduation,0.0004053227313861037,text__colleg graduat
college students,0.00040591903127875365,text__colleg student
reagan raise,0.00040635381078163625,text__reagan rais
obama declared,0.00040697906021267157,text__obama declar
original,0.000407093738640028,text__origin
jobs months,0.000407290292573189,text__job month
Context: a news conference.,0.000407399107465612,context__Context_a news conference.
applicants,0.00040764827981854386,text__applic
across country,0.0004080254849785849,text__across countri
percent budget,0.0004082754942772068,text__percent budget
best,0.0004096337771374626,text__best
state since,0.00040974402688752495,text__state sinc
johnson,0.0004099296135060331,text__johnson
dropout,0.0004101298412431541,text__dropout
funding education,0.0004124436332636575,text__fund educ
reproductive health,0.0004140073385975605,text__reproduct health
jobs,0.0004141726764437859,text__job
labeled,0.0004150996795228763,text__label
gains tax,0.00041578233292162035,text__gain tax
capital gains,0.00041578233292162035,text__capit gain
bought,0.0004160988789555209,text__bought
six months,0.00041623904788966846,text__six month
support gay,0.0004162644406186393,text__support gay
petition,0.0004171505840484077,text__petit
budget office,0.00041791141033931995,text__budget offic
congressional budget,0.00041791141033931995,text__congression budget
gasoline,0.0004182112041671159,text__gasolin
tax burden,0.0004182478164803456,text__tax burden
indicted,0.0004187749189312888,text__indict
mistake,0.00041945107513048706,text__mistak
wiped,0.0004196927720505517,text__wipe
pace,0.00041982140862591963,text__pace
advocated,0.000421191726942138,text__advoc
country world,0.00042138334777990465,text__countri world
year half,0.0004225431609506308,text__year half
electric bill,0.0004233055594468461,text__electr bill
rate country,0.00042422958504543515,text__rate countri
dropped percent,0.0004248174922354482,text__drop percent
proud,0.00042482937488529186,text__proud
became governor,0.0004267107292403035,text__becam governor
february,0.00042716920238589193,text__februari
central,0.000427352963249447,text__central
state tax,0.000428917555318797,text__state tax
one voted,0.0004293971326649401,text__one vote
says work,0.00043002913492372975,text__say work
something,0.0004306734879745853,text__someth
tax millionaires,0.0004319691532213643,text__tax millionair
speed,0.0004319758932596104,text__speed
use verify,0.00043199445028907734,text__use verifi
says opponent,0.00043204486404519875,text__say oppon
State: Massachusetts,0.00043259287495084857,state__State_Massachusetts
Context: an e-mail message,0.00043294064268973014,context__Context_an e-mail message
Party: business-leader,0.00043294064268973014,party__Party_business-leader
ultimately,0.00043314731458840507,text__ultim
says students,0.00043438957080172384,text__say student
committed suicide,0.0004344917700247317,text__commit suicid
concealed,0.00043568526872506244,text__conceal
uber,0.00043580590357011136,text__uber
spot,0.0004363753152133862,text__spot
assets,0.0004414707719403392,text__asset
anywhere,0.0004421425887862853,text__anywher
Party: labor-leader,0.00044220557402501685,party__Party_labor-leader
concluded,0.0004450191838610523,text__conclud
save created,0.00044514259745991573,text__save creat
young girls,0.0004453418886640121,text__young girl
romney said,0.0004476278847010589,text__romney said
carly,0.0004476755356753076,text__carli
carly fiorina,0.0004476755356753076,text__carli fiorina
fraud,0.0004481915169064502,text__fraud
owned gun,0.00044854622702418127,text__own gun
general,0.0004500503604645114,text__gener
poorest,0.000450141262294259,text__poorest
percent average,0.00045029964690684887,text__percent averag
regulations abortion,0.00045049345121676415,text__regul abort
catholic,0.00045132391534942007,text__cathol
soar,0.00045220861868937204,text__soar
Context: a campaign commercial,0.00045245278726143036,context__Context_a campaign commercial
iraq,0.00045327787669427466,text__iraq
Context: a letter.,0.00045371199889918085,context__Context_a letter.
Speaker's job title: Former legislator and U.S. House member,0.00045371199889918085,job__Speaker's job title_Former legislator and U.S. House member
quarter,0.00045399829038268876,text__quarter
scott brown,0.0004541168779240122,text__scott brown
low,0.00045516649894833427,text__low
golf,0.0004555491522892962,text__golf
income earners,0.000456454778587159,text__incom earner
mike pence,0.000457193550911277,text__mike penc
additional,0.0004591926610058247,text__addit
scores,0.0004608883027446827,text__score
Context: a television interview,0.0004621530780827727,context__Context_a television interview
pledge,0.0004631273017021962,text__pledg
capita,0.0004632863161238394,text__capita
per capita,0.0004632863161238394,text__per capita
senate,0.0004638655493323196,text__senat
deposit,0.0004639175917354742,text__deposit
wealthy,0.00046437928558102563,text__wealthi
code,0.0004648852498774579,text__code
china,0.00046636211045796206,text__china
deficit,0.000466718894333494,text__deficit
gas tax,0.00046715304662145723,text__ga tax
Context: an interview,0.00046821650538161506,context__Context_an interview
says tax,0.0004683795659521014,text__say tax
town hall,0.00046868116463767077,text__town hall
hall meet,0.00046868116463767077,text__hall meet
new mexico,0.0004686854268023762,text__new mexico
Context: a speech at the Republican convention,0.0004691734270039172,context__Context_a speech at the Republican convention
Speaker's job title: Wisconsin Assembly speaker,0.0004691734270039172,job__Speaker's job title_Wisconsin Assembly speaker
tax tax,0.0004695065380710404,text__tax tax
highest national,0.0004695380335176371,text__highest nation
georgians,0.00047024296844641275,text__georgian
passed one,0.00047079441318770494,text__pass one
drinking,0.00047286825937242603,text__drink
raise tax,0.0004729881091611802,text__rais tax
steve,0.0004729902397684028,text__steve
state wisconsin,0.00047319014743089775,text__state wisconsin
waiting,0.00047401009659051344,text__wait
rd,0.0004750591950564442,text__rd
says romney,0.0004750705482897621,text__say romney
one man,0.000475639872138865,text__one man
efforts,0.0004772546332766188,text__effort
mental health,0.00047841195125149954,text__mental health
volunteer,0.00048139799663836336,text__volunt
close,0.0004814801538360757,text__close
poverty rate,0.00048522479251918713,text__poverti rate
americans dont,0.000486275362814061,text__american dont
department,0.0004880311886416032,text__depart
camera,0.0004888060510642374,text__camera
Subject: financial-regulation,0.0004889739614909594,subject__financial-regulation
compared,0.0004892569762859766,text__compar
immediately,0.0004903858655484381,text__immedi
raise debt,0.0004906944583330828,text__rais debt
lifetime,0.0004913647657612915,text__lifetim
occurred,0.0004915258006598451,text__occur
hard,0.0004944699636845781,text__hard
iran,0.0004956623808481803,text__iran
right work,0.000495675970875785,text__right work
led national,0.0004958264136701113,text__led nation
point,0.0004963832766041869,text__point
live poverty,0.0004998935720893438,text__live poverti
tape,0.0005007562574359895,text__tape
payday loan,0.0005012952949915528,text__payday loan
Subject: county-budget,0.0005046405832861544,subject__county-budget
provide million,0.0005046730725927053,text__provid million
firearms,0.0005059816852399358,text__firearm
says republican,0.0005080429245484299,text__say republican
force,0.0005101114370351515,text__forc
population,0.0005119302454299731,text__popul
plastic,0.0005126947551496011,text__plastic
reduce number,0.0005128552924634772,text__reduc number
fox news,0.0005135330239484281,text__fox news
tax cut,0.0005140396946753164,text__tax cut
koch,0.0005141875161065412,text__koch
dead last,0.0005151035747920519,text__dead last
change law,0.000516849058425683,text__chang law
offshore drilling,0.0005172578877815226,text__offshor drill
bar,0.0005175377688236413,text__bar
court justice,0.0005185023462974416,text__court justic
graduation college,0.0005185971962209887,text__graduat colleg
people health,0.0005190955903978568,text__peopl health
law,0.0005197600686838793,text__law
keystone,0.0005197902942327123,text__keyston
bill nelson,0.000519863658931748,text__bill nelson
born today,0.0005200464682239509,text__born today
roughly percent,0.0005209326176560786,text__roughli percent
says percent,0.0005214426961965444,text__say percent
amount,0.0005215020255693011,text__amount
mind,0.0005215337400552526,text__mind
abc,0.0005221188284660978,text__abc
much,0.0005225345423895929,text__much
fbi,0.0005227706056132204,text__fbi
Context: a Web video,0.0005237106991188478,context__Context_a Web video
Context: a tweet,0.0005250017097632397,context__Context_a tweet
undocumented,0.0005263091421932876,text__undocu
eric,0.0005263936730555855,text__eric
violent criminal,0.0005283669718550994,text__violent crimin
owe,0.0005285434793391856,text__owe
considerably,0.0005294092086562042,text__consider
lower,0.0005295861363191859,text__lower
texas highest,0.0005305165415600911,text__texa highest
nearly,0.000531047865654031,text__nearli
lowest,0.0005320275495889508,text__lowest
Context: a radio ad,0.0005337801859179584,context__Context_a radio ad
fastest growing,0.0005350465148798288,text__fastest grow
led,0.0005351948616700964,text__led
three year,0.0005362788605278022,text__three year
plummeted,0.0005363136258188702,text__plummet
officials,0.0005366137059184982,text__offici
buono,0.0005430542182328441,text__buono
nobody,0.0005432338761947803,text__nobodi
risen percent,0.0005436510016520001,text__risen percent
among state,0.0005443399897629363,text__among state
credit card,0.0005445958020731438,text__credit card
ethanol,0.0005468069483775686,text__ethanol
wants going,0.0005469006190415922,text__want go
Speaker's job title: Madison school board member,0.0005471544518605459,job__Speaker's job title_Madison school board member
students today,0.0005472853084631222,text__student today
dog,0.0005487589333168062,text__dog
full,0.0005488199988182451,text__full
every,0.0005494641668534871,text__everi
instances,0.0005495970565725629,text__instanc
automobile,0.0005507799065637823,text__automobil
clinton,0.0005510502707738391,text__clinton
two months,0.0005538687422260228,text__two month
democrats health,0.000556439567475222,text__democrat health
fiscal,0.0005565830895215468,text__fiscal
outlaw,0.0005593044345016618,text__outlaw
jobs loss,0.0005615900521258482,text__job loss
Context: a video posted on YouTube,0.0005622495656087397,context__Context_a video posted on YouTube
Context: a campaign speech,0.0005633396369913622,context__Context_a campaign speech
Context: a speech on the Senate floor,0.0005634421479220275,context__Context_a speech on the Senate floor
"Context: an interview on CBS' ""Face the Nation""",0.0005666566268712979,"context__Context_an interview on CBS' ""Face the Nation"""
crime rate,0.0005668160787560135,text__crime rate
pill,0.000567612052190581,text__pill
largest,0.0005682955604522542,text__largest
world,0.0005685782011465723,text__world
proposed tax,0.0005711646421035071,text__propos tax
unconstitutional,0.0005716616102696178,text__unconstitut
ahead,0.0005727536476554467,text__ahead
jobs today,0.0005739736724163585,text__job today
rate year,0.0005751052760986704,text__rate year
four time,0.0005757612522655578,text__four time
near,0.0005764152864113606,text__near
hes,0.000578656118719541,text__he
spending tax,0.0005796664306561099,text__spend tax
introduced bill,0.0005804916617194694,text__introduc bill
Context: a presidential debate,0.0005818530964271655,context__Context_a presidential debate
development country,0.0005821307327081026,text__develop countri
jobs created,0.0005827539925479234,text__job creat
Context: a press conference.,0.0005855621051842366,context__Context_a press conference.
Speaker's job title: Assemblywoman,0.0005855621051842366,job__Speaker's job title_Assemblywoman
cruz,0.0005873461444451014,text__cruz
share national,0.0005884714077245533,text__share nation
seven,0.0005906332449674795,text__seven
"Speaker's job title: Chief Executive Officer, Points of Light Foundation",0.0005906588905179344,"job__Speaker's job title_Chief Executive Officer, Points of Light Foundation"
Speaker's job title: 8th District congressional candidate,0.0005906588905179344,job__Speaker's job title_8th District congressional candidate
percent voted,0.0005950702117784016,text__percent vote
oil product,0.0005963310763577708,text__oil product
loan,0.0005976359071824887,text__loan
institutions,0.000598716078818121,text__institut
Context: an op-ed,0.0005997197221429324,context__Context_an op-ed
exceeded,0.0006017796525403166,text__exceed
enough,0.0006021460006808798,text__enough
access health,0.000602883588385346,text__access health
oil gas,0.0006039073894870971,text__oil ga
ted cruz,0.0006059923769621144,text__ted cruz
nelson voted,0.0006074527457038525,text__nelson vote
uninsured,0.0006074759510575007,text__uninsur
conference,0.0006078534900063212,text__confer
virtually every,0.000608917104006382,text__virtual everi
surpluses,0.0006106498493483834,text__surplus
quite,0.0006109800428653643,text__quit
aimed,0.0006119645064270599,text__aim
superior,0.0006128594071221079,text__superior
metro,0.0006137742942789204,text__metro
americans percent,0.0006154025054693154,text__american percent
cut,0.0006167694220341061,text__cut
soon,0.0006176166198448097,text__soon
memphis,0.0006220782388121421,text__memphi
hispanic,0.0006239362892124677,text__hispan
sharia law,0.0006245443324888235,text__sharia law
could,0.0006264794115774758,text__could
strategy,0.0006268100883884237,text__strategi
republican,0.0006284161460217664,text__republican
recent,0.0006293685344314418,text__recent
abiding,0.0006304249673292084,text__abid
gdp,0.0006311891312604837,text__gdp
fiscal year,0.0006312601718962012,text__fiscal year
Speaker's job title: Lieutenant governor-elect,0.0006314294364579975,job__Speaker's job title_Lieutenant governor-elect
americans history,0.0006327169661054773,text__american histori
nine,0.000633187193545437,text__nine
bottom,0.000637645901031121,text__bottom
per week,0.0006376565969370757,text__per week
self,0.0006376900596606617,text__self
plastic bags,0.0006391092663811682,text__plastic bag
Context: a commentary in The Providence Journal,0.0006399920294352232,context__Context_a commentary in The Providence Journal
care plan,0.000642810824469806,text__care plan
medical,0.0006453746786626228,text__medic
Subject: food-safety,0.0006482612330070854,subject__food-safety
oversight,0.0006483101722655119,text__oversight
says john,0.0006521728617829201,text__say john
eight,0.0006525214705078173,text__eight
space,0.0006567142160027896,text__space
percent democrats,0.000659578144883624,text__percent democrat
Subject: job-accomplishments,0.000660055045194984,subject__job-accomplishments
loss,0.0006619672295541698,text__loss
school district,0.0006651302523946519,text__school district
medicare prescription,0.0006665908370785479,text__medicar prescript
says state,0.0006671291231305261,text__say state
fastest,0.0006692405038751574,text__fastest
history,0.0006708668413606734,text__histori
said,0.0006714434499846193,text__said
send,0.0006742078667640297,text__send
government,0.00067481950785653,text__govern
combined,0.0006760567918076276,text__combin
billion worth,0.0006769472519112436,text__billion worth
Subject: transportation,0.0006819424224218229,subject__transportation
buried,0.0006843222861656103,text__buri
ago,0.0006858969763174055,text__ago
line pocket,0.0006861843525995197,text__line pocket
unemployment insurance,0.0006894609027242216,text__unemploy insur
ranks,0.0006902574037345824,text__rank
collective,0.0006922945170946393,text__collect
gov scott,0.0006935623663166901,text__gov scott
half million,0.0006940341178365985,text__half million
billion cost,0.000694259851844927,text__billion cost
labor force,0.0006945646939274582,text__labor forc
fortune,0.0006961598073608518,text__fortun
ted kennedy,0.0006963944050264772,text__ted kennedi
burden,0.0006966896660921848,text__burden
violence,0.0006983000371483123,text__violenc
Context: a newspaper commentary,0.0006985067331563538,context__Context_a newspaper commentary
Party: county-commissioner,0.0006985067331563538,party__Party_county-commissioner
Party: government-body,0.0006985067331563538,party__Party_government-body
Speaker's job title: gubernatorial candidate,0.0006985067331563552,job__Speaker's job title_gubernatorial candidate
Context: an op-ed article,0.0006985067331563552,context__Context_an op-ed article
Context: news release,0.0006985067331563552,context__Context_news release
"Speaker's job title: Co-host of CNN's ""Crossfire""",0.0006985067331563552,"job__Speaker's job title_Co-host of CNN's ""Crossfire"""
Context: press conference,0.0006985067331563552,context__Context_press conference
Context: a convention speech,0.0006985067331563552,context__Context_a convention speech
Context: a fundraising letter,0.0006999646835006651,context__Context_a fundraising letter
sexual,0.0007000491073002177,text__sexual
Subject: market-regulation,0.0007001886425935907,subject__market-regulation
facebook,0.0007003884502171284,text__facebook
Context: a campaign mailer,0.000701311621393237,context__Context_a campaign mailer
ted strickland,0.0007013363972892059,text__ted strickland
scientific,0.0007017757006758975,text__scientif
raise minimum,0.0007022949191136436,text__rais minimum
manufacturing jobs,0.0007034479854379581,text__manufactur job
miles,0.0007036959796745471,text__mile
first time,0.0007062302071754749,text__first time
pence,0.0007088547004069744,text__penc
says americans,0.0007100875063536342,text__say american
sector jobs,0.0007148479444405209,text__sector job
new law,0.0007156773904681158,text__new law
card,0.0007172162228534282,text__card
people come,0.0007172306507513315,text__peopl come
decision,0.0007194938060799904,text__decis
oklahoma,0.0007206077361994498,text__oklahoma
wage,0.0007226867746393386,text__wage
passed obamacare,0.0007245004227598151,text__pass obamacar
twitter,0.0007245174041292368,text__twitter
strip,0.000725026734037221,text__strip
teachers contracts,0.0007293032103227408,text__teacher contract
last week,0.0007299819902147424,text__last week
frankly,0.0007300474081335118,text__frankli
State: Kentucky,0.0007303429252587679,state__State_Kentucky
"Context: an interview on ""Fox News Sunday""",0.0007308401400041677,"context__Context_an interview on ""Fox News Sunday"""
opposition,0.0007314271151583838,text__opposit
experience,0.0007326701778420909,text__experi
texas every,0.0007370836907271749,text__texa everi
added trillion,0.0007375823139751663,text__ad trillion
became,0.0007398684759398101,text__becam
light camera,0.0007424129813094558,text__light camera
explore,0.0007424611290084707,text__explor
school graduation,0.0007441455705485185,text__school graduat
Party: independent,0.000744235671208169,party__Party_independent
rubio voted,0.0007443781654206991,text__rubio vote
convicted,0.0007447667280335161,text__convict
conclusion,0.0007459719684013048,text__conclus
press conference,0.000749586091185722,text__press confer
federal deficit,0.0007518279688238372,text__feder deficit
Subject: voting-record,0.0007540283183242199,subject__voting-record
created million,0.0007546419251380222,text__creat million
get social,0.0007566266362252275,text__get social
adults,0.0007576302635387532,text__adult
david,0.0007607445821557348,text__david
says donald,0.000762124418873013,text__say donald
properly,0.0007647466230160606,text__properli
opposed,0.0007649580821245238,text__oppos
ohio,0.000765026131491821,text__ohio
Speaker's job title: former senator,0.0007703076630740547,job__Speaker's job title_former senator
get nuclear,0.0007707222878202918,text__get nuclear
prices,0.0007722521020587175,text__price
health coverage,0.0007747771181615682,text__health coverag
Subject: technology,0.000775397739885782,subject__technology
released,0.0007755137874696434,text__releas
sen obama,0.000776157078410614,text__sen obama
hillary,0.0007766221976486802,text__hillari
vaccine,0.0007781335763972408,text__vaccin
cola,0.0007800904748422946,text__cola
committed,0.0007816406836486509,text__commit
delayed,0.0007825336731959179,text__delay
previous,0.0007838809905670515,text__previou
million surplus,0.000785334545412581,text__million surplu
says barack,0.0007864600552800907,text__say barack
secretary,0.0007879115641483323,text__secretari
social security,0.0007896408837842886,text__social secur
weve,0.0007978509946164418,text__weve
supreme court,0.00080455389289952,text__suprem court
supreme,0.0008051897178746623,text__suprem
every day,0.000805805040949672,text__everi day
strongest,0.0008072717667279559,text__strongest
obama suggested,0.0008075157689061701,text__obama suggest
Context: a TV interview,0.0008108371780043318,context__Context_a TV interview
offense,0.0008115395436237331,text__offens
water,0.0008122030569534876,text__water
leave,0.0008138157476462981,text__leav
indicate,0.0008150738563513652,text__indic
security,0.0008158312454136718,text__secur
actually,0.00081654036697654,text__actual
ohioans,0.0008218934691997372,text__ohioan
gap,0.0008222595303747555,text__gap
giant,0.000823503108450817,text__giant
romney wants,0.0008238793568520143,text__romney want
th country,0.0008256951610803264,text__th countri
care premiums,0.0008272366318627857,text__care premium
ever,0.0008288281304068211,text__ever
non partisan,0.0008290935037910305,text__non partisan
second,0.0008298092722071005,text__second
study exotic,0.000830215783468843,text__studi exot
Subject: small-business,0.0008379331432065679,subject__small-business
white,0.0008380479157759753,text__white
Subject: families,0.0008440662351462877,subject__families
social,0.0008499087741160867,text__social
Subject: energy,0.0008543293442857178,subject__energy
million could,0.0008549823136620466,text__million could
Context: an e-mail,0.0008550179105910889,context__Context_an e-mail
taxpayers expensive,0.0008559900437177199,text__taxpay expens
Context: a Twitter post.,0.0008568892867965688,context__Context_a Twitter post.
Context: a television ad.,0.0008568892867965688,context__Context_a television ad.
coast,0.000858320353665844,text__coast
drain,0.0008597640736666466,text__drain
national health,0.0008628231256473296,text__nation health
signed,0.0008646535874774612,text__sign
Context: a news story,0.0008658812853794603,context__Context_a news story
"Context: an interview on ""This Week.""",0.0008658812853794603,"context__Context_an interview on ""This Week."""
outlined,0.000869993120776414,text__outlin
"State: Washington, D.C.",0.0008732931266171607,"state__State_Washington, D.C."
hikes,0.0008763007593471934,text__hike
light,0.000876859526413249,text__light
million new,0.0008769145514066423,text__million new
tech,0.0008820253884712662,text__tech
benghazi,0.0008821869536804686,text__benghazi
"Speaker's job title: State Senator, 8th District",0.0008859883357769016,"job__Speaker's job title_State Senator, 8th District"
today,0.0008867291456950541,text__today
Subject: redistricting,0.0008909329203821472,subject__redistricting
data,0.0008910661088615068,text__data
sharia,0.0008943605168992447,text__sharia
committee,0.0008954960011949261,text__committe
obamacare exchange,0.0008958497302896286,text__obamacar exchang
twice much,0.0008982589896162694,text__twice much
mother,0.0009003629349159878,text__mother
latino,0.0009009553129922111,text__latino
last months,0.0009068097240656974,text__last month
Speaker's job title: Actor,0.0009074239977983589,job__Speaker's job title_Actor
america jobs,0.0009086680887444394,text__america job
State: South Carolina,0.0009089160182707368,state__State_South Carolina
secede,0.0009103759620901124,text__seced
homicide rate,0.0009119502888268221,text__homicid rate
obtain,0.0009126420904612706,text__obtain
hillary clinton,0.0009132311202487325,text__hillari clinton
last,0.0009141423855111802,text__last
million,0.0009155283450792025,text__million
gas prices,0.0009173632570529579,text__ga price
fear,0.0009183390644801683,text__fear
deer,0.000919405533201228,text__deer
Subject: public-safety,0.0009195349497314638,subject__public-safety
county,0.000920227662690472,text__counti
ralph,0.0009221461291202816,text__ralph
crime,0.0009223106697917299,text__crime
graduation rate,0.0009289616547057715,text__graduat rate
says supreme,0.0009294494679958133,text__say suprem
Subject: social-security,0.0009299209955765037,subject__social-security
Speaker's job title: Mayor of Portland,0.0009383468540078345,job__Speaker's job title_Mayor of Portland
gov rick,0.0009386954378749809,text__gov rick
african,0.0009392265670830016,text__african
michigan,0.0009494297972693702,text__michigan
york mayor,0.0009531653058626833,text__york mayor
endorsed,0.000957940385354667,text__endors
state high,0.0009599036315171702,text__state high
percent money,0.0009616128228119637,text__percent money
rooted,0.0009633456044386163,text__root
binge,0.0009644095712867179,text__bing
certificate,0.0009671180096925689,text__certif
met,0.0009735319167736782,text__met
barack obama,0.0009746299296749232,text__barack obama
texas children,0.0009796594885569565,text__texa children
term,0.000982036297879529,text__term
barack,0.0009842615223644169,text__barack
million study,0.0009850327845491564,text__million studi
gov,0.0009851654526286122,text__gov
Speaker's job title: U.S. House of Representatives,0.0009854578333635474,job__Speaker's job title_U.S. House of Representatives
instead,0.0009860704679788097,text__instead
solyndra,0.0009870023099007377,text__solyndra
Speaker's job title: Minority leader in the Ohio House of Representatives,0.0009887393930816245,job__Speaker's job title_Minority leader in the Ohio House of Representatives
Context: a statement posted to his website,0.0009887393930816245,context__Context_a statement posted to his website
Context: a congressional hearing,0.0009887393930816245,context__Context_a congressional hearing
population growth,0.0009909476554141054,text__popul growth
got percent,0.000992119555891476,text__got percent
says drug,0.000995078005914763,text__say drug
ranks th,0.000997890360210529,text__rank th
including president,0.0010078077879667354,text__includ presid
"Context: comments on ABC's ""This Week""",0.001018785955194848,"context__Context_comments on ABC's ""This Week"""
one every,0.0010240818676951011,text__one everi
Subject: marijuana,0.0010276007231865053,subject__marijuana
exempt,0.0010277862944876042,text__exempt
pollution,0.0010283509960812558,text__pollut
society,0.0010312432968323088,text__societi
stupid,0.0010331063165878163,text__stupid
statistics,0.0010335871670584683,text__statist
"Context: an interview on ABC's ""This Week with Christiane Amanpour""",0.0010358737535406796,"context__Context_an interview on ABC's ""This Week with Christiane Amanpour"""
Subject: congress,0.0010361757038995965,subject__congress
ballot,0.0010385731592423416,text__ballot
afghanistan,0.0010405353141731371,text__afghanistan
federal loan,0.0010408142772886377,text__feder loan
workers,0.0010411750304829643,text__worker
Subject: diversity,0.0010411983073808427,subject__diversity
corporate,0.0010413422201435661,text__corpor
special need,0.0010477721014753578,text__special need
state use,0.0010486722841130034,text__state use
youve,0.001049147819355434,text__youv
Subject: stimulus,0.0010491659679380178,subject__stimulus
tax hikes,0.0010505511463505105,text__tax hike
sexual assault,0.0010535181745513972,text__sexual assault
tax sales,0.0010548140280289013,text__tax sale
Speaker's job title: Political commentator,0.001055243215984339,job__Speaker's job title_Political commentator
news,0.0010570746509821086,text__news
Context: an opinion column.,0.001063455307406303,context__Context_an opinion column.
obama,0.001063665764067666,text__obama
salem,0.0010648845941977469,text__salem
democrats legislature,0.0010651030457742292,text__democrat legislatur
texas school,0.001067586371789282,text__texa school
Context: a campaign mailer.,0.0010680212887950232,context__Context_a campaign mailer.
Context: television attack ad,0.0010680212887950232,context__Context_television attack ad
tour,0.001071964072995721,text__tour
african americans,0.0010745309058064357,text__african american
court decision,0.0010746264200385256,text__court decis
remember,0.0010748934560811574,text__rememb
tied,0.0010761869930663315,text__tie
gay,0.0010799521105370098,text__gay
product,0.001080343354010865,text__product
tax dividend,0.0010846208672454947,text__tax dividend
commissioner,0.0010907020542745168,text__commission
paris,0.0010973103778126876,text__pari
Context: an opinion piece,0.001101684021053743,context__Context_an opinion piece
State: Washington,0.001101684021053743,state__State_Washington
Context: a website post.,0.001101684021053743,context__Context_a website post.
mccain,0.0011017160889568505,text__mccain
president health,0.0011049387165249233,text__presid health
tax rate,0.0011061017535337475,text__tax rate
says hillary,0.0011070920328473692,text__say hillari
degree,0.0011073287357275484,text__degre
state funding,0.0011079562503008233,text__state fund
time,0.0011128455294181615,text__time
year,0.001124552008119932,text__year
Speaker's job title: Lawyer,0.001129737050142317,job__Speaker's job title_Lawyer
Speaker's job title: venture capital company founder,0.0011439074677725663,job__Speaker's job title_venture capital company founder
island one,0.001144481269561363,text__island one
david cicilline,0.0011497363339799491,text__david cicillin
Speaker's job title: U.S. Representative,0.0011526807744570882,job__Speaker's job title_U.S. Representative
Context: a news conference,0.0011539397787023137,context__Context_a news conference
says apple,0.001154820452610333,text__say appl
farm,0.0011582165520777456,text__farm
attacks benghazi,0.001160420037100689,text__attack benghazi
governor america,0.0011620712693521356,text__governor america
high school,0.0011646625132780042,text__high school
hall,0.0011687755036178067,text__hall
"Context: a debate in Nashville, Tenn.",0.0011711242103684732,"context__Context_a debate in Nashville, Tenn."
Speaker's job title: Governor of Louisiana,0.0011711242103684732,job__Speaker's job title_Governor of Louisiana
loophole,0.0011736271586586119,text__loophol
common,0.001174080740977202,text__common
speech,0.0011841055087140988,text__speech
state,0.001186536043207311,text__state
State: Florida,0.0011885864790394292,state__State_Florida
de,0.0011929160637656603,text__de
turnout,0.0011996804498988342,text__turnout
Subject: privacy,0.0012035171071031196,subject__privacy
margin,0.0012053682901430652,text__margin
law put,0.0012085149193237367,text__law put
wind power,0.0012095468256038632,text__wind power
would end,0.0012127540416725902,text__would end
bottle,0.001216771535881728,text__bottl
Speaker's job title: New York Times columnist,0.0012188268822362794,job__Speaker's job title_New York Times columnist
trade plan,0.0012197817597136965,text__trade plan
drug test,0.0012242791201795243,text__drug test
everyone,0.0012280946423768706,text__everyon
wants abolish,0.0012466228827758973,text__want abolish
homicide percent,0.0012468692096573848,text__homicid percent
gay marriage,0.0012541940098598355,text__gay marriag
going pay,0.0012553176169401055,text__go pay
warren,0.0012554316939529875,text__warren
theres money,0.0012581091343464856,text__there money
recall election,0.0012609279971665562,text__recal elect
bureaucrats,0.001261488450391951,text__bureaucrat
Context: a floor speech.,0.001263481004114944,context__Context_a floor speech.
federal budget,0.0012667810443370128,text__feder budget
new health,0.001270588289051615,text__new health
teachers work,0.001274769252868516,text__teacher work
Speaker's job title: Maryland governor,0.001275528002798693,job__Speaker's job title_Maryland governor
percent percent,0.0012759482834223221,text__percent percent
type,0.0012903324889779698,text__type
Subject: israel,0.0012906929830145374,subject__israel
court,0.0013086804302121448,text__court
employees pay,0.0013272997888527061,text__employe pay
Context: a mailer,0.0013273846808665286,context__Context_a mailer
toxic,0.0013274859900975022,text__toxic
rob,0.0013281314912322768,text__rob
landslide,0.0013359982433930962,text__landslid
obamacare,0.001349062422469882,text__obamacar
alabama,0.0013500472992456398,text__alabama
obama admitted,0.001350314222461396,text__obama admit
shootings,0.0013506784693063656,text__shoot
wants us,0.0013514514689421725,text__want us
easier,0.0013565807247042701,text__easier
State: Delaware,0.0013622415628651182,state__State_Delaware
obama raise,0.0013646508847309185,text__obama rais
net,0.0013685459794904819,text__net
free,0.0013692634613893051,text__free
State: Arkansas,0.0013703376895923235,state__State_Arkansas
Context: a meeting,0.0013970134663127075,context__Context_a meeting
Context: a campaign website,0.0013970134663127075,context__Context_a campaign website
Speaker's job title: writer,0.0013970134663127104,job__Speaker's job title_writer
Context: a town hall meeting,0.0013970134663127104,context__Context_a town hall meeting
Subject: drugs,0.0014083663061431394,subject__drugs
says wisconsin,0.0014116944866846815,text__say wisconsin
live,0.001412289096602145,text__live
found,0.00141255385306918,text__found
christian,0.0014173770828334255,text__christian
richest,0.0014221853208655386,text__richest
wants,0.0014382317757903988,text__want
higher tax,0.001447995499628933,text__higher tax
wisconsin gov,0.0014610124438579385,text__wisconsin gov
Subject: gas-prices,0.0014825645763794626,subject__gas-prices
law passed,0.00148390736638171,text__law pass
thanksgiving,0.001492160012046769,text__thanksgiv
Subject: infrastructure,0.0015004584119057487,subject__infrastructure
State: District of Columbia,0.0015019903046308873,state__State_District of Columbia
ammunition,0.0015058008118102291,text__ammunit
usually,0.0015078676247179846,text__usual
web,0.0015150545779529347,text__web
invaded,0.001516255081948386,text__invad
half,0.001520013733015229,text__half
Subject: pensions,0.0015213653242015005,subject__pensions
statewide,0.0015232010957102731,text__statewid
dave,0.0015424795496005715,text__dave
helicopter,0.0015428325848911289,text__helicopt
gaza,0.0015440840967533827,text__gaza
nuclear weapons,0.001544586031899384,text__nuclear weapon
highest,0.0015473218032572528,text__highest
world number,0.0015650484471392732,text__world number
debt,0.0015699575021816165,text__debt
ted,0.00157577413003085,text__ted
replace,0.001579077571243977,text__replac
Subject: civil-rights,0.0015908158308066721,subject__civil-rights
estate,0.0016114035753897684,text__estat
everybody,0.0016123853149514118,text__everybodi
iranian,0.0016164184329404043,text__iranian
criminal,0.0016184879167139064,text__crimin
less two,0.0016225433692520525,text__less two
sex education,0.001625547561001908,text__sex educ
ebola,0.001647414986285312,text__ebola
"Context: comments on ""Meet the Press""",0.0016668686225768995,"context__Context_comments on ""Meet the Press"""
cicilline,0.0016684364946464385,text__cicillin
cnn,0.0016738701642210405,text__cnn
president barack,0.0016811734068920498,text__presid barack
michelle,0.0016822325327883686,text__michel
federal spending,0.0016927245390188782,text__feder spend
Subject: debt,0.0016930690756674454,subject__debt
appointees,0.0017060843162386627,text__appointe
every one,0.0017143565215440996,text__everi one
"Speaker's job title: Co-host on CNN's ""Crossfire""",0.0017218206425603131,"job__Speaker's job title_Co-host on CNN's ""Crossfire"""
poverty,0.0017234726252548889,text__poverti
Context: a speech at the Democratic National Convention in Philadelphia,0.0017239865943483518,context__Context_a speech at the Democratic National Convention in Philadelphia
Context: remarks on the Senate floor,0.0017239865943483518,context__Context_remarks on the Senate floor
"Speaker's job title: Mayor, St. Petersburg",0.0017239865943483518,"job__Speaker's job title_Mayor, St. Petersburg"
Speaker's job title: former president,0.0017305716252191134,job__Speaker's job title_former president
hill,0.0017305821372664207,text__hill
obama promised,0.0017491490850478643,text__obama promis
Subject: deficit,0.001762948210330308,subject__deficit
Context: a campaign video,0.0017746249394287907,context__Context_a campaign video
th,0.00177706712799332,text__th
waterboarding,0.0017871921572521802,text__waterboard
stimulus bill,0.0018196975976025567,text__stimulu bill
Speaker's job title: House Majority Leader,0.0018346462540019758,job__Speaker's job title_House Majority Leader
graduation,0.0018349878778429801,text__graduat
billion medicare,0.0018370040000683975,text__billion medicar
take health,0.0018383889148809844,text__take health
Subject: bankruptcy,0.0018397068951418077,subject__bankruptcy
Speaker's job title: Physician,0.0018558367006334074,job__Speaker's job title_Physician
Context: a speech,0.0018622057975315866,context__Context_a speech
panther,0.0018714266418110338,text__panther
destroy,0.0018768923988150667,text__destroy
birth certificate,0.0018955470467681339,text__birth certif
many people,0.001902868317778714,text__mani peopl
cost economy,0.001942398875437379,text__cost economi
state million,0.0019464277892530003,text__state million
Context: an article,0.0019471003766832612,context__Context_an article
Context: a radio interview.,0.0019526748295904377,context__Context_a radio interview.
Party: libertarian,0.001955577206580025,party__Party_libertarian
Context: a post on Medium,0.001968781328605526,context__Context_a post on Medium
State: Connecticut,0.001970870475352041,state__State_Connecticut
received free,0.0019751832169670387,text__receiv free
"Context: a speech at the Democratic National Convention in Charlotte, N.C.",0.001977478786163249,"context__Context_a speech at the Democratic National Convention in Charlotte, N.C."
government take,0.0019963853598398778,text__govern take
Subject: workers,0.0020086037559836,subject__workers
Context: a letter,0.0020117960499934063,context__Context_a letter
Context: a newspaper column,0.0020117960499934063,context__Context_a newspaper column
State: Tennessee,0.0020146176672731367,state__State_Tennessee
families farm,0.0020164910649342915,text__famili farm
induced,0.0020191192504905517,text__induc
says billion,0.0020324415405639125,text__say billion
international,0.002043845571741353,text__intern
estate tax,0.0020531927995429636,text__estat tax
Context: a Facebook post,0.00206654667767947,context__Context_a Facebook post
Context: an online video,0.002067568339618947,context__Context_an online video
Speaker's job title: Candidate for U.S. Senate and physician,0.002078910053873257,job__Speaker's job title_Candidate for U.S. Senate and physician
"Context: an interview on ""Face the Nation""",0.0020955201994690654,"context__Context_an interview on ""Face the Nation"""
enrollee,0.0021696796315951506,text__enrolle
Context: a Fox News interview,0.002172255064393384,context__Context_a Fox News interview
money use,0.002193621046944943,text__money use
Subject: state-finances,0.0021939793858108732,subject__state-finances
health,0.002221654720174746,text__health
president,0.0022270526917467846,text__presid
required pay,0.0022366314086671607,text__requir pay
executive order,0.0022418693496014806,text__execut order
could cost,0.0022598045767619956,text__could cost
"Speaker's job title: State Assembly member, 78th District",0.0022685599944959043,"job__Speaker's job title_State Assembly member, 78th District"
national debt,0.002273365936181316,text__nation debt
medicare cut,0.0023034093176455073,text__medicar cut
Speaker's job title: Businessman,0.0023064081384144555,job__Speaker's job title_Businessman
cost jobs,0.002321708004805659,text__cost job
"Context: a debate in Hempstead, N.Y.",0.00232459343019954,"context__Context_a debate in Hempstead, N.Y."
Context: a campaign event,0.00232459343019954,context__Context_a campaign event
federal bureaucrats,0.002383349070622764,text__feder bureaucrat
longest,0.002390775260877331,text__longest
threat,0.0024136696681401827,text__threat
Subject: crime,0.002414922579869939,subject__crime
Context: a speech at the Republican National Convention in Tampa,0.0024478219551009477,context__Context_a speech at the Republican National Convention in Tampa
vet people,0.0024643986767811372,text__vet peopl
cabinet,0.002518179422908582,text__cabinet
dishonest,0.0025319398819533064,text__dishonest
says president,0.002533394491387785,text__say presid
black panther,0.0025467843689517596,text__black panther
Context: a CNN interview,0.002551056005597386,context__Context_a CNN interview
government run,0.0025567808152137284,text__govern run
Context: an opinion article,0.0025765152845135314,context__Context_an opinion article
hpv,0.0025914238056062694,text__hpv
illinois democrats,0.0025947243659496604,text__illinoi democrat
spending,0.00259669091522207,text__spend
Context: a campaign email,0.0026008219609241867,context__Context_a campaign email
along,0.0026020633846691983,text__along
rate,0.0026101648382997134,text__rate
care law,0.0026324232255905276,text__care law
teach,0.0026387916788315957,text__teach
says cant,0.002683200711574017,text__say cant
says michelle,0.002686560210181648,text__say michel
system pay,0.0027256109976412303,text__system pay
isis,0.002726465505731904,text__isi
doctors,0.0027409527892030146,text__doctor
Context: the CNN debate,0.0027503824719010772,context__Context_the CNN debate
georgia,0.002762999261521101,text__georgia
lie,0.002784035355869804,text__lie
responsible,0.0027954766451176055,text__respons
Context: a Providence Journal commentary,0.0028026198502868775,context__Context_a Providence Journal commentary
opioid,0.0028101350050295775,text__opioid
sudden,0.0028428610037343205,text__sudden
obamacare cost,0.002881677644127391,text__obamacar cost
elizabeth,0.0029343520116299512,text__elizabeth
vegan,0.002953020121064485,text__vegan
Subject: climate-change,0.0029539125198652185,subject__climate-change
recent obama,0.0030440551979117147,text__recent obama
Context: a speech.,0.003060219013951597,context__Context_a speech.
decided,0.0030603483255130484,text__decid
State: New Mexico,0.003071598671719986,state__State_New Mexico
Subject: corporations,0.003078989795374932,subject__corporations
google,0.003114236365964668,text__googl
State: Illinois,0.0031210879691837222,state__State_Illinois
abolish,0.003165047126926323,text__abolish
Context: in a press release,0.003200780890779801,context__Context_in a press release
victory,0.0032532452104635664,text__victori
Subject: federal-budget,0.0032827829505106846,subject__federal-budget
lost health,0.003302201225026158,text__lost health
care,0.003309425990016794,text__care
government going,0.0033388780741992912,text__govern go
Subject: county-government,0.0034016214313576437,subject__county-government
Party: none,0.003422045942537449,party__Party_none
Subject: ebola,0.0034291296452507443,subject__ebola
story,0.0034430475239348476,text__stori
Context: his campaign website,0.0034479731886967037,context__Context_his campaign website
Context: a Medium post,0.0034479731886967037,context__Context_a Medium post
obama wants,0.003467467422719241,text__obama want
Subject: housing,0.0034753134147407646,subject__housing
health care,0.0035309620786274556,text__health care
worth,0.0035970731744403694,text__worth
Subject: afghanistan,0.003664389088700251,subject__afghanistan
"Context: comments on CNN's ""State of the Union""",0.0036796945380189105,"context__Context_comments on CNN's ""State of the Union"""
Context: a radio show,0.003711673401266815,context__Context_a radio show
Subject: criminal-justice,0.003910394817644391,subject__criminal-justice
Subject: religion,0.003965247104966914,subject__religion
Subject: foreign-policy,0.0039913052146560235,subject__foreign-policy
Context: a campaign news release,0.004000092005982106,context__Context_a campaign news release
Speaker's job title: State delegate,0.00400526367541196,job__Speaker's job title_State delegate
united national,0.004021407008525294,text__unit nation
Context: an interview on Fox News,0.0040580380167749225,context__Context_an interview on Fox News
"Speaker's job title: State Senator, 20th District",0.004108599757548894,"job__Speaker's job title_State Senator, 20th District"
Speaker's job title: Candidate for governor,0.004143495014162718,job__Speaker's job title_Candidate for governor
Speaker's job title: political consultant,0.00416321733082628,job__Speaker's job title_political consultant
Speaker's job title: judge,0.004219414942926438,job__Speaker's job title_judge
end medicare,0.004271379774730101,text__end medicar
Context: an interview on CNN,0.004373085841601296,context__Context_an interview on CNN
Subject: nuclear,0.004597216600892785,subject__nuclear
State: New York,0.004648801665499464,state__State_New York
Subject: poverty,0.0047414826944051245,subject__poverty
Subject: cap-and-trade,0.0048478920816502815,subject__cap-and-trade
Context: the State of the Union address,0.004906259384025214,context__Context_the State of the Union address
Context: campaign material,0.005010308090616479,context__Context_campaign material
Speaker's job title: Texas congressman in the U.S. Houst of Representatives,0.005469000446081467,job__Speaker's job title_Texas congressman in the U.S. Houst of Representatives
Subject: abc-news-week,0.005577671926689562,subject__abc-news-week
Party: state-official,0.005644438018788052,party__Party_state-official
"Speaker's job title: Host, Last Week Tonight",0.005906343985816578,"job__Speaker's job title_Host, Last Week Tonight"
"Speaker's job title: Governor of Ohio as of Jan. 10, 2011",0.006244698025965583,"job__Speaker's job title_Governor of Ohio as of Jan. 10, 2011"
"Speaker's job title: Mayor, San Antonio",0.006466064849425647,"job__Speaker's job title_Mayor, San Antonio"
Speaker's job title: Governor of Oregon,0.006610104126322458,job__Speaker's job title_Governor of Oregon
State: Ohio,0.006705515355472936,state__State_Ohio
Subject: terrorism,0.006887460760040561,subject__terrorism
Subject: jobs,0.0068921496247275746,subject__jobs
Party: republican,0.008709636337219813,party__Party_republican
State: unknown,0.008773742128461591,state__State_unknown
Speaker's job title: unknown,0.010296948320302986,job__Speaker's job title_unknown
Speaker's job title: State Senate Minority Leader,0.011699750226678273,job__Speaker's job title_State Senate Minority Leader
Speaker's job title: Developer,0.013057497652786793,job__Speaker's job title_Developer
Party: democrat,0.01586936811948004,party__Party_democrat
Subject: health-care,0.020190084202063197,subject__health-care
Context: a chain email,0.02617896384784554,context__Context_a chain email
Speaker's job title: President-Elect,0.027580338011783275,job__Speaker's job title_President-Elect
